id,section,title,ifc_type,occupancy,design_phase,code_category,primary_responsibility,body
1,,Scope and Administration,BuildingElementProxy,Residential (R),concept|sd|dd|cd|ca,occupancy_classification,architect,"User note:About this chapter: Chapter 1 establishes the limits of applicability of this code and describes how the code is to be applied and enforced. Chapter 1 is in two parts: Part 1—Scope and Application (Sections R101—R102) and Part 2—Administration and Enforcement (Sections R103—R114). Section R101 identifies which buildings and structures come under its purview and references other I-Codes as applicable. Standards and codes are scoped to the extent referenced (see Section R102.4).The one- and two-family dwelling code is intended to be adopted as a legally enforceable document, and it cannot be effective without adequate provisions for its administration and enforcement. The provisions of Chapter 1 establish the authority and duties of the building official appointed by the authority having jurisdiction and also establish the rights and privileges of the design professional, contractor and property owner."
R101.1,Chapter 1 Scope and Administration,Title,BuildingElementProxy,Residential (R),concept|sd|dd|cd,occupancy_classification,architect,"The 2021 International Residential Code and this section shall be known as the 2021 International Residential Code portion of the 2022 Connecticut State Building Code, hereinafter referred to as ""the code"" or ""this code."""
R101.2,Chapter 1 Scope and Administration,Scope,Wall|Roof|Slab|Door|Window,Residential (R)|Business (B)|Institutional (I)|Assembly (A),concept|sd|dd|cd,occupancy_classification,architect,"The provisions of this code shall apply to the construction, alteration, movement, enlargement, replacement, repair, equipment, use and occupancy, location, removal and demolition of detached one- and two-family dwellings and townhouses not more than three stories above grade plane in height with a separate means of egress and their accessory structures not more than three stories above grade plane in height. Exceptions: Live/work units in one- and two-family dwellings, that provide professional services and employ a maximum of one employee within the dwelling in addition to the residents of the dwelling unit, shall be permitted to comply with the requirements of the 2021 International Residential Code portion of the 2022 Connecticut State Building Code. A care facility for three or fewer persons receiving custodial care within a dwelling unit shall be permitted to be constructed in accordance with this code. The following shall be permitted to be constructed in accordance with this code where provided with a residential fire sprinkler system complying with Section P2904: Live/work units located in townhouses and complying with the requirements of Section 419 of the 2021 International Building Code portion of the 2022 Connecticut State Building Code. Owner-occupied lodging houses with five or fewer guestrooms. A care facility with three or fewer persons receiving medical care within a dwelling unit."
R101.3,Chapter 1 Scope and Administration,Purpose,Wall|Slab|Stair,Assembly (A)|Business (B)|Residential (R),concept|sd|dd|cd,occupancy_classification,architect,"The purpose of this code is to establish minimum requirements to provide a reasonable level of safety, health and general welfare through affordability, structural strength, means of egress, stability, sanitation, light and ventilation, energy conservation and safety to life and property from fire and other hazards and to provide a reasonable level of safety to fire fighters and emergency responders during emergency operations."
new_101.4.1,Chapter 1 Scope and Administration,Gas,,,,,,"The International Fuel Gas Code is not adopted by the state of Connecticut. Any references to the International Fuel Gas Code within the body of this code shall be considered references to requirements of NFPA 2, Hydrogen Technologies Code, NFPA 54, National Fuel Gas Code and NFPA 58, Liquefied Petroleum Gas Code."
new_R101.4.2,Chapter 1 Scope and Administration,Private Sewage Disposal,,,,,,"The International Private Sewage Disposal Code is not adopted by the state of Connecticut. Private sewage disposal systems shall be designed and installed in accordance with the Public Health Code adopted under authority of section 19a-36 of the Connecticut General Statutes. Any reference to the International Private Sewage Disposal Code within the body of this code shall be deemed a reference to the regulations adopted pursuant to section 19a-36 of the Connecticut General Statutes, known as the Public Health Code."
new_R101.4.3,Chapter 1 Scope and Administration,Property Maintenance,,,,,,"The International Property Maintenance Code is not adopted by the state of Connecticut. Property maintenance shall be in accordance with the requirements of this code or the requirements of local property maintenance codes when such codes are adopted by the town, city or borough. References to the International Property Maintenance Code found within the body of the model document shall be considered null and void."
new_R101.4.4,Chapter 1 Scope and Administration,Connecticut State Fire Safety Code,,,,,,References to the International Fire Code within the body of the model document shall be considered to be references to the 2022 Connecticut State Fire Safety Code.
new_R101.4.5,Chapter 1 Scope and Administration,Applicable Electrical Code,,,,,,The applicable electrical code for buildings constructed under this code is the 2020 NFPA 70 National Electrical Code portion of the 2022 Connecticut State Building Code.
new_R101.4.6,Chapter 1 Scope and Administration,Demolition of Structures,,,,,,The demolition of structures shall be conducted in accordance with the State Demolition Code as found in chapter 541 of the Connecticut General Statutes.
R102.1,Chapter 1 Scope and Administration,General,BuildingElementProxy,Assembly (A)|Business (B)|Educational (E)|Factory and Industrial (F)|Residential (R),sd|dd|cd,occupancy_classification,architect,"Where there is a conflict between a general requirement and a specific requirement, the specific requirement shall be applicable. Where, in any specific case, different sections of this code specify different materials, methods of construction or other requirements, the most restrictive shall govern."
R102.2,Chapter 1 Scope and Administration,Other Laws,BuildingElementProxy,Assembly (A)|Business (B)|Educational (E)|Factory and Industrial (F)|Residential (R),concept|sd|dd|cd,occupancy_classification,architect,"The provisions of this code shall not be deemed to nullify any provisions of local, state or federal law."
R102.3,Chapter 1 Scope and Administration,Application of References,BuildingElementProxy,Assembly (A)|Business (B)|Educational (E)|Factory and Industrial (F)|Residential (R),concept|sd|dd|cd|ca,occupancy_classification,architect,"References to chapter or section numbers, or to provisions not specifically identified by number, shall be construed to refer to such chapter, section or provision of this code."
R102.4,Chapter 1 Scope and Administration,Referenced Codes and Standards,BuildingElementProxy,Assembly (A)|Business (B)|Educational (E)|Factory and Industrial (F)|Residential (R),cd|ca,special_construction,architect,"The codes and standards referenced in this code shall be considered part of the requirements of this code to the prescribed extent of each such reference and as further regulated in Sections R102.4.1 and R102.4.2. Any reference to the ICC codes shall mean the 2022 Connecticut State Building Code adopted pursuant to section 29-252 of the Connecticut General Statutes. Exception: Where enforcement of a code provision would violate the conditions of the listing of the equipment or appliance, the conditions of the listing and manufacturer's instructions shall apply."
R102.4.1,Chapter 1 Scope and Administration,Conflicts,BuildingElementProxy,Assembly (A)|Business (B)|Educational (E)|Factory and Industrial (F)|Residential (R),cd,occupancy_classification,architect,"Where conflicts occur between provisions of this code and referenced codes and standards, the provisions of this code shall apply."
R102.4.2,Chapter 1 Scope and Administration,Provisions in Referenced Codes and Standards,BuildingElementProxy,Assembly (A)|Business (B)|Educational (E)|Factory and Industrial (F)|Residential (R),cd,occupancy_classification,architect,"Where the extent of the reference to a referenced code or standard includes subject matter that is within the scope of this code, the provisions of this code, as applicable, shall take precedence over the provisions in the referenced code or standard."
R102.5,Chapter 1 Scope and Administration,Appendices,,,,,,The following appendices of the 2021 International Residential Code are hereby specifically adopted and included in this code: AE; AF; AG; AH; AK; AO; AP; AQ; and AY.
R102.6,Chapter 1 Scope and Administration,Partial Invalidity,,,,,,"In the event any part or provision of this code is held to be illegal or void, this shall not have the effect of making void or illegal any of the other parts or provisions."
R102.7,Chapter 1 Scope and Administration,Existing Structures,,,,,,"The legal occupancy of any building or structure existing on the date of adoption of this code shall be permitted to continue without change, except as specifically covered in this code."
R102.7.1,Chapter 1 Scope and Administration,"Additions, Alterations or Repairs",,,,,,"Additions, alterations or repairs to any structure shall conform to the requirements for a new structure without requiring the existing structure to comply with the requirements of this code, unless otherwise stated. Additions, alterations, repairs and relocations shall not cause an existing structure to become less compliant with the provisions of this code than the existing building or structure was prior to the addition, alteration or repair. An existing building together with its additions shall comply with the height limits of this code. Where the alteration causes the use or occupancy to be changed to one not within the scope of this code, the provisions of the International Existing Building Code shall apply."
R103.1,Chapter 1 Scope and Administration,Creation of Enforcement Agency,,,,,,"Each town, city and borough shall create an agency whose function is to enforce the provisions of this code. The official in charge thereof shall be known as the building official."
R103.2,Chapter 1 Scope and Administration,Appointment,BuildingElementProxy,Assembly (A)|Business (B)|Educational (E)|Factory and Industrial (F)|High Hazard (H),concept,occupancy_classification,owner,"Pursuant to section 29-260 of the Connecticut General Statutes, the chief executive officer of any town, city or borough shall appoint an officer to administer this code, and this officer shall be known as the ""building official"" and referred to in this code as the building official, local building official or code official."
R103.3,Chapter 1 Scope and Administration,DeputiesEmployees,,,,,,"In accordance with the prescribed procedures and regulations of the town, city or borough, and with the concurrence of the appointing authority, the building official shall have the authority to appoint an assistant building official, related technical officers, inspectors, plan examiners and other employees. Such employees shall have the powers as regulated by the town, city or borough, and by the state of Connecticut."
new_R103.4,Chapter 1 Scope and Administration,Restriction of Employees,,,,,,"An official or employee connected with the agency created to enforce the provisions of this code pursuant to Section R103.1, except one whose only connection with it is that of a member of the board of appeals established under the provisions of Section R112, shall not be engaged in, or directly or indirectly connected with, the furnishing of labor, materials or appliances for the construction, addition, alteration, repair or maintenance of a building located in the town, city or borough in which such official or employee is employed, or the preparation of construction documents therefor, unless that person is the owner of the building. Such officer or employee shall not engage in any work that conflicts with official duties or with the interests of the agency."
R104.1,Chapter 1 Scope and Administration,General,BuildingElementProxy,Assembly (A)|Business (B)|Educational (E)|Factory and Industrial (F)|Residential (R),cd|ca,occupancy_classification,owner,"The building official is hereby authorized and directed to enforce the provisions of this code. The building official shall have the authority to adopt policies and procedures in order to clarify the application of its provisions. Such policies and procedures shall be in compliance with the intent and purpose of this code. Such policies and procedures shall not have the effect of waiving requirements specifically provided for in this code, nor shall they have the effect of establishing requirements in excess of those set forth in this code."
new_R104.1.1,Chapter 1 Scope and Administration,Rule-Making Authority,,,,,,"Pursuant to subsection (a) of section 29-252 of the Connecticut General Statutes, the State Building Inspector and the Codes and Standards Committee shall, jointly, with the approval of the Commissioner of Administrative Services, adopt and administer the Connecticut State Building Code for the purpose of regulating the design, construction and use of buildings or structures to be erected and the alteration of buildings or structures already erected and make such amendments thereto as they, from time to time, deem necessary or desirable."
R104.2,Chapter 1 Scope and Administration,Applications and Permits,,,,,,"The building official shall receive applications, review construction documents and issue permits for the erection and alteration of buildings and structures, inspect the premises for which such permits have been issued and enforce compliance with the provisions of this code."
R104.3,Chapter 1 Scope and Administration,Notices and Orders,,,,,,The building official shall issue necessary notices or orders to ensure compliance with this code.
R104.4,Chapter 1 Scope and Administration,Inspections,,,,,,"The building official shall make the required inspections, or the building official shall have the authority to accept reports of inspection by approved agencies or individuals. Reports of such inspections shall be in writing and be certified by a responsible officer of such approved agency or by the responsible individual. The building official is authorized to engage such expert opinion as deemed necessary to report on unusual technical issues that arise, subject to the approval of the appointing authority."
R104.5,Chapter 1 Scope and Administration,Identification,BuildingElementProxy,Assembly (A)|Business (B)|Educational (E)|Factory and Industrial (F)|High Hazard (H),ca,site_planning,owner,The building official shall carry proper identification when inspecting structures or premises in the performance of duties under this code.
R104.6,Chapter 1 Scope and Administration,Right of Entry,,,,,,"Pursuant to subsection (d) of section 29-261 of the Connecticut General Statutes, the building official or his assistant shall have the right of entry to such buildings or structures, except single-family residences, for the proper performance of his duties between the hours of nine a.m. and five p.m., except that in the case of an emergency he shall have the right of entry at any time, if such entry is necessary in the interest of public safety. Pursuant to section 29-393 of the Connecticut General Statutes, on receipt of information from the local fire marshal or from any other authentic source that any building in his jurisdiction, due to lack of exit facilities, fire, deterioration, catastrophe or other cause, is in such condition as to be a hazard to any person or persons, the building official or his assistant shall immediately make inspection."
R104.7,Chapter 1 Scope and Administration,Department Records,,,,,,"The building official shall keep official records of applications received, permits and certificates issued, fees collected, reports of inspections, and notices and orders issued. Such records shall be retained in the official records for the period required for the retention of public records."
R104.8,Chapter 1 Scope and Administration,Liability,BuildingElementProxy,Assembly (A)|Business (B)|Educational (E)|Factory and Industrial (F)|Residential (R),cd,site_planning,owner,"The building official, member of the board of appeals or employee charged with the enforcement of this code, while acting for the jurisdiction in good faith and without malice in the discharge of the duties required by this code or other pertinent law or ordinance, shall not thereby be rendered civilly or criminally liable personally and is hereby relieved from personal liability for any damage accruing to persons or property as a result of any act or by reason of an act or omission in the discharge of official duties."
R104.8.1,Chapter 1 Scope and Administration,Legal Defense,BuildingElementProxy,Assembly (A)|Business (B)|Educational (E)|Factory and Industrial (F)|Residential (R),cd,occupancy_classification,owner,"Any suit or criminal complaint instituted against an officer or employee because of an act performed by that officer or employee in the lawful discharge of duties and under the provisions of this code shall be defended by legal representatives of the jurisdiction until the final termination of the proceedings. The building official or any subordinate shall not be liable for cost in any action, suit or proceeding that is instituted in pursuance of the provisions of this code."
R104.9,Chapter 1 Scope and Administration,Approved Materials and Equipment,BuildingElementProxy,Assembly (A)|Business (B)|Residential (R)|Educational (E)|Mercantile (M),sd|dd|cd,special_construction,architect,"Materials, equipment and devices approved by the building official shall be constructed and installed in accordance with such approval."
R104.9.1,Chapter 1 Scope and Administration,Used Materials and Equipment,,,,,,"Used materials, equipment and devices shall not be reused unless approved by the building official."
R104.10,Chapter 1 Scope and Administration,Modifications,,,,,,"Modifications, variations, or exemptions from and approval of equivalent or alternative compliance with the requirements of this code shall be in accordance with the provisions of Sections 104.10.1 to 104.10.4, inclusive."
R104.10.1,Chapter 1 Scope and Administration,Flood Hazard AreasConnecticut State Building Code,,,,,,"Pursuant to subsection (b) of section 29-254 of the Connecticut General Statutes, the State Building Inspector may grant modifications, variations or exemptions from, or approve equivalent or alternative compliance with, the Connecticut State Building Code where strict compliance with the Connecticut State Building Code would entail practical difficulty or unnecessary hardship, or is otherwise adjudged unwarranted, provided the intent of the law shall be observed and public welfare and safety be assured. Any person aggrieved by any decision of the State Building Inspector may appeal to the Codes and Standards Committee not later than 30 days after mailing of the decision."
new_R104.10.1.1,Chapter 1 Scope and Administration,Action on Application,,,,,,"The application for modification, variation, exemption from or approval of equivalent or alternative compliance with the requirements of the Connecticut State Building Code shall be made on a form supplied by the State Building Inspector, which shall be submitted by the applicant to the building official. Pursuant to subsection (b) of section 29-254 of the Connecticut General Statutes, any such application received by a building official shall be forwarded to the State Building Inspector within 15 business days of receipt by such building official. The application shall include the building official's comments on the merits of the application, and shall be signed by the building official."
new_R104.10.1.2,Chapter 1 Scope and Administration,Records,,,,,,"The application for modification, variation, exemption or approval of equivalent or alternative compliance and the decision of the State Building Inspector shall be in writing and shall be officially recorded with the application for a building permit in the permanent records of the building department."
new_R104.10.2,Chapter 1 Scope and Administration,Accessibility Exemption,,,,,,"Pursuant to subsection (b) of section 29-269 of the Connecticut General Statutes, any variation of or exemption from any provisions relating to accessibility to, use of and egress from, buildings and structures as required in this code shall be permitted only when approved by the State Building Inspector. Any person aggrieved by the decision of the State Building Inspector may appeal to the Codes and Standards Committee within 30 days after such decision has been rendered."
new_R104.10.3,Chapter 1 Scope and Administration,Historic Structures Exemption,,,,,,"Pursuant to section 29-259 of the Connecticut General Statutes, exemptions may be granted to the provisions of this code for historic structures as described in section 10-410 of the Connecticut General Statutes, which have been classified as such in the State Register of Historic Places as long as the provisions of subsection (b) of section 29-259 of the Connecticut General Statutes are adhered to and provided that such exemptions shall not affect the safe design, use or construction of such property. Exemptions shall be granted in accordance with Section R104.10.1 of this code."
new_R104.10.4,Chapter 1 Scope and Administration,Urban Homesteading Property Exemption,,,,,,"Pursuant to section 29-259 of the Connecticut General Statutes, exemptions may be granted to the provisions of this code for property acquired by an urban homesteading agency, pursuant to section 8-169r of the Connecticut General Statutes, and transferred to a qualified applicant pursuant to section 8-169s of the Connecticut General Statutes; provided such exemptions shall not affect the safe design, use or construction of such property. Exemptions shall be granted in accordance with Section R104.10.1 of this code."
R104.11,Chapter 1 Scope and Administration,"Alternative Materials, Design and Methods of Construction and Equipment",,,,,,"The provisions of this code are not intended to prevent the installation of any material or to prohibit any design or method of construction not specifically prescribed by this code. The building official shall have the authority to approve an alternative material, design or method of construction upon application of the owner or the owner's authorized agent. The building official shall first find that the proposed design is satisfactory and complies with the intent of the provisions of this code, and that the material, method or work offered is, for the purpose intended, not less than the equivalent of that prescribed in this code in quality, strength, effectiveness, fire resistance, durability and safety. Compliance with the specific performance-based provisions of the International Codes shall be an alternative to the specific requirements of this code. Where the alternative material, design or method of construction is not approved, the building official shall respond in writing, stating the reasons why the alternative was not approved."
R104.11.1,Chapter 1 Scope and Administration,Tests,,,,,,"Where there is insufficient evidence of compliance with the provisions of this code, or evidence that a material or method does not conform to the requirements of this code, or in order to substantiate claims for alternative materials or methods, the building official shall have the authority to require tests as evidence of compliance to be made at no expense to the jurisdiction. Test methods shall be as specified in this code or by other recognized test standards. In the absence of recognized and accepted test methods, the building official shall approve the testing procedures. Tests shall be performed by an approved agency. Reports of such tests shall be retained by the building official for the period required for retention of public records."
new_R104.11.2,Chapter 1 Scope and Administration,Research Reports,,,,,,"Submission to the local building official of a valid research report prepared by an approved evaluation service that supports the efficacy of use of any material, appliance, equipment or method of construction not specifically provided for in this code, or that demonstrates compliance with this code, may be deemed evidence of compliance with this code."
R105.1,Chapter 1 Scope and Administration,Required,BuildingElementProxy,Assembly (A)|Business (B)|Educational (E)|Factory and Industrial (F)|Residential (R),concept|sd|dd|cd,site_planning,owner,"Any owner or owner's authorized agent who intends to construct, enlarge, alter, repair, move, demolish or change the occupancy of a building or structure, or to move a lot line that will affect any existing building or structure, or to erect, install, enlarge, alter, repair, remove, convert or replace any electrical, gas, mechanical or plumbing system, the installation of which is regulated by this code, or to cause any such work to be performed, shall first make application to the building official and obtain the required permit."
new_R105.1.1,Chapter 1 Scope and Administration,By Whom Application Is Made,,,,,,"Pursuant to section 29-263 of the Connecticut General Statutes, application for a permit shall be made by the owner or by an authorized agent. If the authorized agent is a contractor, such contractor shall follow the provisions of section 20-338b of the Connecticut General Statutes. The applicant shall include the full names and addresses of the owner, agent and the responsible officers, if the owner or agent is a corporate body."
new_R105.1.2,Chapter 1 Scope and Administration,Permit Issuance to a Home Improvement Contractor,,,,,,"No permit shall be issued to a contractor who is required to be registered pursuant to chapter 400 of the Connecticut General Statutes, for work to be performed by such contractor, unless the name, business address and Department of Consumer Protection registration number of such contractor is clearly marked on the application for permit, and the contractor has presented such contractor's certificate of registration as a home improvement contractor."
R105.2,Chapter 1 Scope and Administration,Work Exempt From Permit,Wall|Slab|Roof|Window|Door,Assembly (A)|Business (B)|Educational (E)|Residential (R)|Utility and Miscellaneous (U),cd,site_planning,architect,"Exemption from the permit requirements of this code shall not be deemed to grant authorization for any work to be done in any manner in violation of the provisions of this code or any other laws, statutes, regulations or ordinances of the jurisdiction. Permits shall not be required for the following work: Building: Other than storm shelters, one-story detached accessory structures used as tool and storage sheds, playhouses and similar uses, provided the floor area is not greater than 200 square feet (18.58 m2). Fences, other than swimming pool barriers, not over 7 feet (2134 mm) high. Retaining walls that are not higher than 3 feet (914 mm) measured from finished grade at the bottom of the wall to finished grade at the top of the wall, unless supporting a surcharge. Water tanks supported directly upon grade if the capacity does not exceed 5,000 gallons (18 927 L) and the ratio of height to diameter or width does not exceed 2 to 1. Sidewalks, driveways and on-grade concrete or masonry patios not more than 30 inches (762 mm) above adjacent grade and not over any basement or story below. Painting, papering, tiling, carpeting, cabinets, countertops and similar finish work not involving structural changes or alterations. Prefabricated swimming pools that are equal to or less than 24 inches (610 mm) deep. Swings, nonhabitable tree houses and other playground equipment. Window awnings supported by an exterior wall which do not project more than 54 inches (1372 mm) from the exterior wall and which do not require additional support. Decks and ramps not exceeding 200 square feet (18.58 m2) in area, that are not more than 30 inches (762 mm) above grade at any point, are not attached to a dwelling, do not require guards, and do not serve the exit door required by Section R311.4. Repairs that are limited to 25 percent of roof covering and building siding within one calendar year. Electrical: Listed cord-and-plug connected temporary decorative lighting. Reinstallation of attachment plug receptacles but not the outlets therefor. Replacement of branch circuit overcurrent devices of the required capacity in the same location. Electrical wiring, devices, appliances, apparatus or equipment operating at less than 25 volts and not capable of supplying more than 50 watts of energy. Minor repair work, including the replacement of lamps and fuses or the connection of approved portable electrical equipment to approved permanently installed receptacles. Gas: Portable heating or cooking appliances with a self-contained fuel supply. Replacement of any minor part that does not alter approval of equipment or make such equipment unsafe. Portable-fuel-cell appliances that are not connected to a fixed piping system and are not interconnected to a power grid. Mechanical: Portable heating appliances with a self-contained fuel supply. Portable ventilation appliances. Portable cooling units. Steam, hot- or chilled-water piping contained within any heating or cooling equipment regulated by Chapters 18 to 24, inclusive, of this code. Replacement of any minor part that does not alter approval of equipment or make such equipment unsafe. Portable evaporative coolers. Self-contained refrigeration systems containing 10 pounds (4.54 kg) or less of refrigerant or that are actuated by motors of 1 horsepower (746 W) or less. Portable-fuel-cell appliances that are not connected to a fixed piping system and are not interconnected to a power grid. Plumbing: The stopping of leaks in drains, water, soil, waste or vent pipe; provided if any concealed trap, drainpipe, water, soil, waste or vent pipe becomes defective and it becomes necessary to remove and replace the same with new material, such work shall be considered as new work and a permit shall be obtained and inspection made as provided in Sections R105 and R109 of this code. The clearing of stoppages or the repairing of leaks in pipes, valves or fixtures, and the removal and reinstallation of water closets, provided such repairs do not involve or require the replacement or rearrangement of valves, pipes or fixtures."
R105.2.1,Chapter 1 Scope and Administration,Emergency Repairs,BuildingElementProxy,Assembly (A)|Business (B)|Educational (E)|Factory and Industrial (F)|Residential (R),ca,site_planning,architect,"Where equipment replacements and repairs must be performed in an emergency situation, the permit application shall be submitted within the next working business day to the building official."
R105.2.2,Chapter 1 Scope and Administration,Repairs,Wall|Beam|Slab|Door|Window,Assembly (A)|Business (B)|Educational (E)|Factory and Industrial (F)|Residential (R),cd|ca,special_construction,architect,"Application or notice to the building official is not required for ordinary repairs to structures, replacement of lamps or the connection of approved portable electrical equipment to approved permanently installed receptacles. Such repairs shall not include the cutting away of any wall, partition or portion thereof, the removal or cutting of any structural beam or load-bearing support, or the removal or change of any required means of egress, or rearrangement of parts of a structure affecting the egress requirements; nor shall ordinary repairs include addition to, alteration of, replacement or relocation of any water supply, sewer, drainage, drain leader, gas, soil, waste, vent or similar piping, electric wiring or mechanical or other work affecting public health or general safety."
R105.2.3,Chapter 1 Scope and Administration,Public Service Agencies,BuildingElementProxy|ElectricalSystem,Utility and Miscellaneous (U),sd|dd|cd,electrical_systems,electrical_engineer,"A permit shall not be required for the installation, alteration or repair of generation, transmission, distribution, metering or other related equipment that is under the ownership and control of public service agencies by established right."
R105.3,Chapter 1 Scope and Administration,Application for Permit,BuildingElementProxy,Assembly (A)|Business (B)|Educational (E)|Factory and Industrial (F)|High Hazard (H),sd|dd|cd,site_planning,architect,"To obtain a permit, the applicant shall first file an application therefor in writing on a form furnished by the department of building safety for that purpose. Such application shall:Identify and describe the work to be covered by the permit for which application is made.Describe the land on which the proposed work is to be done by legal description, street address or similar description that will readily identify and definitely locate the proposed building or work.Indicate the use and occupancy for which the proposed work is intended.Be accompanied by construction documents and other information as required in Section R106.1.State the valuation of the proposed work.Be signed by the applicant or the applicant's authorized agent.Give such other data and information as required by the building official."
R105.3.1,Chapter 1 Scope and Administration,Action on Application,BuildingElementProxy,Assembly (A)|Business (B)|Educational (E)|Factory and Industrial (F)|Residential (R),cd,occupancy_classification,architect,"Pursuant to section 29-263 of the Connecticut General Statutes, the building official shall examine or cause to be examined applications for permits and amendments thereto within 30 days after filing and either issue or deny a permit within such 30-day period. If the application or construction documents do not conform to the requirements of this code and applicable laws, the building official shall reject such application in writing, stating the reasons therefore. If the building official is satisfied that the proposed work conforms to the requirements of this code and applicable laws, the building official shall issue a permit as soon as practicable."
R105.3.1.1,Chapter 1 Scope and Administration,Determination of Substantially Improved or Substantially Damaged Existing Buildings in Flood Hazard Areas,,,,,,"For applications for reconstruction, rehabilitation, addition, alteration, repair or other improvement of existing buildings or structures located in a flood hazard area as established by Table R301.2, the building official shall examine or cause to be examined the construction documents and shall make a determination with regard to the value of the proposed work. For buildings that have sustained damage of any origin, the value of the proposed work shall include the cost to repair the building or structure to its predamaged condition. If the building official finds that the value of proposed work equals or exceeds 50 percent of the market value of the building or structure before the damage has occurred or the improvement is started, the proposed work is a substantial improvement or repair of substantial damage and the building official shall require existing portions of the entire building or structure to meet the requirements of Section R322. For the purpose of this determination, a substantial improvement shall mean any repair, reconstruction, rehabilitation, addition or improvement of a building or structure, the cost of which equals or exceeds 50 percent of the market value of the building or structure before the improvement or repair is started. Where the building or structure has sustained substantial damage, repairs necessary to restore the building or structure to its predamaged condition shall be considered substantial improvements regardless of the actual repair work performed. The term shall not include either of the following: Improvements to a building or structure that are required to correct existing health, sanitary or safety code violations identified by the building official and that are the minimum necessary to ensure safe living conditions. Any alteration of a historic building or structure, provided that the alteration will not preclude the continued designation as a historic building or structure. For the purposes of this exclusion, a historic building shall be any of the following: Listed or preliminarily determined to be eligible for listing in the National Register of Historic Places. Determined by the Secretary of the US Department of Interior as contributing to the historical significance of a registered historic district or a district preliminarily determined to qualify as an historic district. Designated as historic under a state or local historic preservation program that is approved by the Department of Interior."
new_R105.3.1.1.1,Chapter 1 Scope and Administration,Wind Design Criteria for Existing Structures,,,,,,"For structures where the proposed work is determined to be a substantial improvement or restoration under Section R105.3.1.1 and having a wind Exposure D, structural elements that are uncovered shall be required to be improved to meet the wind speed design criteria in Section R301.2.1."
new_R105.3.1.2,Chapter 1 Scope and Administration,Zoning Approval,,,,,,"Pursuant to subsection (f) of section 8-3 of the Connecticut General Statutes, no building permit shall be issued, in whole or in part, for a building, use or structure subject to the zoning regulations of a municipality without certification in writing by the official charged with the enforcement of such regulations that such building, use or structure is in conformity with such regulations or is a valid nonconforming use under such regulations."
new_R105.3.1.3,Chapter 1 Scope and Administration,Historic Certificate of Appropriateness,,,,,,"Pursuant to subsection (b) of section 7-147s of the Connecticut General Statutes, no building permit for erection of a building or structure or for alteration of an exterior architectural feature within the boundaries of an historic property and no demolition permit for demolition or removal of a building or structure within the boundaries of an historic property shall be issued by a municipality or any department, agency or official thereof until a certificate of appropriateness has been issued."
new_R105.3.1.4,Chapter 1 Scope and Administration,Notice to Public Water Authority,,,,,,"Pursuant to section 19a-37d of the Connecticut General Statutes, when a permit application is filed with the building official of any municipality concerning any project that includes a change of use or installation of fixtures or facilities in a building that may affect the performance of, or require the installation of, a reduced pressure principle backflow preventer, a double check valve assembly or a pressure vacuum breaker, the building official shall provide written notice of the application to the water company serving the building not later than 7 days after the date the application is filed. Upon receipt of such written notice, the water company shall cause to be performed an evaluation of cross-connection protection by a person who has met the requirements prescribed in the Regulations of Connecticut State Agencies and such water company shall notify the building official regarding its determination. The building official shall not issue a permit or certificate of occupancy until any cross-connection issue has been corrected."
R105.3.2,Chapter 1 Scope and Administration,Time Limitation of Application,BuildingElementProxy,Assembly (A)|Business (B)|Educational (E)|Factory and Industrial (F)|Residential (R),concept|sd|dd,site_planning,architect,An application for a permit for any proposed work shall be deemed to have been abandoned 180 days after the date of filing unless such application has been pursued in good faith or a permit has been issued; except that the building official is authorized to grant one or more extensions of time for additional periods not exceeding 180 days each. The extension shall be requested in writing and justifiable cause demonstrated.
R105.4,Chapter 1 Scope and Administration,Validity of Permit,BuildingElementProxy,Assembly (A)|Business (B)|Educational (E)|Factory and Industrial (F)|Residential (R),sd|dd|cd|ca,occupancy_classification,architect,"The issuance or granting of a permit shall not be construed to be a permit for, or an approval of, any violation of any of the provisions of this code or of any other ordinance of the jurisdiction. Permits presuming to give authority to violate or cancel the provisions of this code or other ordinances of the jurisdiction shall not be valid. The issuance of a permit based on construction documents and other data shall not prevent the building official from requiring the correction of errors in the construction documents and other data. The building official is authorized to prevent occupancy or use of a structure where in violation of this code or of any other ordinances of this jurisdiction."
R105.5,Chapter 1 Scope and Administration,Expiration of Permit,,,,,,"Every permit issued shall become invalid unless the work authorized by such permit is commenced within 180 days after its issuance or after commencement of work if more than 180 days pass between inspections. The building official is authorized to grant, in writing, one or more extensions of time, for periods of not more than 180 days each. The extension shall be requested in writing and justifiable cause shall be demonstrated. Exception: The building official may specify an expiration date of not less than 30 days, nor more than 180 days, for commencement of work under permits issued to abate unsafe conditions pursuant to Section R115 of this code. Work performed under such permits shall be completed as expeditiously as possible."
new_R105.5.1,Chapter 1 Scope and Administration,Nine Year Closure,,,,,,"Pursuant to subsection (c) of section 29-265 of the Connecticut General Statutes, nine years from the date of issuance of a building permit issued pursuant to section 29-263 for construction or alteration of a one-family dwelling, two-family dwelling or structure located on the same parcel as a one-family dwelling or two-family dwelling, for which construction or alteration a certificate of occupancy, as defined in the regulations adopted pursuant to section 29-252, has not been issued by the building official, such building permit shall be deemed closed."
R105.6,Chapter 1 Scope and Administration,Suspension or Revocation,BuildingElementProxy,Assembly (A)|Business (B)|Educational (E)|Factory and Industrial (F)|Residential (R),cd,occupancy_classification,architect,"The building official is authorized to suspend or revoke a permit issued under the provisions of this code wherever the permit is issued in error or on the basis of incorrect, inaccurate or incomplete information, or in violation of any ordinance or regulation or any of the provisions of this code."
R105.7,Chapter 1 Scope and Administration,Placement of Permit,BuildingElementProxy,Assembly (A)|Business (B)|Educational (E)|Factory and Industrial (F)|High Hazard (H),ca,site_planning,architect,The building permit or a copy shall be kept on the site of the work until the completion of the project.
R105.8,Chapter 1 Scope and Administration,Responsibility,BuildingElementProxy|Wall|Roof|Slab|Door,Assembly (A)|Business (B)|Educational (E)|Factory and Industrial (F)|Residential (R),cd|ca,special_construction,owner,"It shall be the duty of every person who performs work for the installation or repair of building, structure, electrical, gas, mechanical or plumbing systems, for which this code is applicable, to comply with this code."
R105.9,Chapter 1 Scope and Administration,Preliminary Inspection,BuildingElementProxy|Site,Assembly (A)|Business (B)|Educational (E)|Factory and Industrial (F)|Residential (R),concept|sd,site_planning,architect,"Before issuing a permit, the building official is authorized to examine or cause to be examined buildings, structures and sites for which an application has been filed."
R106.1,Chapter 1 Scope and Administration,Submittal Documents,BuildingElementProxy,Assembly (A)|Business (B)|Educational (E)|Residential (R)|Mercantile (M),sd|dd|cd,special_construction,architect,"Submittal documents consisting of construction documents, and other data shall be submitted in two or more sets, or in a digital format where allowed by the building official, with each application for a permit. The construction documents shall be prepared by a registered design professional where required by the statutes of the jurisdiction in which the project is to be constructed. Where special conditions exist, the building official is authorized to require additional construction documents to be prepared by a registered design professional.Exception: The building official is authorized to waive the submission of construction documents and other data not required to be prepared by a registered design professional if it is found that the nature of the work applied for is such that reviewing of construction documents is not necessary to obtain compliance with this code."
R106.1.1,Chapter 1 Scope and Administration,Information on Construction Documents,BuildingElementProxy,Assembly (A)|Business (B)|Educational (E)|Factory and Industrial (F)|Residential (R),sd|dd|cd,site_planning,architect,"Construction documents shall be drawn upon suitable material. Electronic media documents are permitted to be submitted where approved by the building official. Construction documents shall be of sufficient clarity to indicate the location, nature and extent of the work proposed and show in detail that it will conform to the provisions of this code and relevant laws, ordinances, rules and regulations, as determined by the building official. When the quality or arrangement of materials is essential for conformity to this code, specific information shall be given to establish such quality or arrangement, and this code shall not be cited, or terms such as ""legal,"" ""per code,"" or their equivalent used as a substitute for specific information."
R106.1.2,Chapter 1 Scope and Administration,Manufacturer's Installation Instructions,BuildingElementProxy,Assembly (A)|Business (B)|Educational (E)|Factory and Industrial (F)|Residential (R),ca,special_construction,architect,"Manufacturer's installation instructions, as required by this code, shall be available on the job site at the time of inspection."
R106.1.3,Chapter 1 Scope and Administration,Information on Braced Wall Design,Wall|Slab|Footing,Residential (R)|Business (B)|Assembly (A)|Educational (E)|Mercantile (M),sd|dd|cd,structural_design,structural_engineer,"For buildings and structures utilizing braced wall design, and where required by the building official, braced wall lines shall be identified on the construction documents. Pertinent information including, but not limited to, bracing methods, location and length of braced wall panels and foundation requirements of braced wall panels at top and bottom shall be provided."
R106.1.4,Chapter 1 Scope and Administration,Information for Construction in Flood Hazard Areas,Slab|Footing|Wall,Assembly (A)|Business (B)|Educational (E)|Residential (R)|Storage (S),sd|dd|cd,site_planning,architect,"For buildings and structures located in whole or in part in flood hazard areas as established by Table R301.2, construction documents shall include:Delineation of flood hazard areas, floodway boundaries and flood zones and the design flood elevation, as appropriate.The elevation of the proposed lowest floor, including basement; in areas of shallow flooding (AO Zones), the height of the proposed lowest floor, including basement, above the highest adjacent grade.The elevation of the bottom of the lowest horizontal structural member in coastal high-hazard areas (V Zone) and in Coastal A Zones where such zones are delineated on flood hazard maps identified in Table R301.2 or otherwise delineated by the jurisdiction.If design flood elevations are not included on the community's Flood Insurance Rate Map (FIRM), the building official and the applicant shall obtain and reasonably utilize any design flood elevation and floodway data available from other sources."
R106.1.5,Chapter 1 Scope and Administration,Information on Storm Shelters,BuildingElementProxy|Wall|Slab|Door,Assembly (A)|Educational (E)|Institutional (I),sd|dd|cd,special_construction,architect,Construction documents for storm shelters shall include the information required in ICC 500.
R106.2,Chapter 1 Scope and Administration,Site Plan or Plot Plan,BuildingElementProxy,Assembly (A)|Business (B)|Educational (E)|Factory and Industrial (F)|High Hazard (H),sd|dd|cd,site_planning,architect,"The construction documents submitted with the application for permit shall be accompanied by a site plan showing the size and location of new construction and existing structures on the site and distances from lot lines. In the case of demolition, the site plan shall show construction to be demolished and the location and size of existing structures and construction that are to remain on the site or plot. The building official is authorized to waive or modify the requirement for a site plan where the application for permit is for alteration or repair or where otherwise warranted."
new_R106.2.1,Chapter 1 Scope and Administration,Private Sewage Disposal System,,,,,,"The site plan shall indicate the location of a private or public sewage disposal system. Private sewage disposal systems shall be designed and installed in accordance with the requirements of the Public Health Code adopted under authority of section 19a-36 of the Connecticut General Statutes. All technical and soil data required by the Public Health Code shall be submitted with the site plan. Approval of such systems shall be by the local authority having jurisdiction. When such approval is required by the local authority having jurisdiction, written proof of such approval shall be submitted to the building official prior to issuance of a building permit."
R106.3,Chapter 1 Scope and Administration,Examination of Documents,BuildingElementProxy,Assembly (A)|Business (B)|Educational (E)|Factory and Industrial (F)|Residential (R),cd,occupancy_classification,architect,The building official shall examine or cause to be examined construction documents for code compliance.
R106.3.1,Chapter 1 Scope and Administration,Approval of Construction Documents,BuildingElementProxy,Assembly (A)|Business (B)|Educational (E)|Factory and Industrial (F)|Residential (R),cd|ca,site_planning,architect,"Where the building official issues a permit, the construction documents shall be approved in writing or by a stamp that states ""REVIEWED FOR CODE COMPLIANCE."" One set of construction documents so reviewed shall be retained by the building official. The other set shall be returned to the applicant, shall be kept at the site of work and shall be open to inspection by the building official or a duly authorized representative."
R106.3.2,Chapter 1 Scope and Administration,Previous Approvals,BuildingElementProxy,Assembly (A)|Business (B)|Educational (E)|Factory and Industrial (F)|Residential (R),cd|ca,occupancy_classification,architect,"This code shall not require changes in the construction documents, construction or designated occupancy of a structure for which a lawful permit has been heretofore issued or otherwise lawfully authorized, and the construction of which has been pursued in good faith within 180 days after the effective date of this code and has not been abandoned."
R106.3.3,Chapter 1 Scope and Administration,Phased Approval,Footing|Slab|Wall|Column,Assembly (A)|Business (B)|Educational (E)|Factory and Industrial (F)|Residential (R),cd|ca,site_planning,architect,"The building official is authorized to issue a permit for the construction of foundations or any other part of a building or structure before the construction documents for the whole building or structure have been submitted, provided that adequate information and detailed statements have been filed complying with pertinent requirements of this code. The holder of such permit for the foundation or other parts of a building or structure shall proceed at the holder's own risk with the building operation and without assurance that a permit for the entire structure will be granted."
R106.4,Chapter 1 Scope and Administration,Amended Construction Documents,BuildingElementProxy,Assembly (A)|Business (B)|Educational (E)|Factory and Industrial (F)|Residential (R),cd|ca,site_planning,architect,"Work shall be installed in accordance with the approved construction documents, and any changes made during construction that are not in compliance with the approved construction documents shall be resubmitted for approval as an amended set of construction documents."
R106.5,Chapter 1 Scope and Administration,Retention of Construction Documents,BuildingElementProxy,Assembly (A)|Business (B)|Educational (E)|Factory and Industrial (F)|Residential (R),cd|ca,special_construction,owner,"Pursuant to subsection (e) of section 29-261 of the Connecticut General Statutes, upon receipt of a written request signed by the owner of plans and specifications on file for a single-family dwelling or out-building, the building official shall immediately return the original plans and specifications to the owner after a certificate of occupancy is issued with respect to the plans and specifications."
new_R106.6,Chapter 1 Scope and Administration,Additional Requirements,,,,,,"Nontransient residential dwellings having more than 16 units or 24,000 square feet (2230 m2) total gross area per building shall be subject to the additional requirements set forth in Section 107.6 of the 2021 International Building Code portion of the 2022 Connecticut State Building Code."
R107.1,Chapter 1 Scope and Administration,General,BuildingElementProxy,Assembly (A)|Business (B)|Educational (E)|Factory and Industrial (F)|Mercantile (M),sd|dd|cd,special_construction,architect,"The building official is authorized to issue a permit for temporary structures and temporary uses. Such permits shall be limited as to time of service, but shall not be permitted for more than 180 days. The building official is authorized to grant a single 180-day extension for demonstrated cause. Exceptions: The following shall be exempt from permit requirements: Tents used exclusively for recreational camping purposes. Tents open on all sides which comply with all of the following: Individual tents having a maximum size of 700 square feet (65 m2) Multiple tents placed side by side without a fire break clearance of 12 feet (3658 mm), with an aggregate area not exceeding 700 square feet (65 m2) total. A minimum clearance of 12 feet (3658 mm) to all other structures and tents. Tents 900 square feet (84 m2) and smaller in total area when occupied by fewer than 50 persons, which have no heating appliances, no installed electrical service and are erected for fewer than 72 hours."
R107.2,Chapter 1 Scope and Administration,Conformance,Wall|Roof|Slab|Door|Window,Assembly (A)|Business (B)|Mercantile (M)|Residential (R)|Utility and Miscellaneous (U),sd|dd|cd,special_construction,architect,"Temporary structures and uses shall conform to the structural strength, fire safety, means of egress, light, ventilation and sanitary requirements of this code as necessary to ensure the public health, safety and general welfare."
R107.3,Chapter 1 Scope and Administration,Temporary Power,BuildingElementProxy,Assembly (A)|Business (B)|Educational (E)|Factory and Industrial (F)|Residential (R),cd|ca,electrical_systems,electrical_engineer,"The building official is authorized to give permission to temporarily supply utilities before an installation has been fully completed and the final certificate of approval has been issued. The part covered by the temporary permission shall comply with the requirements specified for temporary lighting, heat or power in this code or in the NFPA 70, National Electrical Code, portion of the 2022 Connecticut State Building Code."
R107.4,Chapter 1 Scope and Administration,Termination of Approval,BuildingElementProxy,Assembly (A)|Business (B)|Educational (E)|Mercantile (M)|Utility and Miscellaneous (U),cd|ca,special_construction,architect,The building official is authorized to terminate such permit for a temporary structure or use and to order the temporary structure or use to be discontinued.
R108.1,Chapter 1 Scope and Administration,Payment of Fees,BuildingElementProxy,Assembly (A)|Business (B)|Educational (E)|Factory and Industrial (F)|Residential (R),concept|sd|dd|cd,site_planning,architect,"A permit shall not be valid until the fees prescribed by law have been paid, nor shall an amendment to a permit be released until the additional fee, if any, has been paid."
R108.2,Chapter 1 Scope and Administration,Schedule of Permit Fees,BuildingElementProxy,Assembly (A)|Business (B)|Educational (E)|Factory and Industrial (F)|Residential (R),concept|sd,site_planning,architect,"Each municipality shall establish a schedule of fees for each construction document review, building permit, certificate of approval and certificate of occupancy. A schedule of adopted fees shall be posted for public view."
R108.3,Chapter 1 Scope and Administration,Building Permit Valuations,BuildingElementProxy,Assembly (A)|Business (B)|Educational (E)|Factory and Industrial (F)|Residential (R),cd,site_planning,architect,"The applicant for a permit shall provide an estimated permit value at the time of application. Permit valuations shall include total value of work, including materials and labor, for which the permit is being issued, such as electrical, gas, mechanical, plumbing equipment and permanent systems. If, in the opinion of the building official, the valuation is underestimated on the application, the permit shall be denied, unless the applicant can show detailed estimates to meet the approval of the building official. Final building permit valuation shall be set by the building official."
R108.4,Chapter 1 Scope and Administration,Related Fees,BuildingElementProxy,Assembly (A)|Business (B)|Educational (E)|Factory and Industrial (F)|Residential (R),concept|sd|dd|cd,site_planning,architect,"The payment of the fee for the construction, alteration, removal or demolition for work done in connection to or concurrently with the work authorized by a building permit shall not relieve the applicant or holder of the permit from the payment of other fees that are prescribed by law."
R108.5,Chapter 1 Scope and Administration,Refunds,BuildingElementProxy,Assembly (A)|Business (B)|Educational (E)|Factory and Industrial (F)|Residential (R),ca,site_planning,owner,The building official is authorized to establish a refund policy.
R109.1,Chapter 1 Scope and Administration,Types of Inspections,BuildingElementProxy,Assembly (A)|Business (B)|Educational (E)|Factory and Industrial (F)|Residential (R),ca,special_construction,owner,"For on-site construction, from time to time the building official, upon notification from the permit holder or his agent, shall make or cause to be made any necessary inspections and shall either approve that portion of the construction as completed or shall notify the permit holder or his or her agent wherein the same fails to comply with this code."
R109.1.1,Chapter 1 Scope and Administration,Foundation Inspection,Footing|Slab|Bearing|Wall,Assembly (A)|Business (B)|Educational (E)|Factory and Industrial (F)|Residential (R),cd|ca,structural_design,structural_engineer,"Inspection of the foundation shall be made after poles or piers are set or trenches or basement areas are excavated and any required forms erected and any required reinforcing steel is in place and supported prior to the placing of concrete. The foundation inspection shall include excavations for thickened slabs intended for the support of bearing walls, partitions, structural supports, or equipment and special requirements for wood foundations."
R109.1.2,Chapter 1 Scope and Administration,"Plumbing, Mechanical, Gas and Electrical Systems Inspection",BuildingElementProxy,Business (B)|Residential (R)|Assembly (A)|Educational (E)|Mercantile (M),cd|ca,mechanical_systems,mechanical_engineer,"Rough inspection of plumbing, mechanical, gas and electrical systems shall be made prior to covering or concealment, before fixtures or appliances are set or installed, and prior to framing inspection.Exception: Backfilling of ground-source heat pump loop systems tested in accordance with Section M2105.28 prior to inspection shall be permitted."
R109.1.3,Chapter 1 Scope and Administration,Floodplain Inspections,Slab|Footing|BuildingElementProxy,Residential (R)|Business (B)|Assembly (A),cd|ca,site_planning,architect,"For construction in flood hazard areas as established by Table R301.2, upon placement of the lowest floor, including basement, and prior to further vertical construction, the building official shall require submission of documentation, prepared and sealed by a registered design professional, of the elevation of the lowest floor, including basement, required in Section R322."
R109.1.4,Chapter 1 Scope and Administration,Frame and Masonry Inspection,Wall|Roof|Slab|Beam|Column,Assembly (A)|Business (B)|Educational (E)|Residential (R)|Mercantile (M),cd|ca,structural_design,civil_engineer,"Inspection of framing and masonry construction shall be made after the roof, masonry, framing, firestopping, draftstopping and bracing are in place and after the plumbing, mechanical and electrical rough inspections are approved."
new_R109.1.4.1,Chapter 1 Scope and Administration,Insulation Inspection,,,,,,Inspection of the building air tightness and insulation installation shall be conducted in accordance with Section N1102.4.1.
R109.1.5,Chapter 1 Scope and Administration,Other Inspections,BuildingElementProxy,Assembly (A)|Business (B)|Educational (E)|Factory and Industrial (F)|Residential (R),ca,special_construction,architect,"In addition to inspections in Sections R109.1.1 through R109.1.4, the building official shall have the authority to make or require any other inspections to ascertain compliance with this code and other laws enforced by the building official."
R109.1.5.1,Chapter 1 Scope and Administration,Fire-Resistance-Rated Construction Inspection,Wall|Slab,Residential (R),cd|ca,fire_resistance_smoke_protection,architect,"Where fire-resistance-rated construction is required between dwelling units or due to location on property, the building official shall require an inspection of such construction after lathing or gypsum board or gypsum panel products are in place, but before any plaster is applied, or before board or panel joints and fasteners are taped and finished."
new_R109.1.5.2,Chapter 1 Scope and Administration,Additional Electrical Inspections,,,,,,Required electrical inspections shall include installations of temporary services prior to activation and installation of underground piping and conductors after trenches are excavated and bedded and before backfill is put in place.
R109.1.6,Chapter 1 Scope and Administration,Final Inspection,BuildingElementProxy,Assembly (A)|Business (B)|Educational (E)|Factory and Industrial (F)|High Hazard (H),ca,site_planning,architect,Final inspection shall be made after the permitted work is complete and prior to occupancy.
R109.1.6.1,Chapter 1 Scope and Administration,Elevation Documentation,BuildingElementProxy|Slab|Footing,Residential (R),cd|ca,site_planning,architect,"If located in a flood hazard area, the documentation of elevations required in Section R322.1.10 shall be submitted to the building official prior to the final inspection."
new_R109.1.7,Chapter 1 Scope and Administration,Posting of Required Inspections,,,,,,The building official shall compile a schedule of required inspections and shall post the schedule in the building department for public view.
R109.2,Chapter 1 Scope and Administration,Inspection Agencies,BuildingElementProxy,Assembly (A)|Business (B)|Educational (E)|Factory and Industrial (F)|Residential (R),cd|ca,special_construction,architect,"The building official is authorized to accept reports of approved agencies, provided such agencies satisfy the requirements as to qualifications and reliability."
R109.3,Chapter 1 Scope and Administration,Inspection Requests,BuildingElementProxy,Assembly (A)|Business (B)|Educational (E)|Factory and Industrial (F)|High Hazard (H),ca,special_construction,owner,It shall be the duty of the permit holder or their agent to notify the building official that such work is ready for inspection. It shall be the duty of the person requesting any inspections required by this code to provide access to and means for inspection of such work.
R109.4,Chapter 1 Scope and Administration,Approval Required,Wall|Slab|Roof,Assembly (A)|Business (B)|Residential (R),ca,special_construction,architect,"Work shall not be done beyond the point indicated in each successive inspection without first obtaining the approval of the building official. The building official, upon notification, shall make the requested inspections and shall either indicate the portion of the construction that is satisfactory as completed, or shall notify the permit holder or an agent of the permit holder wherein the same fails to comply with this code. Any portions that do not comply shall be corrected and such portion shall not be covered or concealed until authorized by the building official."
new_R109.5,Chapter 1 Scope and Administration,Notification of Inspection Results,,,,,,"Notification as to passage or failure, in whole or in part, of any required inspection shall be made in writing by the building official or his duly authorized representative and shall be left at the job site or delivered to the permit holder. It shall be the duty of the permit holder to ascertain the results of required inspections."
R110.1,Chapter 1 Scope and Administration,Use and Change of Occupancy,BuildingElementProxy,Assembly (A)|Business (B)|Educational (E)|Factory and Industrial (F)|High Hazard (H),cd|ca,occupancy_classification,architect,"Pursuant to subsection (a) of section 29-265 of the Connecticut General Statutes, no building or structure erected or altered in any municipality after October 1, 1970, shall be occupied or used, in whole or in part, until a certificate of occupancy has been issued by the building official, certifying that such building, structure or work performed pursuant to the building permit substantially complies with the provisions of this code. Nothing in the code shall require the removal, alteration or abandonment of, or prevent the continuance of the use and occupancy of, any single-family dwelling but within six years of the date of occupancy of such dwelling after substantial completion of construction of, alteration to or addition to such dwelling, or of a building lawfully existing on October 1, 1945, except as may be necessary for the safety of life or property. The use of a building or premises shall not be deemed to have changed because of a temporary vacancy or change of ownership or tenancy. Exceptions: Work for which a certificate of approval is issued in accordance with Section R110.9. A certificate of occupancy is not required for work exempt from permit requirements under Section R105.2. Pursuant to section 29-252a of the Connecticut General Statutes, state agencies or the Connecticut Airport Authority shall not be required to obtain a certificate of occupancy from a local building official. State agencies and the authority shall obtain a certificate of occupancy for construction work as described in section 29-252a of the Connecticut General Statutes from the State Building Inspector."
new_R110.1.1,Chapter 1 Scope and Administration,Zoning Approval,,,,,,"Pursuant to subsection (f) of section 8-3 of the Connecticut General Statutes, no certificate of occupancy shall be issued for a building, use or structure subject to the zoning regulations of a municipality without certification in writing by the official charged with the enforcement of such regulations that such building, use or structure is in conformity with such regulations or is a valid nonconforming use under such regulations."
new_R110.1.2,Chapter 1 Scope and Administration,Statement of Professional Opinion,,,,,,"Pursuant to section 29-276c of the Connecticut General Statutes, no certificate of occupancy shall be issued for a proposed structure or addition to buildings classified as nontransient residential dwellings having more than 16 units or 24,000 square feet total gross area per building, until the building official has been provided with a statement signed by the architect or professional engineer and the general contractor stating that the completed structure or addition is in substantial compliance with the approved plans on file."
R110.2,Chapter 1 Scope and Administration,Change in Use,,,,,,Changes in the character or use of an existing structure shall not be made except as specified in Sections 506 and 507 of the International Existing Building Code.
R110.3,Chapter 1 Scope and Administration,Certificate Issued,,,,,,"After the building official inspects the building or structure and does not find violations of the provisions of this code or other laws that are enforced by the department, the building official shall issue a certificate of occupancy containing the following:The permit number.The address of the structure.The name and address of the owner or the owner's authorized agent.A description of that portion of the structure for which the certificate is issued.A statement that the described portion of the structure has been inspected for compliance with the requirements of this code.The name of the building official.The edition of the code under which the permit was issued.Where an automatic sprinkler system is provided and whether the sprinkler system is required.Any special stipulations and conditions of the building permit."
R110.4,Chapter 1 Scope and Administration,Temporary Occupancy,,,,,,"The building official may issue a temporary certificate of occupancy before the completion of the entire work covered by the permit, provided such portion or portions shall be occupied safely prior to full completion of the building or structure without endangering life or public welfare. Any occupancy permitted to continue during completion of the work shall be discontinued within 30 days after completion of the work unless the building official issues a certificate of occupancy. No temporary certificate of occupancy shall be issued for work subject to the zoning regulations of a municipality without certification in writing by the official charged with the enforcement of such regulations that the work is in conformity with such regulations or is a valid nonconforming use under such regulations."
R110.5,Chapter 1 Scope and Administration,Revocation,,,,,,"The building official is authorized to suspend or revoke a certificate of occupancy issued under the provisions of this code, in writing, wherever the certificate is issued in error, or on the basis of incorrect information supplied, or where it is determined that the building or structure or portion thereof is in violation of the provisions of this code or other ordinance of the jurisdiction."
new_R110.6,Chapter 1 Scope and Administration,Partial Occupancy,,,,,,"The building official may issue a partial certificate of occupancy for a portion of the building or structure when, in the building official's opinion, the portion of the building to be occupied is in substantial compliance with the requirements of this code and no unsafe conditions exist in portions of the building not covered by the partial certificate of occupancy that are accessible from the occupied portion. No partial certificate of occupancy shall be issued for work subject to the zoning regulations of a municipality without certification in writing by the official charged with the enforcement of such regulations that the work is in conformity with such regulations or is a valid nonconforming use under such regulations."
new_R110.7,Chapter 1 Scope and Administration,Prefabricated Assemblies,,,,,,"A certificate of approval by an approved agency shall be furnished with every prefabricated assembly, including modular housing, except where all elements of the assembly are readily accessible for inspection at the site. The building official shall inspect placement of prefabricated assemblies and the connections to public utilities and private water and septic systems at the building site, as well as any site-built or installed components or equipment to determine compliance with this code. A final inspection shall be provided in accordance with Section R109.1.6."
new_R110.8,Chapter 1 Scope and Administration,Manufactured Housing Used as Dwellings,,,,,,"Provisions for foundation systems and building service equipment connections necessary to provide for the installation of new manufactured homes and for existing manufactured homes to which additions, alterations or repairs are made are contained in Appendix AE."
new_R110.9,Chapter 1 Scope and Administration,Concrete Documentation,,,,,,"Pursuant to section 29-265c of the Connecticut General Statutes, prior to the issuance of a certificate of occupancy for a new residential or commercial building for which a concrete foundation was installed on or after October 1, 2016, the applicant shall provide the building official with written documentation of the name of the individual or entity that supplied the concrete and the name of the individual or entity that installed the concrete. Copies of such documentation shall be maintained in the records of the office of the building official for not less than fifty years."
new_R110.10,Chapter 1 Scope and Administration,Certificate of Approval,,,,,,"The building official shall issue a certificate of approval indicating substantial compliance with the requirements of this code for all completed work that requires a building permit but does not require a certificate of occupancy. Such work shall include, but not be limited to: fences greater than 7 feet (2134 mm) in height; retaining walls greater than 3 feet (914 mm) in height; decks; garages; swimming pools; basements and attics converted to habitable space; electrical, plumbing, and mechanical repairs or alterations. No certificate of approval shall be issued for work subject to the zoning regulations of a municipality without certification in writing by the official charged with the enforcement of such regulations that the work is in conformity with such regulations or is a valid nonconforming use under such regulations."
R111.1,Chapter 1 Scope and Administration,Connection of Service Utilities,BuildingElementProxy,Assembly (A)|Business (B)|Educational (E)|Factory and Industrial (F)|Residential (R),cd|ca,site_planning,architect,"A person shall not make connections from a utility, a source of energy, fuel, or power to any building or system that is regulated by this code for which a permit is required, until approved by the building official."
R111.2,Chapter 1 Scope and Administration,Temporary Connection,BuildingElementProxy,Assembly (A)|Business (B)|Educational (E)|Factory and Industrial (F)|Residential (R),cd|ca,special_construction,architect,"The building official shall have the authority to authorize the temporary connection of the building or system to the utility, source of energy, fuel or power."
R111.3,Chapter 1 Scope and Administration,Authority to Disconnect Service Utilities,BuildingElementProxy,Assembly (A)|Business (B)|Educational (E)|Factory and Industrial (F)|Residential (R),cd|ca,electrical_systems,electrical_engineer,"The building official shall have the authority to authorize disconnection of utility service to the building, structure or system regulated by this code and the referenced codes and standards set forth in Section R102.4 in case of emergency where necessary to eliminate an immediate hazard to life or property or where such utility connection has been made without the approval required by Section R111.1 or R111.2. The building official shall notify the serving utility and where possible the owner or the owner's authorized agent and occupant of the building, structure or service system of the decision to disconnect prior to taking such action. If not notified prior to disconnection, the owner, the owner's authorized agent or occupant of the building, structure or service system shall be notified in writing as soon as practical thereafter."
R112.1,Chapter 1 Scope and Administration,GeneralAppeal From Decision of Building Official,,,,,,"Pursuant to subsection (b) of section 29-266 of the Connecticut General Statutes, when a building official rejects or refuses to approve the mode or manner of construction proposed to be followed or the materials to be used in the erection or alteration of a building or structure, or when it is claimed that the provisions of the code do not apply or that an equally good or more desirable form of construction can be employed in a specific case, or when it is claimed that the true intent and meaning of the code has been misconstrued or wrongly interpreted or when the building official issues a written order under subsection (c) of section 29-261 of the Connecticut General Statutes, the owner of such building or structure, whether already erected or to be erected, or his authorized agent may appeal in writing or by electronic mail from the decision of the building official to the municipal board of appeals. A person, other than such owner, who claims to be aggrieved by any decision of the building official may, by himself or his authorized agent, appeal in writing or by electronic mail from the decision of the building official to the municipal board of appeals as provided by subsection (b) of section 29-266 of the Connecticut General Statutes."
new_R112.1.1,Chapter 1 Scope and Administration,Absence of Municipal Board of Appeals,,,,,,"In the absence of a municipal board of appeals, the provisions of subsection (c) of section 29-266 of the Connecticut General Statutes shall be followed."
new_R112.1.2,Chapter 1 Scope and Administration,State Building Inspector Review,,,,,,"Pursuant to subsection (d) of section 29-252 of the Connecticut General Statutes, the State Building Inspector or his designee shall review a decision by a local building official or municipal board of appeals when he has reason to believe that such official or board has misconstrued or misinterpreted any provision of the Connecticut State Building Code."
R112.2,Chapter 1 Scope and Administration,Limitations on AuthorityAppointment of Municipal Board of Appeals,,,,,,"Pursuant to subsection (a) of section 29-266 of the Connecticut General Statutes, a municipal board of appeals consisting of five members shall be appointed."
new_R112.2.1,Chapter 1 Scope and Administration,Qualifications,,,,,,"One member of the municipal board of appeals shall be appointed from the general public. The other four members shall have at least five years of experience each in either building design, building construction or supervision of building construction."
new_R112.2.2,Chapter 1 Scope and Administration,Chair,,,,,,The board shall annually select one of its members to serve as chair.
R112.3,Chapter 1 Scope and Administration,QualificationsNotice of Meeting,,,,,,"Each appeal shall be heard in the municipality for which the building official serves within 5 days, exclusive of Saturdays, Sundays and legal holidays, after the date of receipt of the appeal."
R112.4,Chapter 1 Scope and Administration,AdministrationDetermination of Aggrievement,,,,,,"Upon receipt of an appeal from a person other than the owner or his agent, the board of appeals shall first determine whether such person has a right to appeal."
new_R112.5,Chapter 1 Scope and Administration,Appointment of a Panel,,,,,,"Upon receipt of an appeal from an owner or his agent, or approval of an appeal by a person other than the owner or his agent, the chairman of the municipal board of appeals shall appoint a panel of not less than three members of such board to hear such appeal."
new_R112.6,Chapter 1 Scope and Administration,Rendering of Decisions,,,,,,"The panel shall, upon majority vote of its members, affirm, modify or reverse the decision of the building official in a written decision upon the appeal and file such decision with the building official from whom such appeal has been taken not later than 5 days, exclusive of Saturdays, Sundays and legal holidays, following the day of the hearing thereon. A copy of the decision shall be mailed, prior to such filing, to the party taking the appeal."
new_R112.7,Chapter 1 Scope and Administration,Appeal to the Codes and Standards Committee,,,,,,Any person aggrieved by the decision of a municipal board of appeals may appeal to the Codes and Standards Committee within 14 days after the filing of the decision with the building official in accordance with the provisions of subsection (b) of section 29-266 of the Connecticut General Statutes.
new_R112.8,Chapter 1 Scope and Administration,Court Review,,,,,,Any person aggrieved by any ruling of the Codes and Standards Committee may appeal to the Superior Court for the judicial district where such building or structure has been or is being erected in accordance with the provisions of subsection (d) of section 29-266 of the Connecticut General Statutes.
R113.1,Chapter 1 Scope and Administration,Unlawful Acts,BuildingElementProxy,Assembly (A)|Business (B)|Educational (E)|Factory and Industrial (F)|Residential (R),cd,occupancy_classification,architect,"It shall be unlawful for any person, firm or corporation to erect, construct, alter, extend, repair, move, remove, demolish or occupy any building, structure or equipment regulated by this code, or cause same to be done, in conflict with or in violation of any of the provisions of this code."
R113.2,Chapter 1 Scope and Administration,Notice of Violation,BuildingElementProxy,Assembly (A)|Business (B)|Educational (E)|Factory and Industrial (F)|High Hazard (H),cd|ca,occupancy_classification,architect,"The building official is authorized to serve a notice of violation or order on the person responsible for the erection, construction, alteration, extension, repair, moving, removal, demolition or occupancy of a building or structure in violation of the provisions of this code, or in violation of a detail statement or a plan approved thereunder, or in violation of a permit or certificate issued under the provisions of this code. Such order shall direct the discontinuance of the illegal action or condition and the abatement of the violation."
new_R113.2.1,Chapter 1 Scope and Administration,Written Notice,,,,,,The building official or his duly authorized representative shall provide any notice of violation in writing to the owner of the property involved or to the owner's agent or to the person doing the work.
R113.3,Chapter 1 Scope and Administration,Prosecution of Violation,BuildingElementProxy,Assembly (A)|Business (B)|Educational (E)|Factory and Industrial (F)|Residential (R),cd|ca,occupancy_classification,architect,"If the notice of violation is not complied with in the time prescribed by such notice, the building official is authorized to request the legal counsel of the jurisdiction to institute the appropriate proceeding at law or in equity to restrain, correct or abate such violation, or to require the removal or termination of the unlawful occupancy of the building or structure in violation of the provisions of this code or of the order or direction made pursuant thereto."
R113.4,Chapter 1 Scope and Administration,Violation Penalties,BuildingElementProxy,Assembly (A)|Business (B)|Residential (R)|Mercantile (M)|Institutional (I),cd|ca,occupancy_classification,architect,"Pursuant to section 29-254a of the Connecticut General Statutes, any person who violates any provision of this code shall be fined not less than two hundred nor more than one thousand dollars or imprisoned not more than 6 months, or both."
R114.1,Chapter 1 Scope and Administration,Authority,BuildingElementProxy,Assembly (A)|Business (B)|Educational (E)|Factory and Industrial (F)|Residential (R),ca,special_construction,architect,"Where the building official finds any work regulated by this code being performed in a manner contrary to the provisions of this code or in a dangerous or unsafe manner, the building official is authorized to issue a stop work order."
R114.2,Chapter 1 Scope and Administration,Issuance,BuildingElementProxy,Assembly (A)|Business (B)|Educational (E)|Factory and Industrial (F)|Residential (R),ca,site_planning,owner,"The stop work order shall be in writing and shall be given to the owner of the property, the owner's authorized agent or the person performing the work. Upon issuance of a stop work order, the cited work shall immediately cease. The stop work order shall state the reason for the order and the conditions under which the cited work is authorized to resume."
R114.3,Chapter 1 Scope and Administration,Emergencies,BuildingElementProxy,Assembly (A)|Business (B)|Educational (E)|Factory and Industrial (F)|High Hazard (H),cd|ca,special_construction,architect,"Where an emergency exists, the building official shall not be required to give a written notice prior to stopping the work."
R114.4,Chapter 1 Scope and Administration,Failure to Comply,BuildingElementProxy,Assembly (A)|Business (B)|Educational (E)|Factory and Industrial (F)|Residential (R),ca,site_planning,owner,"Any person who continues any work in or about the structure after having been served with a stop work order, except such work as that person is directed to perform to remove a violation or unsafe conditions, shall be liable for penalties in accordance with Section R113.4."
new_R115.1,Chapter 1 Scope and Administration,General,,,,,,The procedures to be followed regarding unsafe structures and equipment shall be as set forth in Section 116 of the 2021 International Building Code portion of the 2022 Connecticut State Building Code.
new_R116.1,Chapter 1 Scope and Administration,General,,,,,,The procedures to be followed regarding emergency measures shall be as set forth in Section 117 of the 2021 International Building Code portion of the 2022 Connecticut State Building Code.
new_R117.1,Chapter 1 Scope and Administration,General,,,,,,"Temporarily unoccupied buildings, structures, premises or portions thereof, including tenant spaces, shall be safeguarded and maintained in accordance with Section 118 of the 2021 International Building Code portion of the 2022 Connecticut State Building Code."
