id,section,title,ifc_type,occupancy,design_phase,code_category,primary_responsibility,body
1401.1,Section 1401 General,Scope,Wall|Covering|Window|Door,Assembly (A)|Business (B)|Educational (E)|Factory and Industrial (F)|Residential (R),sd|dd|cd,assemblies_envelope,architect,The provisions of this chapter shall establish the minimum requirements for exterior walls; exterior wall coverings; exterior wall openings; exterior windows and doors; exterior soffits and fascias; architectural trim; balconies and similar projections; and bay and oriel windows.
1402.1,Section 1402 Definitions,Definitions,,,,,,The following terms are defined in Chapter 2: ADHERED MASONRY VENEER. ANCHORED MASONRY VENEER. BACKING. EXTERIOR INSULATION AND FINISH SYSTEMS (EIFS). EXTERIOR INSULATION AND FINISH SYSTEMS (EIFS) WITH DRAINAGE. EXTERIOR WALL. EXTERIOR WALL COVERING. EXTERIOR WALL ENVELOPE. FENESTRATION. FIBER-CEMENT SIDING. HIGH-PRESSURE DECORATIVE EXTERIOR-GRADE COMPACT LAMINATE (HPL). HIGH-PRESSURE DECORATIVE EXTERIOR-GRADE COMPACT LAMINATE (HPL) SYSTEM. METAL COMPOSITE MATERIAL (MCM). METAL COMPOSITE MATERIAL (MCM) SYSTEM. POLYPROPYLENE SIDING. PORCELAIN TILE. VENEER. VINYL SIDING. WATER-RESISTIVE BARRIER.
1403.1,Section 1403 Performance Requirements,General,Wall|Covering,Assembly (A)|Business (B)|Educational (E)|Mercantile (M)|Residential (R),sd|dd|cd,assemblies_envelope,architect,"The provisions of this section shall apply to exterior walls, wall coverings and components thereof."
1403.2,Section 1403 Performance Requirements,Weather Protection,,,,,,"Exterior walls shall provide the building with a weather-resistant exterior wall envelope. The exterior wall envelope shall include flashing, as described in Section 1405.4. The exterior wall envelope shall be designed and constructed in such a manner as to prevent the accumulation of water within the wall assembly by providing a water-resistive barrier behind the exterior veneer, as described in Section 1404.2, and a means for draining water that enters the assembly to the exterior. Protection against condensation in the exterior wall assembly shall be provided in accordance with Section 1405.3. Exceptions: A weather-resistant exterior wall envelope shall not be required over concrete or masonry walls designed in accordance with Chapters 19 and 21, respectively. Compliance with the requirements for a means of drainage, and the requirements of Sections 1404.2 and 1405.4, shall not be required for an exterior wall envelope that has been demonstrated through testing to resist wind-driven rain, including joints, penetrations and intersections with dissimilar materials, in accordance with ASTM E331 under the following conditions: Exterior wall envelope test assemblies shall include at least one opening, one control joint, one wall/eave interface and one wall sill. Tested openings and penetrations shall be representative of the intended end-use configuration. Exterior wall envelope test assemblies shall be at least 4 feet by 8 feet (1219 mm by 2438 mm) in size. Exterior wall envelope assemblies shall be tested at a minimum differential pressure of 6.24 pounds per square foot (psf) (0.297 kN/m2). Exterior wall envelope assemblies shall be subjected to a minimum test exposure duration of 2 hours.The exterior wall envelope design shall be considered to resist wind-driven rain where the results of testing indicate that water did not penetrate control joints in the exterior wall envelope, joints at the perimeter of openings or intersections of terminations with dissimilar materials. Exterior insulation and finish systems (EIFS) complying with Section 1408.4.1."
1403.3,Section 1403 Performance Requirements,Wind Resistance,,,,,,"Exterior walls, exterior wall coverings, exterior soffits and fascias, components and claddings and the associated openings, shall be designed and constructed to resist safely the superimposed loads required by Chapter 16."
1403.4,Section 1403 Performance Requirements,Fire Resistance,,,,,,Exterior walls shall be fire-resistance rated as required by other sections of this code with opening protection as required by Chapter 7.
1403.5,Section 1403 Performance Requirements,Water-Resistive Barriers,,,,,,"Exterior walls on buildings of Type I, II, III or IV construction that are greater than 40 feet (12 192 mm) in height above grade plane and contain a combustible water-resistive barrier shall be tested in accordance with and comply with the acceptance criteria of NFPA 285. Combustibility shall be determined in accordance with Section 703.2.2. For the purposes of this section, fenestration products, flashing of fenestration products and water-resistive-barrier flashing and accessories at other locations, including through wall flashings, shall not be considered part of the water-resistive barrier. Exceptions: Walls in which the water-resistive barrier is the only combustible component and the exterior wall has a wall covering of brick, concrete, stone, terra cotta, stucco or steel with minimum thicknesses in accordance with Table 1405.2. Walls in which the water-resistive barrier is the only combustible component and the water-resistive barrier complies with the following: A peak heat release rate of less than 150 kW/m2, a total heat release of less than 20 MJ/m2 and an effective heat of combustion of less than 18 MJ/kg when tested on specimens at the thickness intended for use, in accordance with ASTM E1354, in the horizontal orientation and at an incident radiant heat flux of 50 kW/m2. A flame spread index of 25 or less and a smoke-developed index of 450 or less as determined in accordance with ASTM E84 or UL 723, with test specimen preparation and mounting in accordance with ASTM E2404."
1403.6,Section 1403 Performance Requirements,Flood Resistance,,,,,,"For buildings in flood hazard areas as established in Section 1612.3, exterior walls extending below the elevation required by Section 1612 shall be constructed with flood-damage-resistant materials."
1403.7,Section 1403 Performance Requirements,Flood Resistance for Coastal High-Hazard Areas and Coastal A Zones,,,,,,"For buildings in coastal high-hazard areas and coastal A zones as established in Section 1612.3, electrical, mechanical and plumbing system components shall not be mounted on or penetrate through exterior walls that are designed to break away under flood loads."
1403.8,Section 1403 Performance Requirements,1403.8,,,,,,"In order to provide for inspection for termite infestation, clearance between exterior wall coverings and final earth grade on the exterior of a building shall not be less than 6 inches (152 mm).Exceptions:Paint or decorative cementitious finish less than 5/8 inch (17.1 mm) thick adhered directly to the masonry foundation sidewall.Access or vehicle ramps which rise to the interior finish floor elevation for the width of such ramps only.A 4-inch (102 mm) inspection space above patio and garage slabs and entry areas.If the patio has been soil treated for termites, the finish elevation may match the building interior finish floor elevations on masonry construction only.Masonry veneers constructed in accordance with Section 2114.2."
1404.1,Section 1404 Materials,General,Wall|Covering,Assembly (A)|Business (B)|Educational (E)|Factory and Industrial (F)|Residential (R),sd|dd|cd,assemblies_envelope,architect,"Materials used for the construction of exterior walls shall comply with the provisions of this section. Materials not prescribed herein shall be permitted, provided that any such alternative has been approved."
1404.2,Section 1404 Materials,Water-Resistive Barrier,,,,,,"Not fewer than one layer of water-resistive barrier material shall be attached to the studs or sheathing, with flashing as described in Section 1405.4, in such a manner as to provide a continuous water-resistive barrier behind the exterior wall veneer. Water-resistive barriers shall comply with one of the following:No. 15 felt complying with ASTM D226, Type I.ASTM E2556, Type I or II.ASTM E331 in accordance with Section 1402.2.Other approved materials installed in accordance with the manufacturer's installation instructions."
1404.3,Section 1404 Materials,Wood,,,,,,Exterior walls of wood construction shall be designed and constructed in accordance with Chapter 23.
1404.3.1,Section 1404 Materials,Basic Hardboard,,,,,,Basic hardboard shall conform to the requirements of ANSI A135.4.
1404.3.2,Section 1404 Materials,Hardboard Siding,,,,,,"Hardboard siding shall conform to the requirements of ANSI A135.6 and, where used structurally, shall be so identified by the label of an approved agency."
1404.4,Section 1404 Materials,Masonry,,,,,,"Exterior walls of masonry construction shall be designed and constructed in accordance with this section and Chapter 21. Masonry units, mortar and metal accessories used in anchored and adhered veneer shall meet the physical requirements of Chapter 21. The backing of anchored and adhered veneer shall be of concrete, masonry, steel framing or wood framing. Continuous insulation meeting the applicable requirements of this code shall be permitted between the backing and the masonry veneer."
1404.5,Section 1404 Materials,Metal,,,,,,"Exterior walls constructed of cold-formed steel, structural steel or aluminum shall be designed in accordance with Chapters 22 and 20, respectively."
1404.5.1,Section 1404 Materials,Aluminum Siding,,,,,,"Aluminum siding shall conform to the requirements of AAMA 1402. AAMA 1402 shall be modified to read as follows:3.0 SIDING SPECIFICATIONS.3.2.1.1 Static Pressure Test.3.2.1.1.1 All siding products shall be capable of resisting the design pressures specified for walls for components and cladding loads in accordance with Section 1609.1.1. To verify that the soffit will perform under these conditions, it shall be tested in the maximum unsupported length for which the manufacturer seeks conformance when tested in accordance with Test Method #1, ""Standard for Testing of Aluminum Siding/Fastener and Windload Resistance."" The static test pressure shall be as required to demonstrate compliance with the provisions of Section 1609.1.3.2.1.1.2 For applications where the effective design pressure as specified in Section 1609.1.1 is greater than 1040 Pa (21.7 psf) [e.g., wind zone areas greater than 36 m/s (80 mph) or elevations above 33 feet (10 m) the product shall be tested in accordance with Test Method #1 under a static test pressure determined by the formula:Where:PT = Static Test Pressure [Pa (psf)]DPp = Design Pressure [Pa (psf)]1.5 = Safety FactorAppendix A1.0 Windload Criteria is deleted in its entirety."
1404.5.2,Section 1404 Materials,Cold-Rolled Copper,,,,,,Copper shall conform to the requirements of ASTM B370.
1404.5.3,Section 1404 Materials,Lead-Coated Copper,,,,,,Lead-coated copper shall conform to the requirements of ASTM B101.
1404.6,Section 1404 Materials,Concrete,,,,,,Exterior walls of concrete construction shall be designed and constructed in accordance with Chapter 19.
1404.7,Section 1404 Materials,Glass-Unit Masonry,,,,,,Exterior walls of glass-unit masonry shall be designed and constructed in accordance with Chapter 21.
1404.8,Section 1404 Materials,Plastics,,,,,,"Plastic panel, apron or spandrel walls as defined in this code shall not be limited in thickness, provided that such plastics and their assemblies conform to the requirements of Chapter 26 and are constructed of approved weather-resistant materials of adequate strength to resist the wind loads for cladding specified in Chapter 16."
1404.9,Section 1404 Materials,Vinyl Siding,,,,,,Vinyl siding shall be certified and labeled as conforming to the requirements of ASTM D3679 by an approved quality control agency.
1404.10,Section 1404 Materials,Fiber-Cement Siding,,,,,,"Fiber-cement siding shall conform to the requirements of ASTM C1186, Type A (or ISO 8336, Category A), and shall be so identified on labeling listing an approved quality control agency."
1404.11,Section 1404 Materials,Exterior Insulation and Finish Systems,,,,,,Exterior insulation and finish systems (EIFS) and exterior insulation and finish systems (EIFS) with drainage shall comply with Section 1408.
1404.12,Section 1404 Materials,Polypropylene Siding,,,,,,"Polypropylene siding shall be certified and labeled as conforming to the requirements of ASTM D7254 by an approved quality control agency. In addition, polypropylene siding shall conform to the fire separation distance requirements of Section 1404.12.1 or 1404.12.2. Polypropylene siding shall be installed in accordance with the requirements of Section 1405.18 and in accordance with the manufacturer's instructions. Polypropylene siding shall be secured to the building so as to provide weather protection for the exterior walls of the building."
1404.12.1,Section 1404 Materials,Flame Spread Index,,,,,,The certification of the flame spread index shall be accompanied by a test report stating that all portions of the test specimen ahead of the flame front remained in position during the test in accordance with ASTM E84 or UL 723.
1404.12.2,Section 1404 Materials,Fire Separation Distance,,,,,,The fire separation distance between a building with polypropylene siding and the adjacent building shall be not less than 10 feet (3048 mm).
1404.13,Section 1404 Materials,Foam Plastic Insulation,,,,,,Foam plastic insulation used in exterior wall covering assemblies shall comply with Chapter 26.
1404.14,Section 1404 Materials,1404.14,,,,,,Manufactured soffit materials and systems shall be labeled in accordance with the provisions of Section 1709.10 of this code.
1404.15,Section 1404 Materials,Attachments Through Insulation,,,,,,"Exterior wall coverings attached to the building structure through foam plastic insulating sheathing shall comply with the attachment requirements of Section 2603.11, 2603.12 or 2603.13."
1405.1,Section 1405 Installation of Wall Coverings,General,,,,,,Exterior wall coverings shall be designed and constructed in accordance with the applicable provisions of this section and TAS 202 and 203 in the HVHZ.
1405.1.1,Section 1405 Installation of Wall Coverings,Soffits and Fascias,,,,,,Soffits and fascias installed at roof overhangs shall comply with Section 1410.
1405.2,Section 1405 Installation of Wall Coverings,Weather Protection,,,,,,"Exterior walls shall provide weather protection for the building. The materials of the minimum nominal thickness specified in Table 1405.2 shall be acceptable as approved weather coverings. Where the ultimate design wind speed, Vult, is greater than 115 mph, claddings listed in Table 1405.2 must be of adequate strength to resist the wind loads for cladding specified in Chapter 16. TABLE 1405.2 MINIMUM THICKNESS OF WEATHER COVERINGS COVERING TYPE MINIMUM THICKNESS (inches) Adhered masonry veneer 0.25 Aluminum siding 0.019 Anchored masonry veneer 2.625 Asbestos-cement boards 0.125 Asbestos shingles 0.156 Cold-rolled copperd 0.0216 nominal Copper shinglesd 0.0162 nominal Exterior plywood (with sheathing) 0.313 Exterior plywood (without sheathing) See Section 2304.6 (HVHZ, see Section 2322) Fiber cement lap siding 0.25c Fiber cement panel siding 0.25c Fiberboard siding 0.5 Glass-fiber reinforced concrete panels 0.375 Hardboard sidingc 0.25 High-yield copperd 0.0162 nominal Lead-coated copperd 0.0216 nominal Lead-coated high-yield copper 0.0162 nominal Marble slabs 1 Particleboard (with sheathing) See Section 2304.6 (HVHZ, see Section 2315.1.11) Particleboard (without sheathing) See Section 2304.6 (HVHZ, see Section 2315.1.11) Porcelain tile 0.125 nominal Steel (approved corrosion resistant) 0.0149 Stone (cast artificial, anchored) 1.5 Stone (natural) 2 Structural glass 0.344 Stucco or exterior cement plaster Three-coat work over: Metal plaster base 0.875b Unit masonry 0.625b Cast-in-place or precast concrete 0.625b Two-coat work over: Unit masonry 0.5b Cast-in-place or precast concrete 0.375b Terra cotta (anchored) 1 Terra cotta (adhered) 0.25 Vinyl siding 0.035 Wood shingles 0.375 Wood siding (without sheathing)a 0.5 For SI: 1 inch = 25.4 mm, 1 ounce = 28.35 g, 1 square foot = 0.093 m2. Wood siding of thicknesses less than 0.5 inch shall be placed over sheathing that conforms to Section 2304.6. (HVHZ, see Section 2322) Exclusive of texture. As measured at the bottom of decorative grooves. 16 ounces per square foot for cold-rolled copper and lead-coated copper, 12 ounces per square foot for copper shingles, high-yield copper and lead-coated high-yield copper."
1405.3,Section 1405 Installation of Wall Coverings,Vapor Retarders,,,,,,"Vapor retarder materials shall be classified in accordance with Table 1405.3(1). A vapor retarder shall be provided on the interior side of frame walls in accordance with Tables 1405.3(2) and 1405.3(3), or an approved design using accepted engineering practice for hygrothermal analysis. The appropriate climate zone shall be selected in accordance with Chapter 3 [CE] of the Florida Building Code, Energy Conservation—Commercial Provisions.TABLE 1405.3(1)VAPOR RETARDER MATERIALS AND CLASSES VAPOR RETARDER CLASS ACCEPTABLE MATERIALS I Sheet polyethylene, nonperforated aluminum foil, or other approved materials with a perm rating of less than or equal to 0.1 II Kraft-faced fiberglass batts, vapor retarder paint, or other approved materials applied in accordance with the manufacturer's instructions for a perm rating greater than 0.1 and less than or equal to 1.0 III Latex paint, enamel paint, or other approved materials applied in accordance with the manufacturer's instructions for a perm rating of greater than 1.0 and less than or equal to 10 TABLE 1405.3(2)VAPOR RETARDER OPTIONS CLIMATE ZONE VAPOR RETARDER CLASS I II IIIa 1, 2 Not permitted Not Permitted Permitted 3, 4 (except Marine 4) Not permitted Permitted Permitted Marine 4, 5, 6, 7, 8 Permitted Permitted See Table 1405.3(3) Only Class III vapor retarders shall be used on the interior side of frame walls where foam plastic insulating sheathing with a perm rating of less than 1 is applied in accordance with Table 1405.3(3) on the exterior side of the frame wall.TABLE 1405.3(3)CLASS III VAPOR RETARDERS ZONE CLASS III VAPOR RETARDERS PERMITTED FOR:a Marine 4 Vented cladding over wood structural panels Vented cladding over fiberboard Vented cladding over gypsum Insulated sheathing with R-value ≥ R2.5 over 2 × 4 wall Insulated sheathing with R-value ≥ R3.75 over 2 × 6 wall 5 Vented cladding over wood structural panels Vented cladding over fiberboard Vented cladding over gypsum Insulated sheathing with R-value ≥ R5 over 2 × 4 wall Insulated sheathing with R-value ≥ R7.5 over 2 × 6 wall 6 Vented cladding over fiberboard Vented cladding over gypsum Insulated sheathing with R-value ≥ R7.5 over 2 × 4 wall Insulated sheathing with R-value ≥ R11.25 over 2 × 6 wall 7 Continuous insulation with R-value ≥ R10 over 2 × 4 wall Continuous insulation with R-value ≥ R15 over 2 × 6 wall 8 Continuous insulation with R-value ≥ R12.5 over 2 × 4 wall Continuous insulation with R-value ≥ R20 over 2 × 6 wall The requirements in this table apply only to insulation used to control moisture in order to permit the use of Class III vapor retarders. The insulation materials used to satisfy this option also contribute to but do not supersede the thermal envelope requirements of the Florida Building Code, Energy Conservation.Vented cladding shall include vinyl lap siding, polypropylene, or horizontal aluminum siding, brick veneer with clear airspace as specified in this code, and other approved vented claddings."
1405.3.1,Section 1405 Installation of Wall Coverings,Class I and II Vapor Retarders,,,,,,"Where a Class II vapor retarder is used in combination with foam plastic insulating sheathing installed as continuous insulation on the exterior side of frame walls, the continuous insulation shall comply with Table 1405.3.1 and the Class II vapor retarder shall have a vapor permeance greater than 1 perm when measured by ASTM E96 water method (Procedure B). Use of a Class I interior vapor retarder in frame walls with a Class I vapor retarder on the exterior side shall require an approved design.Exceptions:Basement walls.Below-grade portion of any wall.Construction where accumulation, condensation or freezing of moisture will not damage the materials.Class I and II vapor retarders with vapor permeance greater than 1 perm when measured by ASTM E96 water method (Procedure B) shall be allowed on the interior side of any frame wall in all climate zones.TABLE 1405.3.1CONTINUOUS INSULATION WITH CLASS II VAPOR RETARDER CLIMATE ZONE PERMITTED CONDITIONSa 3 Continuous insulation with R-value ≥ 2 4, 5, and 6 Continuous insulation with R-value ≥ 3 over 2 × 4 wall Continuous insulation with R-value ≥ 5 over 2 × 6 wall 7 Continuous insulation with R-value ≥ 5 over 2 × 4 wall Continuous insulation with R-value ≥ 7.5 over 2 × 6 wall 8 Continuous insulation with R-value ≥ 7.5 over 2 × 4 wall Continuous insulation with R-value ≥ 10 over 2 × 6 wall In addition to the vapor retarder, spray foam with a maximum permeance of 1.5 perms at the installed thickness applied to the interior cavity side of wood structural panels, fiberboard, insulating sheathing or gypsum is deemed to comply with the continuous insulation requirement only for the moisture control purposes of this table where the spray foam R-value plus any continuous insulation R-value provided equals or exceeds the specified continuous insulation R-value."
1405.3.2,Section 1405 Installation of Wall Coverings,Class III Vapor Retarders,,,,,,Only Class III vapor retarders shall be used on the interior side of frame walls where foam plastic insulating sheathing with a perm rating of less than 1 is applied in accordance with Table 1404.3(3) on the exterior side of the frame wall.
1405.3.2.1,Section 1405 Installation of Wall Coverings,Spray Foam Plastic Insulation for Moisture Control With Class III Vapor Retarders,,,,,,"For purposes of compliance with Table 1405.3(3), spray foam with a maximum permeance of 1.5 perms at the installed thickness applied to the interior cavity side of wood structural panels, fiberboard, insulating sheathing or gypsum shall be deemed to meet the continuous insulation R-value requirement where the spray foam R-value meets or exceeds the specified continuous insulation R-value."
1405.3.2.1.1,Section 1405 Installation of Wall Coverings,Hybrid Insulation for Moisture Control With Class III Vapor Retarders,,,,,,"For the purposes of compliance with Table 1405.3(3), the combined R-values of spray foam plastic insulation and continuous insulation shall be permitted to be counted toward the continuous R-value requirement."
1405.3.3,Section 1405 Installation of Wall Coverings,Minimum Airspaces and Vented Openings for Vented Cladding,,,,,,"For the purposes of this section, vented cladding shall include the following minimum airspaces:Vinyl lap or horizontal aluminum siding applied over a weather-resistive barrier as specified in this chapter.Brick veneer with an airspace as specified in this code.Other approved vented claddings."
1405.4,Section 1405 Installation of Wall Coverings,Flashing,,,,,,"Flashing shall be installed in such a manner so as to prevent moisture from entering the wall or to redirect that moisture to the exterior. Flashing shall be installed at the perimeters of exterior door and window assemblies, penetrations and terminations of exterior wall assemblies, exterior wall intersections with roofs, chimneys, porches, decks, balconies and similar projections and at built-in gutters and similar locations where moisture could enter the wall. Flashing with projecting flanges shall be installed on both sides and the ends of copings, under sills and continuously above projecting trim. When self-adhered membranes are used as flashing in wall assemblies, those self-adhered flashings shall comply with AAMA-711. When fluid applied membranes are used as flashing for exterior wall openings, those fluid applied membrane flashings shall comply with AAMA 714. Approved corrosion-resistant flashing shall be applied at the following locations: Exterior window and door openings. Flashing at exterior window and door openings shall extend to the surface of the exterior wall finish or to the water-resistive barrier for subsequent drainage. Flashing at exterior window and door openings shall be installed in accordance with one or more of the following: The fenestration manufacturer's installation and flashing instructions, or for applications not addressed in the fenestration manufacturer's instructions, in accordance with the flashing or water-resistive barrier manufacturer's instructions. Where flashing instructions or details are not provided, pan flashing shall be installed at the sill of exterior window and door openings. Pan flashing shall be sealed or sloped in such a manner as to direct water to the surface of the exterior wall finish or to the water-resistive barrier for subsequent drainage. Openings using pan flashing shall also incorporate flashing or protection at the head and sides. In accordance with the flashing design or method of a registered design professional. In accordance with other approved methods. In accordance with FMA/AAMA 100, FMA/AAMA 200, FMA/WDMA 250, FMA/AAMA/WDMA 300, FMA/AAMA/WDMA 400, or FMA/AAMA/WDMA 2710. At the intersection of chimneys or other masonry construction with frame or stucco walls, with projecting lips on both sides under stucco copings. Under and at the ends of masonry, wood or metal copings and sills. Continuously above all projecting wood trim. Where exterior porches, decks or stairs attach to a wall or floor assembly of wood-frame construction. At wall and roof intersections. At built-in gutters."
1405.4.1,Section 1405 Installation of Wall Coverings,Exterior Wall Pockets,,,,,,"In exterior walls of buildings or structures, wall pockets or crevices in which moisture can accumulate shall be avoided or protected with caps or drips, or other approved means shall be provided to prevent water damage."
1405.4.2,Section 1405 Installation of Wall Coverings,Masonry,,,,,,"Flashing and weep holes in anchored veneer shall be located in the first course of masonry above finished ground level above the foundation wall or slab, and other points of support, including structural floors, shelf angles and lintels where anchored veneers are designed in accordance with Section 1405.6."
1405.5,Section 1405 Installation of Wall Coverings,Wood Veneers,,,,,,"Wood veneers on exterior walls of buildings of Type I, II, III and IV construction shall be not less than 1 inch (25 mm) nominal thickness, 0.438-inch (11.1 mm) exterior hardboard siding or 0.375-inch (9.5 mm) exterior-type wood structural panels or particleboard and shall conform to the following:The veneer shall not exceed 40 feet (12 190 mm) in height above grade. Where fire-retardant-treated wood is used, the height shall not exceed 60 feet (18 290 mm) in height above grade.The veneer is attached to or furred from a noncombustible backing that is fire-resistance rated as required by other provisions of this code.Where open or spaced wood veneers (without concealed spaces) are used, they shall not project more than 24 inches (610 mm) from the building wall."
1405.6,Section 1405 Installation of Wall Coverings,Anchored Masonry Veneer,,,,,,"Anchored masonry veneer shall comply with the provisions of Sections 1405.6, 1405.7, 1405.8 and 1405.9 and Sections 12.1 and 12.2 of TMS 402."
1405.6.1,Section 1405 Installation of Wall Coverings,Tolerances,,,,,,Anchored masonry veneers in accordance with Chapter 14 are not required to meet the tolerances in Article 3.3 F1 of TMS 602.
1405.7,Section 1405 Installation of Wall Coverings,Stone Veneer,,,,,,"Anchored stone veneer units not exceeding 10 inches (254 mm) in thickness shall be anchored directly to masonry, concrete or to stud construction by one of the following methods: With concrete or masonry backing, anchor ties shall be not less than 0.1055-inch (2.68 mm) corrosion-resistant wire, or approved equal, formed beyond the base of the backing. The legs of the loops shall be not less than 6 inches (152 mm) in length bent at right angles and laid in the mortar joint, and spaced so that the eyes or loops are 12 inches (305 mm) maximum on center in both directions. There shall be provided not less than a 0.1055-inch (2.68 mm) corrosion-resistant wire tie, or approved equal, threaded through the exposed loops for every 2 square feet (0.2 m2) of stone veneer. This tie shall be a loop having legs not less than 15 inches (381 mm) in length bent so that the tie will lie in the stone veneer mortar joint. The last 2 inches (51 mm) of each wire leg shall have a right-angle bend. One-inch (25 mm) minimum thickness of cement grout shall be placed between the backing and the stone veneer. With wood stud backing, a 2-inch by 2-inch (51 by 51 mm) 0.0625-inch (1.59 mm) zinc-coated or nonmetallic coated wire mesh with two layers of water-resistive barrier in accordance with Section 1404.2 shall be applied directly to wood studs spaced not more than 16 inches (406 mm) on center. On studs, the mesh shall be attached with 2-inch-long (51 mm) corrosion-resistant steel wire furring nails at 4 inches (102 mm) on center providing a minimum 1.125-inch (29 mm) penetration into each stud and with 8d annular threaded nails at 8 inches (203 mm) on center into top and bottom plates or with equivalent wire ties. There shall be not less than a 0.1055-inch (2.68 mm) zinc-coated or nonmetallic coated wire, or approved equal, attached to the stud with not smaller than an 8d (0.120 in. diameter) annular threaded nail for every 2 square feet (0.2 m2) of stone veneer. This tie shall be a loop having legs not less than 15 inches (381 mm) in length, so bent that the tie will lie in the stone veneer mortar joint. The last 2 inches (51 mm) of each wire leg shall have a right-angle bend. One-inch (25 mm) minimum thickness of cement grout shall be placed between the backing and the stone veneer. With cold-formed steel stud backing, a 2-inch by 2-inch (51 by 51 mm) 0.0625-inch (1.59 mm) zinc-coated or nonmetallic coated wire mesh with two layers of water-resistive barrier in accordance with Section 1404.2 shall be applied directly to steel studs spaced a not more than 16 inches (406 mm) on center. The mesh shall be attached with corrosion-resistant #8 self-drilling, tapping screws at 4 inches (102 mm) on center, and at 8 inches (203 mm) on center into top and bottom tracks or with equivalent wire ties. Screws shall extend through the steel connection not fewer than three exposed threads. There shall be not less than a 0.1055-inch (2.68 mm) corrosion-resistant wire, or approved equal, attached to the stud with not smaller than a #8 self-drilling, tapping screw extending through the steel framing not fewer than three exposed threads for every 2 square feet (0.2 m2) of stone veneer. This tie shall be a loop having legs not less than 15 inches (381 mm) in length, so bent that the tie will lie in the stone veneer mortar joint. The last 2 inches (51 mm) of each wire leg shall have a right-angle bend. One-inch (25 mm) minimum thickness of cement grout shall be placed between the backing and the stone veneer. The cold-formed steel framing members shall have a minimum bare steel thickness of 0.0428 inches (1.087 mm)."
1405.8,Section 1405 Installation of Wall Coverings,Slab-Type Veneer,,,,,,"Anchored slab-type veneer units not exceeding 2 inches (51 mm) in thickness shall be anchored directly to masonry, concrete or light-frame construction. For veneer units of marble, travertine, granite or other stone units of slab form, ties of corrosion-resistant dowels in drilled holes shall be located in the middle third of the edge of the units, spaced not more than 24 inches (610 mm) apart around the periphery of each unit with not less than four ties per veneer unit. Units shall not exceed 20 square feet (1.9 m2) in area. If the dowels are not tight fitting, the holes shall be drilled not more than 0.063 inch (1.6 mm) larger in diameter than the dowel, with the hole countersunk to a diameter and depth equal to twice the diameter of the dowel in order to provide a tight-fitting key of cement mortar at the dowel locations where the mortar in the joint has set. Veneer ties shall be corrosion-resistant metal capable of resisting, in tension or compression, a force equal to two times the weight of the attached veneer. If made of sheet metal, veneer ties shall be not smaller in area than 0.0336 by 1 inch (0.853 by 25 mm) or, if made of wire, not smaller in diameter than 0.1483-inch (3.76 mm) wire."
1405.9,Section 1405 Installation of Wall Coverings,Terra Cotta,,,,,,"Anchored terra cotta or ceramic units not less than 15/8 inches (41 mm) thick shall be anchored directly to masonry, concrete or stud construction. Tied terra cotta or ceramic veneer units shall be not less than 15/8 inches (41 mm) thick with projecting dovetail webs on the back surface spaced approximately 8 inches (203 mm) on center. The facing shall be tied to the backing wall with corrosion-resistant metal anchors of not less than No. 8 gage wire installed at the top of each piece in horizontal bed joints not less than 12 inches (305 mm) nor more than 18 inches (457 mm) on center; these anchors shall be secured to 1/4-inch (6.4 mm) corrosion-resistant pencil rods that pass through the vertical aligned loop anchors in the backing wall. The veneer ties shall have sufficient strength to support the full weight of the veneer in tension. The facing shall be set with not less than a 2-inch (51 mm) space from the backing wall and the space shall be filled solidly with Portland cement grout and pea gravel. Immediately prior to setting, the backing wall and the facing shall be drenched with clean water and shall be distinctly damp when the grout is poured."
1405.10,Section 1405 Installation of Wall Coverings,Adhered Masonry Veneer,,,,,,Adhered masonry veneer shall comply with the applicable requirements in this section and Sections 12.1 and 12.3 of TMS 402.
1405.10.1,Section 1405 Installation of Wall Coverings,Exterior Adhered Masonry Veneer,,,,,,Exterior adhered masonry veneer shall be installed in accordance with Section 1405.10 and the manufacturer's instructions.
1405.10.1.1,Section 1405 Installation of Wall Coverings,Water-Resistive Barriers,,,,,,Water-resistive barriers shall be installed as required in Section 2510.6.
1405.10.1.2,Section 1405 Installation of Wall Coverings,Flashing,,,,,,Flashing shall comply with the applicable requirements of Section 1405.4 and the following.
1405.10.1.2.1,Section 1405 Installation of Wall Coverings,Flashing at Foundation,,,,,,A corrosion-resistant screed or flashing of a minimum 0.019-inch (0.48 mm) or 26 gage galvanized or plastic with a minimum vertical attachment flange of 31/2 inches (89 mm) shall be installed to extend not less than 1 inch (25 mm) below the foundation plate line on exterior stud walls in accordance with Section 1405.4. The water-resistive barrier shall lap over the exterior of the attachment flange of the screed or flashing.
1405.10.1.3,Section 1405 Installation of Wall Coverings,Clearances,,,,,,"On exterior stud walls, adhered masonry veneer shall be installed not less than 4 inches (102 mm) above the earth, or not less than 2 inches (51 mm) above paved areas, or not less than 1/2 inch (12.7 mm) above exterior walking surfaces that are supported by the same foundation that supports the exterior wall."
1405.10.1.4,Section 1405 Installation of Wall Coverings,Adhered Masonry Veneer Installed With Lath and Mortar,,,,,,Exterior adhered masonry veneer installed with lath and mortar shall comply with the following.
1405.10.1.4.1,Section 1405 Installation of Wall Coverings,Lathing,,,,,,Lathing shall comply with the requirements of Section 2510.
1405.10.1.4.2,Section 1405 Installation of Wall Coverings,Scratch Coat,,,,,,"A nominal 1/2-inch-thick (12.7 mm) layer of mortar complying with the material requirements of Sections 2103 and 2512.2 shall be applied, encapsulating the lathing. The surface of this mortar shall be scored horizontally, resulting in a scratch coat."
1405.10.1.4.3,Section 1405 Installation of Wall Coverings,Adhering Veneer,,,,,,The masonry veneer units shall be adhered to the mortar scratch coat with a nominal 1/2-inch-thick (12.7 mm) setting bed of mortar complying with Sections 2103 and 2512.2 applied to create a full setting bed for the back of the masonry veneer units. The masonry veneer units shall be worked into the setting bed resulting in a nominal 3/8-inch (9.5 mm) setting bed after the masonry veneer units are applied.
1405.10.1.5,Section 1405 Installation of Wall Coverings,Adhered Masonry Veneer Applied Directly to Masonry and Concrete,,,,,,Adhered masonry veneer applied directly to masonry or concrete shall comply with the applicable requirements of Section 1405.10 and with the requirements of Section 1405.10.1.4 or 2510.7.
1405.10.1.6,Section 1405 Installation of Wall Coverings,Cold Weather Construction,,,,,,Cold weather construction of adhered masonry veneer shall comply with the requirements of Sections 2104 and 2512.4.
1405.10.1.7,Section 1405 Installation of Wall Coverings,Hot Weather Construction,,,,,,Hot weather construction of adhered masonry veneer shall comply with the requirements of Section 2104.
1405.10.2,Section 1405 Installation of Wall Coverings,Exterior Adhered Masonry Veneers—Porcelain Tile,,,,,,Adhered units weighing more than 3.5 pounds per square foot (0.17 kN/m2) shall not exceed 48 inches (1219 mm) in any face dimension nor more than 9 square feet (0.8 m2) in total face area and shall not weigh more than 6 pounds per square foot (0.29 kN/m2). Adhered units weighing less than or equal to 3.5 pounds per square foot (0.17 kN/m2) shall not exceed 72 inches (1829 mm) in any face dimension nor more than 17.5 square feet (1.6 m2) in total face area. Porcelain tile shall be adhered to an approved backing system.
1405.10.3,Section 1405 Installation of Wall Coverings,Interior Adhered Masonry Veneers,,,,,,"Interior adhered masonry veneers shall have a maximum weight of 20 psf (0.958 kg/m2) and shall be installed in accordance with Section 1405.10. Where the interior adhered masonry veneer is supported by wood construction, the supporting members shall be designed to limit deflection to 1/600 of the span of the supporting members."
1405.11,Section 1405 Installation of Wall Coverings,Metal Veneers,,,,,,"Veneers of metal shall be fabricated from approved corrosion-resistant materials or shall be protected front and back with porcelain enamel, or otherwise be treated to render the metal resistant to corrosion. Such veneers shall be not less than 0.0149-inch (0.378 mm) nominal thickness sheet steel mounted on wood or metal furring strips or approved sheathing on light-frame construction."
1405.11.1,Section 1405 Installation of Wall Coverings,Attachment,,,,,,"Exterior metal veneer shall be securely attached to the supporting masonry or framing members with corrosion-resistant fastenings, metal ties or by other approved devices or methods. The spacing of the fastenings or ties shall not exceed 24 inches (610 mm) either vertically or horizontally, but where units exceed 4 square feet (0.4 m2) in area there shall be not less than four attachments per unit. The metal attachments shall have a cross-sectional area not less than provided by W 1.7 wire. Such attachments and their supports shall be designed and constructed to resist the wind loads as specified in Section 1609 for components and cladding."
1405.11.2,Section 1405 Installation of Wall Coverings,Weather Protection,,,,,,"Metal supports for exterior metal veneer shall be protected by painting, galvanizing or by other equivalent coating or treatment. Wood studs, furring strips or other wood supports for exterior metal veneer shall be approved pressure-treated wood or protected as required in Section 1403.2. Joints and edges exposed to the weather shall be caulked with approved durable waterproofing material or by other approved means to prevent penetration of moisture."
1405.11.3,Section 1405 Installation of Wall Coverings,Backup,,,,,,Masonry backup shall not be required for metal veneer unless required by the fire-resistance requirements of this code.
1405.11.4,Section 1405 Installation of Wall Coverings,Grounding,,,,,,Grounding of metal veneers on buildings shall comply with the requirements of Chapter 27 of this code.
1405.12,Section 1405 Installation of Wall Coverings,Glass Veneer,,,,,,"The area of a single section of thin exterior structural glass veneer shall not exceed 10 square feet (0.93 m2) where that section is not more than 15 feet (4572 mm) above the level of the sidewalk or grade level directly below, and shall not exceed 6 square feet (0.56 m2) where it is more than 15 feet (4572 mm) above that level."
1405.12.1,Section 1405 Installation of Wall Coverings,Length and Height,,,,,,The length or height of any section of thin exterior structural glass veneer shall not exceed 48 inches (1219 mm).
1405.12.2,Section 1405 Installation of Wall Coverings,Thickness,,,,,,The thickness of thin exterior structural glass veneer shall be not less than 0.344 inch (8.7 mm).
1405.12.3,Section 1405 Installation of Wall Coverings,Application,,,,,,Thin exterior structural glass veneer shall be set only after backing is thoroughly dry and after application of an approved bond coat uniformly over the entire surface of the backing so as to effectively seal the surface. Glass shall be set in place with an approved mastic cement in sufficient quantity so that at least 50 percent of the area of each glass unit is directly bonded to the backing by mastic not less than 1/4 inch (6.4 mm) thick and not more than 5/8 inch (15.9 mm) thick. The bond coat and mastic shall be evaluated for compatibility and shall bond firmly together.
1405.12.4,Section 1405 Installation of Wall Coverings,Installation at Sidewalk Level,,,,,,"Where glass extends to a sidewalk surface, each section shall rest in an approved metal molding, and be set at least 1/4 inch (6.4 mm) above the highest point of the sidewalk. The space between the molding and the sidewalk shall be thoroughly caulked and made water tight."
1405.12.4.1,Section 1405 Installation of Wall Coverings,Installation Above Sidewalk Level,,,,,,"Where thin exterior structural glass veneer is installed above the level of the top of a bulkhead facing, or at a level more than 36 inches (914 mm) above the sidewalk level, the mastic cement binding shall be supplemented with approved nonferrous metal shelf angles located in the horizontal joints in every course. Such shelf angles shall be not less than 0.0478-inch (1.2 mm) thick and not less than 2 inches (51 mm) long and shall be spaced at approved intervals, with not less than two angles for each glass unit. Shelf angles shall be secured to the wall or backing with expansion bolts, toggle bolts or by other approved methods."
1405.12.5,Section 1405 Installation of Wall Coverings,Joints,,,,,,"Unless otherwise specifically approved by the building official, abutting edges of thin exterior structural glass veneer shall be ground square. Mitered joints shall not be used except where specifically approved for wide angles. Joints shall be uniformly buttered with an approved jointing compound and horizontal joints shall be held to not less than 0.063 inch (1.6 mm) by an approved nonrigid substance or device. Where thin exterior structural glass veneer abuts nonresilient material at sides or top, expansion joints not less than 1/4 inch (6.4 mm) wide shall be provided."
1405.12.6,Section 1405 Installation of Wall Coverings,Mechanical Fastenings,,,,,,"Thin exterior structural glass veneer installed above the level of the heads of show windows and veneer installed more than 12 feet (3658 mm) above sidewalk level shall, in addition to the mastic cement and shelf angles, be held in place by the use of fastenings at each vertical or horizontal edge, or at the four corners of each glass unit. Fastenings shall be secured to the wall or backing with expansion bolts, toggle bolts or by other methods. Fastenings shall be so designed as to hold the glass veneer in a vertical plane independent of the mastic cement. Shelf angles providing both support and fastenings shall be permitted."
1405.12.7,Section 1405 Installation of Wall Coverings,Flashing,,,,,,Exposed edges of thin exterior structural glass veneer shall be flashed with overlapping corrosion-resistant metal flashing and caulked with a waterproof compound in a manner to effectively prevent the entrance of moisture between the glass veneer and the backing.
1405.13,Section 1405 Installation of Wall Coverings,Exterior Windows and Doors,,,,,,Windows and doors installed in exterior walls shall conform to the testing and performance requirements of Section 1709.5.
1405.13.1,Section 1405 Installation of Wall Coverings,Installation,,,,,,Windows and doors shall be installed in accordance with approved manufacturer's instructions. Fastener size and spacing shall be provided in such instructions and shall be calculated based on maximum loads and spacing used in the tests.
1405.14,Section 1405 Installation of Wall Coverings,Vinyl Siding,,,,,,"Vinyl siding conforming to the requirements of this section and complying with ASTM D3679 shall be permitted on exterior walls where the design wind pressure determined in accordance with Section 1609 does not exceed 30 pounds per square foot (1.44 kN/m2). Where the design wind pressure exceeds 30 pounds per square foot (1.44 kN/m2), tests or calculations indicating compliance with Chapter 16 shall be submitted. Vinyl siding shall be secured to the building so as to provide weather protection for the exterior walls of the building."
1405.14.1,Section 1405 Installation of Wall Coverings,Application,,,,,,The siding shall be applied over sheathing or materials listed in Section 2304.6. Siding shall be applied over a water-resistive barrier in accordance with requirements in Section 1404. Siding and accessories shall be installed in accordance with the approved manufacturer's instructions.
1405.14.1.1,Section 1405 Installation of Wall Coverings,Fasteners and Fastener Penetration for Wood Construction,,,,,,"Unless otherwise specified in the approved manufacturer's instructions, nails used to fasten the siding and accessories shall be corrosion resistant and have a minimum 0.313-inch (7.9 mm) head diameter and 1/8-inch (3.18 mm) shank diameter. The penetration into nailable substrate shall be not less than at least 11/4 inches (32 mm)."
1405.14.1.2,Section 1405 Installation of Wall Coverings,Fasteners and Fastener Penetration for Cold-Formed Steel Light-Frame Construction,,,,,,"For cold-formed steel light-frame construction, corrosion resistant fasteners shall be used. Screw fasteners shall penetrate through the steel with a minimum of three exposed threads. Other fasteners shall be installed in accordance with the approved construction documents and manufacturer's instructions."
1405.14.1.3,Section 1405 Installation of Wall Coverings,Fastener Spacing,,,,,,"Unless specified otherwise by the approved manufacturer's instructions, fasteners shall be installed in the middle third of the slots of the nail hem and maximum spacing between fasteners shall be 16 inches (406 mm) for horizontal siding and 12 inches (305 mm) for vertical siding."
1405.14.2,Section 1405 Installation of Wall Coverings,Accessories,,,,,,Accessories must be installed in accordance with the approved manufacturer's instructions.
1405.14.2.1,Section 1405 Installation of Wall Coverings,Starter Strip,,,,,,Horizontal siding shall be installed with a starter strip at the initial course at any location.
1405.14.2.2,Section 1405 Installation of Wall Coverings,Utility Trim,,,,,,"Under windows, and at top of walls, utility trim shall be used with snap locks."
1405.15,Section 1405 Installation of Wall Coverings,Cement Plaster,,,,,,Cement plaster applied to exterior walls shall conform to the requirements specified in Chapter 25.
1405.16,Section 1405 Installation of Wall Coverings,Fiber-Cement Siding,,,,,,"Fiber-cement siding complying with Section 1404.10 shall be permitted on exterior walls of Type I, II, III, IV and V construction for wind pressure resistance or wind speed exposures as indicated by the manufacturer's listing and label and approved installation instructions. Where specified, the siding shall be installed over sheathing or materials listed in Section 2304.6 and shall be installed to conform to the water-resistive barrier requirements in Section 1403. Siding and accessories shall be installed in accordance with approved manufacturer's instructions. Unless otherwise specified in the approved manufacturer's instructions, nails used to fasten the siding to wood studs shall be corrosion-resistant round head smooth shank and shall be long enough to penetrate the studs at least 1 inch (25 mm). For cold-formed steel light-frame construction, corrosion-resistant fasteners shall be used. Screw fasteners shall penetrate the cold-formed steel framing at least three exposed full threads. Other fasteners shall be installed in accordance with the approved construction documents and manufacturer's instructions."
1405.16.1,Section 1405 Installation of Wall Coverings,Panel Siding,,,,,,"Fiber-cement panels shall comply with the requirements of ASTM C1186, Type A, minimum Grade II (or ISO 8336, Category A, minimum Class 2). Panels shall be installed with the long dimension either parallel or perpendicular to framing. Vertical and horizontal joints shall occur over framing members and shall be protected with caulking, with battens or flashing, or be vertical or horizontal shiplap or otherwise designed to comply with Section 1403.2. Panel siding shall be installed with fasteners in accordance with the approved manufacturer's instructions."
1405.16.2,Section 1405 Installation of Wall Coverings,Lap Siding,,,,,,"Fiber-cement lap siding having a maximum width of 12 inches (305 mm) shall comply with the requirements of ASTM C1186, Type A, minimum Grade II (or ISO 8336, Category A, minimum Class 2). Lap siding shall be lapped a minimum of 11/4 inches (32 mm) and lap siding not having tongue-and-groove end joints shall have the ends protected with caulking, covered with an H-section joint cover, located over a strip of flashing or shall be otherwise designed to comply with Section 1403.2. Lap siding courses shall be installed with the fastener heads exposed or concealed in accordance with the approved manufacturer's instructions."
1405.17,Section 1405 Installation of Wall Coverings,Fastening,,,,,,"Weather boarding and wall coverings shall be securely fastened with aluminum, copper, zinc, zinc-coated or other approved corrosion-resistant fasteners in accordance with the nailing schedule in Table 2304.10.1, the HVHZ shall comply with Table 2324.1 or the approved manufacturer's instructions. Shingles and other weather coverings shall be attached with appropriate standard-shingle nails to furring strips securely nailed to studs, or with approved mechanically bonding nails, except where sheathing is of wood not less than 1-inch (25 mm) nominal thickness or of wood structural panels as specified in Section 2301.2 (the HVHZ shall comply with Section 2322)."
1405.18,Section 1405 Installation of Wall Coverings,Polypropylene Siding,,,,,,"Polypropylene siding conforming to the requirements of this section and complying with Section 1404.12 shall be limited to exterior walls of Type VB construction located in areas where the wind speed specified in Chapter 16 does not exceed 100 miles per hour (45 m/s) and the building height is less than or equal to 40 feet (12 192 mm) in Exposure C. Where construction is located in areas where the basic wind speed exceeds 100 miles per hour (45 m/s), or building heights are in excess of 40 feet (12 192 mm), tests or calculations indicating compliance with Chapter 16 shall be submitted. Polypropylene siding shall be installed in accordance with the manufacturer's instructions. Polypropylene siding shall be secured to the building so as to provide weather protection for the exterior walls of the building."
1405.18.1,Section 1405 Installation of Wall Coverings,Installation,,,,,,"Unless otherwise specified in the approved manufacturer's instructions, polypropylene siding and accessories shall be installed over and attached to wood structural panel sheathing with a minimum thickness of 7/16 inch (11.1 mm), or another nailable substrate."
1405.18.1.1,Section 1405 Installation of Wall Coverings,Accessories,,,,,,Accessories shall be installed in accordance with the approved manufacturer's instructions.
1405.18.1.1.1,Section 1405 Installation of Wall Coverings,Starter Strip,,,,,,Horizontal siding shall be installed with a starter strip at the initial course at any location.
1405.18.1.1.2,Section 1405 Installation of Wall Coverings,Under Windows and Top of Walls,,,,,,"Where nail hem is removed such as under windows and at top of walls, nail slot punch or predrilled holes shall be constructed."
1405.18.2,Section 1405 Installation of Wall Coverings,Fastener Requirements,,,,,,"Unless otherwise specified in the approved manufacturer's instructions, nails shall be corrosion resistant, with a minimum 0.120-inch (3 mm) shank and minimum 0.313-inch (8 mm) head diameter. Nails shall be a minimum of 11/4 inches (32 mm) long or as necessary to penetrate sheathing or nailable substrate not less than 3/4 inch (19.1 mm). Where the nail fully penetrates the sheathing or nailable substrate, the end of the fastener shall extend not less than 1/4 inch (6.4 mm) beyond the opposite face of the sheathing or nailable substrate. The spacing of fasteners shall conform to the approved manufacturer's instructions."
1406.1,Section 1406 Combustible Materials on the Exterior Side of Exterior Walls,General,Wall|Covering,Assembly (A)|Business (B)|Educational (E)|Mercantile (M)|Residential (R),sd|dd|cd,assemblies_envelope,architect,Section 1406 shall apply to exterior wall coverings; balconies and similar projections; and bay and oriel windows constructed of combustible materials.
1406.2,Section 1406 Combustible Materials on the Exterior Side of Exterior Walls,Combustible Exterior Wall Coverings,,,,,,Combustible exterior wall coverings shall comply with this section.Exception: Plastics complying with Chapter 26.
1406.2.1,Section 1406 Combustible Materials on the Exterior Side of Exterior Walls,"Type I, II, III and IV Construction",,,,,,"On buildings of Type I, II, III and IV construction, exterior wall coverings shall be permitted to be constructed of combustible materials, complying with the following limitations:Combustible exterior wall coverings shall not exceed 10 percent of an exterior wall surface area where the fire separation distance is 5 feet (1524 mm) or less.Combustible exterior wall coverings shall be limited to 40 feet (12 192 mm) in height above grade plane.Combustible exterior wall coverings constructed of fire-retardant-treated wood complying with Section 2303.2 for exterior installation shall not be limited in wall surface area where the fire separation distance is 5 feet (1524 mm) or less and shall be permitted up to 60 feet (18 288 mm) in height above grade plane regardless of the fire separation distance.Wood veneers shall comply with Section 1405.5."
1406.2.1.1,Section 1406 Combustible Materials on the Exterior Side of Exterior Walls,Ignition Resistance,,,,,,"Where permitted by Section 1406.2.1, combustible exterior wall coverings shall be tested in accordance with NFPA 268.Exceptions:Wood or wood-based products.Other combustible materials covered with an exterior weather covering, other than vinyl sidings, included in and complying with the thickness requirements of Table 1405.2.Aluminum having a minimum thickness of 0.019 inch (0.48 mm)."
1406.2.1.1.1,Section 1406 Combustible Materials on the Exterior Side of Exterior Walls,Fire Separation 5 Feet or Less,,,,,,"Where installed on exterior walls having a fire separation distance of 5 feet (1524 mm) or less, combustible exterior wall coverings shall not exhibit sustained flaming as defined in NFPA 268."
1406.2.1.1.2,Section 1406 Combustible Materials on the Exterior Side of Exterior Walls,Fire Separation Greater Than 5 Feet,,,,,,"For fire separation distances greater than 5 feet (1524 mm), any exterior wall covering shall be permitted that has been exposed to a reduced level of incident radiant heat flux in accordance with the NFPA 268 test method without exhibiting sustained flaming. The minimum fire separation distance required for the exterior wall covering shall be determined from Table 1406.2.1.1.2 based on the maximum tolerable level of incident radiant heat flux that does not cause sustained flaming of the exterior wall covering.TABLE 1406.2.1.1.2MINIMUM FIRE SEPARATION FOR COMBUSTIBLE EXTERIOR WALL COVERINGS FIRE SEPARATION DISTANCE (feet) TOLERABLE LEVEL INCIDENT RADIANT HEAT ENERGY (kW/m2) FIRE SEPARATION DISTANCE (feet) TOLERABLE LEVEL INCIDENT RADIANT HEAT ENERGY (kW/m2) 5 12.5 16 5.9 6 11.8 17 5.5 7 11.0 18 5.2 8 10.3 19 4.9 9 9.6 20 4.6 10 8.9 21 4.4 11 8.3 22 4.1 12 7.7 23 3.9 13 7.2 24 3.7 14 6.7 25 3.5 15 6.3 For SI: 1 foot = 304.8 mm, 1 Btu/H2 × °F = 0.0057 kW/m2 × K."
1406.2.2,Section 1406 Combustible Materials on the Exterior Side of Exterior Walls,Location,,,,,,Combustible exterior wall coverings located along the top of exterior walls shall be completely backed up by the exterior wall and shall not extend over or above the top of the exterior wall.
1406.2.3,Section 1406 Combustible Materials on the Exterior Side of Exterior Walls,Fireblocking,,,,,,"Where the combustible exterior wall covering is furred out from the exterior wall and forms a solid surface, the distance between the back of the exterior wall covering and the exterior wall shall not exceed 15/8 inches (41 mm). The concealed space thereby created shall be fireblocked in accordance with Section 718.Exception: The distance between the back of the exterior wall covering and the exterior wall shall be permitted to exceed 15/8 inches (41 mm) where the concealed space is not required to be fireblocked by Section 718."
1406.3,Section 1406 Combustible Materials on the Exterior Side of Exterior Walls,Balconies and Similar Projections,,,,,,"Balconies and similar projections of combustible construction other than fire-retardant-treated wood shall be fire-resistance rated where required by Table 601 for floor construction or shall be of heavy timber construction in accordance with Section 2304.11. The aggregate length of the projections shall not exceed 50 percent of the building's perimeter on each floor.Exceptions:On buildings of Type I and II construction, three stories or less above grade plane, fire-retardant-treated wood shall be permitted for balconies, porches, decks and exterior stairways not used as required exits.Untreated wood, and plastic composites that comply with ASTM D7032 and Section 2612, are permitted for pickets and rails or similar guardrail devices that are limited to 42 inches (1067 mm) in height.Balconies and similar projections on buildings of Type III, IV and V construction shall be permitted to be of Type V construction, and shall not be required to have a fire-resistance rating where sprinkler protection is extended to these areas.Where sprinkler protection is extended to the balcony areas, the aggregate length of the balcony on each floor shall not be limited."
1406.4,Section 1406 Combustible Materials on the Exterior Side of Exterior Walls,Bay and Oriel Windows,,,,,,"Bay and oriel windows shall conform to the type of construction required for the building to which they are attached.Exception: Fire-retardant-treated wood shall be permitted on buildings three stories or less above grade plane of Type I, II, III or IV construction."
1407.1,Section 1407 Metal Composite Materials (MCM),General,Wall|Covering,Assembly (A)|Business (B)|Educational (E)|Residential (R)|Mercantile (M),sd|dd|cd,assemblies_envelope,architect,"The provisions of this section shall govern the materials, construction and quality of metal composite materials (MCM) for use as exterior wall coverings in addition to other applicable requirements of Chapters 14 and 16."
1407.2,Section 1407 Metal Composite Materials (MCM),Exterior Wall Finish,,,,,,MCM used as exterior wall finish or as elements of balconies and similar projections and bay and oriel windows to provide cladding or weather resistance shall comply with Sections 1407.4 through 1407.14.
1407.3,Section 1407 Metal Composite Materials (MCM),Architectural Trim and Embellishments,,,,,,MCM used as architectural trim or embellishments shall comply with Sections 1407.7 through 1407.14.
1407.4,Section 1407 Metal Composite Materials (MCM),Structural Design,,,,,,MCM systems shall be designed and constructed to resist wind loads as required by Chapter 16 for components and cladding.
1407.5,Section 1407 Metal Composite Materials (MCM),Approval,,,,,,Results of approved tests or an engineering analysis shall be submitted to the building official to verify compliance with the requirements of Chapter 16 for wind loads.
1407.6,Section 1407 Metal Composite Materials (MCM),Weather Resistance,,,,,,MCM systems shall comply with Section 1403 and shall be designed and constructed to resist wind and rain in accordance with this section and the manufacturer's installation instructions.
1407.7,Section 1407 Metal Composite Materials (MCM),Durability,,,,,,MCM systems shall be constructed of approved materials that maintain the performance characteristics required in Section 1407 for the duration of use.
1407.8,Section 1407 Metal Composite Materials (MCM),Fire-Resistance Rating,,,,,,"Where MCM systems are used on exterior walls required to have a fire-resistance rating in accordance with Section 705, evidence shall be submitted to the building official that the required fire-resistance rating is maintained.Exception: MCM systems that are part of an exterior wall envelope not containing foam plastic insulation and are installed on the outer surface of a fire-resistance-rated exterior wall in a manner such that the attachments do not penetrate through the entire exterior wall assembly, shall not be required to comply with this section."
1407.9,Section 1407 Metal Composite Materials (MCM),Surface-Burning Characteristics,,,,,,"Unless otherwise specified, MCM shall have a flame spread index of 75 or less and a smoke-developed index of 450 or less when tested in the maximum thickness intended for use in accordance with ASTM E84 or UL 723."
1407.10,Section 1407 Metal Composite Materials (MCM),"Type I, II, III and IV Construction",,,,,,"Where installed on buildings of Type I, II, III and IV construction, MCMs and MCM systems shall comply with Sections 1407.10.1 through 1407.10.3 for installations up to 40 feet (12 192 mm) above grade plane. Where installed on buildings of Type I, II, III and IV construction, MCMs and MCM systems shall comply with Sections 1407.10.1 through 1407.10.4 for installations greater than 40 feet (12 192 mm) above grade plane."
1407.10.1,Section 1407 Metal Composite Materials (MCM),Surface-Burning Characteristics,,,,,,MCM shall have a flame spread index of not more than 25 and a smoke-developed index of not more than 450 when tested as an assembly in the maximum thickness intended for use in accordance with ASTM E84 or UL 723.
1407.10.2,Section 1407 Metal Composite Materials (MCM),Thermal Barriers,,,,,,MCM shall be separated from the interior of a building by an approved thermal barrier consisting of 1/2-inch (12.7 mm) gypsum wallboard or a material that is tested in accordance with and meets the acceptance criteria of both the Temperature Transmission Fire Test and the Integrity Fire Test of NFPA 275.
1407.10.3,Section 1407 Metal Composite Materials (MCM),Thermal Barrier Not Required,,,,,,"The thermal barrier specified for MCM in Section 1407.10.2 is not required where:The MCM system is specifically approved based on tests conducted in accordance with NFPA 286 and with the acceptance criteria of Section 803.1.2.1, UL 1040 or UL 1715. Such testing shall be performed with the MCM in the maximum thickness intended for use. The MCM system shall include seams, joints and other typical details used in the installation and shall be tested in the manner intended for use.The MCM is used as elements of balconies and similar projections, architectural trim or embellishments."
1407.10.4,Section 1407 Metal Composite Materials (MCM),Full-Scale Tests,,,,,,"The MCM system shall be tested in accordance with, and comply with, the acceptance criteria of NFPA 285. Such testing shall be performed on the MCM system with the MCM in the maximum thickness intended for use."
1407.11,Section 1407 Metal Composite Materials (MCM),1407.11,,,,,,Reserved.
1407.12,Section 1407 Metal Composite Materials (MCM),Type V Construction,,,,,,MCM shall be permitted to be installed on buildings of Type V construction.
1407.13,Section 1407 Metal Composite Materials (MCM),Foam Plastic Insulation,,,,,,"Where MCM systems are included in an exterior wall envelope containing foam plastic insulation, the exterior wall envelope shall also comply with the requirements of Section 2603."
1407.14,Section 1407 Metal Composite Materials (MCM),Labeling,,,,,,MCM shall be labeled in accordance with Section 1703.5.
1408.1,Section 1408 Exterior Insulation and Finish Systems (EIFS),General,Covering|Wall,Assembly (A)|Business (B)|Educational (E)|Residential (R)|Mercantile (M),dd|cd,finishes_materials,architect,"The provisions of this section shall govern the materials, construction and quality of exterior insulation and finish systems (EIFS) for use as exterior wall coverings in addition to other applicable requirements of Chapters 7, 14, 16, 17 and 26."
1408.2,Section 1408 Exterior Insulation and Finish Systems (EIFS),Performance Characteristics,,,,,,EIFS shall be constructed such that it meets the performance characteristics required in ASTM E2568.
1408.3,Section 1408 Exterior Insulation and Finish Systems (EIFS),Structural Design,,,,,,The underlying structural framing and substrate shall be designed and constructed to resist loads as required by Chapter 16.
1408.4,Section 1408 Exterior Insulation and Finish Systems (EIFS),Weather Resistance,,,,,,EIFS shall comply with Section 1403 and shall be designed and constructed to resist wind and rain in accordance with this section and the manufacturer's application instructions.
1408.4.1,Section 1408 Exterior Insulation and Finish Systems (EIFS),EIFS With Drainage,,,,,,"EIFS with drainage shall have an average minimum drainage efficiency of 90 percent when tested in accordance the requirements of ASTM E2273 and is required on framed walls of Type V construction, Group R1, R2, R3 and R4 occupancies."
1408.4.1.1,Section 1408 Exterior Insulation and Finish Systems (EIFS),Water-Resistive Barrier,,,,,,"For EIFS with drainage, the water-resistive barrier shall comply with Section 1404.2 or ASTM E2570."
1408.5,Section 1408 Exterior Insulation and Finish Systems (EIFS),Installation,,,,,,Installation of the EIFS and EIFS with drainage shall be in accordance with the EIFS manufacturer's instructions.
1408.6,Section 1408 Exterior Insulation and Finish Systems (EIFS),Special Inspections,,,,,,Reserved.
1409.1,Section 1409 High-Pressure Decorative Exterior-Grade Compact Laminates (HPL),General,Wall|Covering,Assembly (A)|Business (B)|Educational (E)|Mercantile (M)|Residential (R),sd|dd|cd,assemblies_envelope,architect,"The provisions of this section shall govern the materials, construction and quality of High-Pressure Decorative Exterior-Grade Compact Laminates (HPL) for use as exterior wall coverings in addition to other applicable requirements of Chapters 14 and 16."
1409.2,Section 1409 High-Pressure Decorative Exterior-Grade Compact Laminates (HPL),Exterior Wall Finish,,,,,,HPL used as exterior wall covering or as elements of balconies and similar projections and bay and oriel windows to provide cladding or weather resistance shall comply with Sections 1409.4 and 1409.14.
1409.3,Section 1409 High-Pressure Decorative Exterior-Grade Compact Laminates (HPL),Architectural Trim and Embellishments,,,,,,HPL used as architectural trim or embellishments shall comply with Sections 1409.7 through 1409.14.
1409.4,Section 1409 High-Pressure Decorative Exterior-Grade Compact Laminates (HPL),Structural Design,,,,,,HPL systems shall be designed and constructed to resist wind loads as required by Chapter 16 for components and cladding.
1409.5,Section 1409 High-Pressure Decorative Exterior-Grade Compact Laminates (HPL),Approval,,,,,,Results of approved tests or an engineering analysis shall be submitted to the building official to verify compliance with the requirements of Chapter 16 for wind loads.
1409.6,Section 1409 High-Pressure Decorative Exterior-Grade Compact Laminates (HPL),Weather Resistance,,,,,,HPL systems shall comply with Section 1403 and shall be designed and constructed to resist wind and rain in accordance with this section and the manufacturer's instructions.
1409.7,Section 1409 High-Pressure Decorative Exterior-Grade Compact Laminates (HPL),Durability,,,,,,HPL systems shall be constructed of approved materials that maintain the performance characteristics required in Section 1409 for the duration of use.
1409.8,Section 1409 High-Pressure Decorative Exterior-Grade Compact Laminates (HPL),Fire-Resistance Rating,,,,,,"Where HPL systems are used on exterior walls required to have a fire-resistance rating in accordance with Section 705, evidence shall be submitted to the building official that the required fire-resistance rating is maintained.Exception: HPL systems not containing foam plastic insulation, which are installed on the outer surface of a fire-resistance-rated exterior wall in a manner such that the attachments do not penetrate through the entire exterior wall assembly, shall not be required to comply with this section."
1409.9,Section 1409 High-Pressure Decorative Exterior-Grade Compact Laminates (HPL),Surface-Burning Characteristics,,,,,,"Unless otherwise specified, HPL shall have a flame spread index of 75 or less and a smoke-developed index of 450 or less when tested in the minimum and maximum thicknesses intended for use in accordance with ASTM E84 or UL 723."
1409.10,Section 1409 High-Pressure Decorative Exterior-Grade Compact Laminates (HPL),"Type I, II, III and IV Construction",,,,,,"Where installed on buildings of Type I, II, III and IV construction, HPL systems shall comply with Sections 1409.10.1 through 1409.10.4, or Section 1409.11."
1409.10.1,Section 1409 High-Pressure Decorative Exterior-Grade Compact Laminates (HPL),Surface-Burning Characteristics,,,,,,HPL shall have a flame spread index of not more than 25 and a smoke-developed index of not more than 450 when tested in the minimum and maximum thicknesses intended for use in accordance with ASTM E84 or UL 723.
1409.10.2,Section 1409 High-Pressure Decorative Exterior-Grade Compact Laminates (HPL),Thermal Barriers,,,,,,HPL shall be separated from the interior of a building by an approved thermal barrier consisting of 1/2-inch (12.7 mm) gypsum wallboard or a material that is tested in accordance with and meets the acceptance criteria of both the Temperature Transmission Fire Test and the Integrity Fire Test of NFPA 275.
1409.10.3,Section 1409 High-Pressure Decorative Exterior-Grade Compact Laminates (HPL),Thermal Barrier Not Required,,,,,,"The thermal barrier specified for HPL in Section 1409.10.2 is not required where:The HPL system is specifically approved based on tests conducted in accordance with NFPA 286, and with the acceptance criteria of Section 803.1.2.1, or with UL 1040 or UL 1715. Such testing shall be performed with the HPL in the minimum and maximum thicknesses intended for use. The HPL system shall include seams, joints and other typical details used in the installation and shall be tested in the manner intended for use.The HPL is used as elements of balconies and similar projections, architectural trim or embellishments."
1409.10.4,Section 1409 High-Pressure Decorative Exterior-Grade Compact Laminates (HPL),Full-Scale Tests,,,,,,"The HPL system shall be tested in accordance with, and comply with, the acceptance criteria of NFPA 285. Such testing shall be performed on the HPL system with the HPL in the minimum and maximum thicknesses intended for use."
1409.11,Section 1409 High-Pressure Decorative Exterior-Grade Compact Laminates (HPL),Alternate Conditions,,,,,,HPL and HPL systems shall not be required to comply with Sections 1409.10.1 through 1409.10.4 provided such systems comply with Section 1409.11.1.
1409.11.1,Section 1409 High-Pressure Decorative Exterior-Grade Compact Laminates (HPL),Installations Up to 40 Feet in Height,,,,,,HPL shall be permitted to be installed up to 40 feet (12 190 mm) in height above grade plane where installed in accordance with Section 1409.11.1.1 or 1409.11.1.2.
1409.11.1.1,Section 1409 High-Pressure Decorative Exterior-Grade Compact Laminates (HPL),Fire Separation Distance of 5 Feet or Less,,,,,,"Where the fire separation distance is 5 feet (1524 mm) or less, the area of HPL shall not exceed 10 percent of the exterior wall surface."
1409.11.1.2,Section 1409 High-Pressure Decorative Exterior-Grade Compact Laminates (HPL),Fire Separation Distance Greater Than 5 Feet,,,,,,"Where the fire separation distance is greater than 5 feet (1524 mm), there shall be no limit on the area of exterior wall surface coverage using HPL."
1409.12,Section 1409 High-Pressure Decorative Exterior-Grade Compact Laminates (HPL),Type V Construction,,,,,,HPL shall be permitted to be installed on buildings of Type V construction.
1409.13,Section 1409 High-Pressure Decorative Exterior-Grade Compact Laminates (HPL),Foam Plastic Insulation,,,,,,HPL systems containing foam plastic insulation shall also comply with the requirements of Section 2603.
1409.14,Section 1409 High-Pressure Decorative Exterior-Grade Compact Laminates (HPL),Labeling,,,,,,HPL shall be labeled in accordance with Section 1703.5.
1410.1,Section 1410 Soffits and Fascias at Roof Overhangs,General,,,,,,Soffits and fascias at roof overhangs shall be designed and constructed in accordance with the applicable provisions of this section.
1410.2,Section 1410 Soffits and Fascias at Roof Overhangs,General Wind Requirements,,,,,,Soffits and fascias shall be capable of resisting the component and cladding loads for walls determined in accordance with Chapter 16 using an effective wind area of 10 square feet (0.93 m2). FIGURE 1410.2(1) TYPICAL SINGLE-SPAN VINYL OR ALUMINUM SOFFIT PANEL SUPPORT
1410.3,Section 1410 Soffits and Fascias at Roof Overhangs,Vinyl and Aluminum Soffit Panels,,,,,,"Vinyl and aluminum soffit panels shall comply with Section 1410.2 and shall be installed using fasteners specified by the manufacturer and shall be fastened at both ends to a supporting component such as a nailing strip, fascia or subfascia component in accordance with Figure 1410.3(1). Where the unsupported span of soffit panels is greater than 12 inches (406 mm), intermediate nailing strips shall be provided in accordance with Figure 1410.3(2) unless a larger span is permitted in accordance with the manufacturer's product approval specification and limitations of use. Vinyl and aluminum soffit panels shall be installed in accordance with the manufacturer's product approval specification and limitations of use. Fasteners shall be corrosion resistant. Fascias shall comply with Section 1410.7 and the manufacturer's product approval specification and limitations of use. In the HVHZ, vinyl and aluminum soffit panels shall also comply with TAS 202 and TAS 203. FIGURE 1410.3(1) TYPICAL DOUBLE-SPAN VINYL OR ALUMINUM SOFFIT PANEL SUPPORT"
1410.4,Section 1410 Soffits and Fascias at Roof Overhangs,Fiber-Cement Soffit Panels,,,,,,"Fiber-cement soffit panels shall comply with Section 1410.2 and shall be a minimum of 1/4 inch (6.4 mm) in thickness and comply with the requirements of ASTM C1186, Type A, minimum Grade II, or ISO 8336, Category A, minimum Class 2. Panel joints shall occur over framing or over wood structural panel sheathing. Soffit panels shall be installed with spans and fasteners in accordance with the manufacturer's product approval specification and limitations of use. Fasteners shall be corrosion resistant. In the HVHZ, fiber-cement soffit panels shall also comply with TAS 202 and TAS 203."
1410.5,Section 1410 Soffits and Fascias at Roof Overhangs,Hardboard Soffit Panels,,,,,,"Hardboard soffit panels shall comply with Section 1410.2 and shall be not less than 7/16 inch (11.11 mm) in thickness and fastened to framing or nailing strips to meet the required design wind pressures. Where the design wind pressure is 30 psf (1.44 kPa) and less, hardboard soffit panels are permitted to be attached to wood framing with 21/2-inch by 0.113-inch (64 mm by 2.9 mm) siding nails spaced not more than 6 inches (152 mm) on center at panel edges and 12 inches (305 mm) on center at intermediate supports. Where the design wind pressure is greater than 30 psf (1.44 kPa), hardboard soffit panels shall be installed in accordance with the manufacturer's product approval specification and limitations of use. Fasteners shall be corrosion resistant. In the HVHZ, hardboard soffit panels shall also comply with TAS 202 and TAS 203."
1410.6,Section 1410 Soffits and Fascias at Roof Overhangs,Wood Structural Panel Soffit,,,,,,"Wood structural panel soffits shall comply with Section 1410.2 and shall have a minimum panel performance category of 3/8. Fasteners shall be corrosion resistant. Alternatively, wood structural panel soffits are permitted to attached to wood framing in accordance with Table 1410.6.TABLE 1410.6PRESCRIPTIVE ALTERNATE FOR WOOD STRUCTURAL PANEL SOFFITb, c, d, e MAXIMUM DESIGN PRESSURE (- or + psf) MINIMUM PANEL SPAN RATING MINIMUM PANEL PERFORMANCE CATEGORY NAIL TYPE AND SIZE (inches) FASTENERa SPACING ALONG EDGES AND INTERMEDIATE SUPPORTS (inches) GALVANIZED STEEL STAINLESS STEEL 30 24/0 3/8 6d box (2 × 0.099 × 0.266 head diameter) 6f 4 40 24/0 3/8 6d box (2 × 0.099 × 0.266 head diameter) 6 4 50 24/0 3/8 6d box (2 × 0.099 × 0.266 head diameter) 4 4 8d common (21/2 × 0.131 × 0.281 head diameter) 6 6 60 24/0 3/8 6d box (2 × 0.099 × 0.266 head diameter) 4 3 8d common (21/2 × 0.131 × 0.281 head diameter) 6 4 70 24/16 7/16 8d common (21/2 × 0.131 × 0.281 head diameter) 4 4 10d box (3 × 0.128 × 0.312 head diameter) 6 4 80 24/16 7/16 8d common (21/2 × 0.131 × 0.281 head diameter) 4 4 10d box (3 × 0.128 × 0.312 head diameter) 6 4 90 32/16 15/32 8d common (21/2 × 0.131 × 0.281 head diameter) 4 3 10d box (3 × 0.128 × 0.312 head diameter) 6 4 For SI: 1 inch = 25.4 mm, 1 foot = 304.5 mm, 1 pound per square foot = 0.0479 kW/m2.Fasteners shall comply with Section 1410.6.Maximum spacing of soffit framing members shall not exceed 24 inches.Wood structural panels shall be of an exterior exposure grade.Wood structural panels shall be installed with strength axis perpendicular to supports with a minimum of two continuous spans.Wood structural panels shall be attached to soffit framing members with specific gravity of at least 0.42. Framing members shall be minimum 2 × 3 nominal with the larger dimension in the cross section aligning with the length of fasteners to provide sufficient embedment depths.Spacing at intermediate supports is permitted to be 12 inches on center."
1410.7,Section 1410 Soffits and Fascias at Roof Overhangs,Aluminum Fascia,,,,,,"Aluminum fascia shall have a minimum thickness of 0.019 inches and be installed per the manufacturer's instructions and this code. Fasteners shall be aluminum or stainless steel. Aluminum fascia shall be attached in accordance with Section 1410.7.1, 1410.7.2 or 1410.7.3. The drip edge shall comply with 1507.2.9.3, and the thickness of the drip edge shall be in accordance with Table 1503.2."
1410.7.1,Section 1410 Soffits and Fascias at Roof Overhangs,Fascia Installation Where the Design Wind Pressure Is 30 psf or Less,,,,,,"Where the design wind pressure is 30 psf (1.44 kPa) or less, aluminum fascia shall be attached as follows:Finish nails shall be provided in the return leg (11/4"" × 0.057"" × 0.177"" head diameter) spaced a maximum of 24 inches (610 mm) on center.The fascia shall be inserted under the drip edge with not less than half the height of the drip edge or 1 inch (25 mm), whichever is greater, of the fascia material covered by the drip edge. One finish nail shall be centered in the face of the fascia from each end of the fascia material section located no more than 1 inch below the drip edge."
1410.7.2,Section 1410 Soffits and Fascias at Roof Overhangs,1410.7.2,,,,,,"Where the design wind pressure is greater than 30 pounds per square foot (1.44 kPa), aluminum fascia shall be attached with one a finish nail [11/4 inches by 0.57 inch by 0.177 inch head diameter (32 mm × 14.5 mm × 4.5 mm)] in the return leg spaced a maximum of 16 inches (406 mm) on center. The fascia shall be inserted under the drip edge with not less than half the height of the drip edge or 1.0 inch (25 mm), whichever is greater, of the fascia material covered by the drip edge. And one of the following additional attachments: One finish nail shall be centered in the face of the fascia from each end of the fascia material section located no more than 1 inch (25mm) below the drip edge. Top edge of the fascia is secured using utility trim installed beneath the drip edge with snap locks punched into the fascia spaced not more than 6 inches (152 mm) on center, or An approved adhesive applied to the inside of the fascia cover or onto the exterior face of the subfascia framing member."
1410.7.2.1,Section 1410 Soffits and Fascias at Roof Overhangs,Fascia Installation Where the Design Wind Pressure Is 30 psf or Less,,,,,,"Where the design wind pressure is 30 pounds per square foot (1.44 kPA) or less, aluminum fascia shall be attached as follows: Finish nails shall be provided in the return leg (11/4"" × 0.057"" × 0.177"" head diameter) spaced a maximum of 24 inches (610 mm) on center, and The fascia shall be inserted under the drip edge with not less than half the height of the drip edge or 1.0 inch (25 mm), whichever is greater, of the fascia material covered by the drip edge. One finish nail shall be centered in the face of the fascia from each end of the fascia material section located no more than 1 inch below the drip edge. FIGURE 1410.2(1) TYPICAL SINGLE-SPAN VINYL OR ALUMINUM SOFFIT PANEL SUPPORT"
1410.7.2.2,Section 1410 Soffits and Fascias at Roof Overhangs,1410.7.2.2,,,,,,"Where the height of the fascia from the top of the roof sheathing to the bottom of the sub-fascia plus any thickness of soffit material below the sub-fascia is greater than 6.5 inches (165 mm), the top edge of the fascia shall be secured using utility trim installed beneath the drip edge with snap locks punched into the fascia spaced no more than 6 inches (152 mm) on center."
1410.7.3,Section 1410 Soffits and Fascias at Roof Overhangs,Fascia Installation Where the Design Wind Pressure Exceeds 60 psf,,,,,,"Where the design wind pressure is greater than 60 psf (2.88 kPa), aluminum fascia shall be attached in accordance with Section 1410.7.3.1 or 1410.7.3.2."
1410.7.3.1,Section 1410 Soffits and Fascias at Roof Overhangs,1410.7.3.1,,,,,,"Where the height of the fascia from the top of the roof sheathing to the bottom of the sub-fascia plus any thickness of soffit material below the sub-fascia is less than or equal to 4.5 inches (114 mm) or less aluminum fascia shall be attached as follows:Finish nails shall be provided in the return leg (11/4"" × 0.057"" × 0.177"" head diameter) spaced a maximum of 16 inches (406 mm) on center.The fascia shall be inserted under the drip edge with not less than half the height of the drip edge or 1 inch (25 mm), whichever is greater, of the fascia material covered by the drip edge. One finish nail shall be centered in the face of the fascia from each end of the fascia material section located no more than 1 inch below the drip edge."
1410.7.3.2,Section 1410 Soffits and Fascias at Roof Overhangs,1410.7.3.2,,,,,,"Where the height of the fascia from the top of the roof sheathing to the bottom of the sub-fascia plus any thickness of soffit material below the sub-fascia is greater than 4.5 inches (114 mm), the top edge of the fascia shall be secured using utility trim installed beneath the drip edge with snap locks punched into the fascia spaced no more than 6 inches (152 mm) on center."
1410.7.4,Section 1410 Soffits and Fascias at Roof Overhangs,Corners on Hip Roofs,,,,,,Fascia shall be bent around corners and extend at least 12 inches (305 mm) beyond the corner. The next fascia material section shall overlap the extension a minimum of 3 inches (76 mm) and be fastened through the return leg at the overlap.
1410.7.5,Section 1410 Soffits and Fascias at Roof Overhangs,Corners on Gable Roofs,,,,,,"Fascia shall be wrapped (tabbed) around and extend at least 1 inch (25 mm) beyond the corner. The gable fascia material section shall overlap the tab and be fastened through the fascia cover and the tab at the end with two face nails (11/4"" × 0.057"" × 0.177"" head diameter) for a 2 × 4-inch sub-fascia and three face nails for 2 × 6-inch and greater sub fascia."
1411.1,Section 1411 Plastic Composite Decking,Plastic Composite Decking,,,,,,"Exterior deck boards, stair treads, handrails and guard systems constructed of plastic composites, including plastic lumber, shall comply with Section 2612."
