id,section,title,ifc_type,occupancy,design_phase,code_category,primary_responsibility,body
301.1,Section 301 Scope,General,BuildingElementProxy,Assembly (A)|Business (B)|Educational (E)|Factory and Industrial (F)|Residential (R),concept|sd|dd,occupancy_classification,architect,The provisions of this chapter shall control the classification of all buildings and structures as to occupancy and use. Different classifications of occupancy and use represent varying levels of hazard and risk to building occupants and adjacent properties.
302.1,Section 302 Occupancy Classification and Use Designation,Occupancy Classification,BuildingElementProxy,Assembly (A)|Business (B)|Educational (E)|Factory and Industrial (F)|Residential (R),sd|dd|cd,occupancy_classification,architect,"Occupancy classification is the formal designation of the primary purpose of the building, structure or portion thereof. Structures shall be classified into one or more of the occupancy groups listed in this section based on the nature of the hazards and risks to building occupants generally associated with the intended purpose of the building or structure. An area, room or space that is intended to be occupied at different times for different purposes shall comply with all applicable requirements associated with such potential multipurpose. Structures containing multiple occupancy groups shall comply with Section 508. Where a structure is proposed for a purpose that is not specifically listed in this section such structure shall be classified in the occupancy it most nearly resembles based on the fire safety and relative hazard. Occupied roofs shall be classified in the group that the occupancy most nearly resembles, according to the fire safety and relative hazard involved, and shall comply with Section 503.1.4.Assembly (see Section 303): Groups A-1, A-2, A-3, A-4 and A-5.Business (see Section 304): Group B.Educational (see Section 305): Group E.Factory and Industrial (see Section 306): Groups F-1 and F-2.High Hazard (see Section 307): Groups H-1, H-2, H-3, H-4 and H-5.Institutional (see Section 308): Groups I-1, I-2, I-3 and I-4.Mercantile (see Section 309): Group M.Residential (see Section 310): Groups R-1, R-2, R-3 and R-4.Storage (see Section 311): Groups S-1 and S-2.Utility and Miscellaneous (see Section 312): Group U."
302.2,Section 302 Occupancy Classification and Use Designation,Use Designation,BuildingElementProxy,Assembly (A)|Business (B)|Educational (E)|Factory and Industrial (F)|High Hazard (H),concept|sd,occupancy_classification,architect,"Occupancy groups contain subordinate uses having similar hazards and risks to building occupants. Uses include, but are not limited to, those functional designations listed within the occupancy group descriptions in Section 302.1. Certain uses require specific limitations and controls in accordance with the provisions of Chapter 4 and elsewhere in this code."
303.1,Section 303 Assembly Group A,Assembly Group A,Wall|Door|Slab,Assembly (A),concept|sd|dd|cd,occupancy_classification,architect,"Assembly Group A occupancy includes, among others, the use of a building or structure, or a portion thereof, for the gathering of persons for purposes such as civic, social or religious functions; recreation, food or drink consumption or awaiting transportation."
303.1.1,Section 303 Assembly Group A,Small Buildings and Tenant Spaces,Wall|Door|Slab,Assembly (A)|Business (B),sd|dd|cd,occupancy_classification,architect,A building or tenant space used for assembly purposes with an occupant load of less than 50 persons shall be classified as a Group B occupancy.
303.1.2,Section 303 Assembly Group A,Small Assembly Spaces,Wall|Door|Slab,Assembly (A)|Business (B),concept|sd|dd|cd,occupancy_classification,architect,The following rooms and spaces shall not be classified as Assembly occupancies:A room or space used for assembly purposes with an occupant load of less than 50 persons and accessory to another occupancy shall be classified as a Group B occupancy or as part of that occupancy.A room or space used for assembly purposes that is less than 750 square feet (70 m2) in area and accessory to another occupancy shall be classified as a Group B occupancy or as part of that occupancy.
303.1.3,Section 303 Assembly Group A,Associated With Group E Occupancies,Wall|Door|Slab,Educational (E)|Assembly (A),sd|dd|cd,occupancy_classification,architect,A room or space used for assembly purposes that is associated with a Group E occupancy is not considered a separate occupancy.
303.1.4,Section 303 Assembly Group A,Accessory to Places of Religious Worship,BuildingElementProxy|Door|Wall,Assembly (A)|Educational (E),sd|dd|cd,occupancy_classification,architect,Accessory religious educational rooms and religious auditoriums with occupant loads of less than 100 per room or space are not considered separate occupancies.
303.2,Section 303 Assembly Group A,Assembly Group A-1,Wall|Door|Window,Assembly (A),concept|sd|dd|cd,occupancy_classification,architect,"Group A-1 occupancy includes assembly uses, usually with fixed seating, intended for the production and viewing of the performing arts or motion pictures including, but not limited to:Motion picture theatersSymphony and concert hallsTelevision and radio studios admitting an audienceTheaters"
303.3,Section 303 Assembly Group A,Assembly Group A-2,BuildingElementProxy|Wall|Door,Assembly (A),concept|sd|dd|cd,occupancy_classification,architect,"Group A-2 occupancy includes assembly uses intended for food and/or drink consumption including, but not limited to:Banquet hallsCasinos (gaming areas)NightclubsRestaurants, cafeterias and similar dining facilities (including associated commercial kitchens)Taverns and bars"
303.4,Section 303 Assembly Group A,Assembly Group A-3,Wall|Slab|Door|Window,Assembly (A),sd|dd|cd,occupancy_classification,architect,"Group A-3 occupancy includes assembly uses intended for worship, recreation or amusement and other assembly uses not classified elsewhere in Group A including, but not limited to:Amusement arcadesArt galleriesBowling alleysCommunity hallsCourtroomsDance halls (not including food or drink consumption)Exhibition hallsFuneral parlorsGymnasiums (without spectator seating)Indoor swimming pools (without spectator seating)Indoor tennis courts (without spectator seating)Lecture hallsLibrariesMuseumsPlaces of religious worshipPool and billiard parlorsWaiting areas in transportation terminals"
303.5,Section 303 Assembly Group A,Assembly Group A-4,Wall|Slab|Stair|Railing,Assembly (A),concept|sd|dd|cd,occupancy_classification,architect,"Group A-4 occupancy includes assembly uses intended for viewing of indoor sporting events and activities with spectator seating including, but not limited to:ArenasSkating rinksSwimming poolsTennis courts"
303.6,Section 303 Assembly Group A,Assembly Group A-5,Stair|Railing|Slab|Roof|BuildingElementProxy,Assembly (A),concept|sd|dd|cd,occupancy_classification,architect,"Group A-5 occupancy includes assembly uses intended for participation in or viewing outdoor activities including, but not limited to:Amusement park structuresBleachersGrandstandsStadiums"
304.1,Section 304 Business Group B,Business Group B,Wall|Door|Slab,Business (B),concept|sd|dd|cd,occupancy_classification,architect,"Business Group B occupancy includes, among others, the use of a building or structure, or a portion thereof, for office, professional or service-type transactions, including storage of records and accounts. Business occupancies shall include, but not be limited to, the following:Airport traffic control towersAmbulatory care facilitiesAnimal hospitals, kennels and poundsBanksBarber and beauty shopsCar washCivic administrationClinic, outpatientDry cleaning and laundries: pick-up and delivery stations and self-serviceEducational occupancies for students above the 12th gradeElectronic data processingFood processing establishments and commercial kitchens not associated with restaurants, cafeterias and similar dining facilities not more than 2,500 square feet (232 m2) in area.Laboratories: testing and researchMotor vehicle showroomsPost officesPrint shopsProfessional services (architects, attorneys, dentists, physicians, engineers, etc.)Radio and television stationsTelephone exchangesTraining and skill development not in a school or academic program (this shall include, but not be limited to, tutoring centers, martial arts studios, gymnastics and similar uses regardless of the ages served, and where not classified as a Group A occupancy)."
304.2,Section 304 Business Group B,Definitions,BuildingElementProxy,Institutional (I),concept|sd|dd|cd,occupancy_classification,architect,"The following terms are defined in Chapter 2:AMBULATORY CARE FACILITY.CLINIC, OUTPATIENT."
304.3,Section 304 Business Group B,304.3,BuildingElementProxy,Educational (E),concept|sd|dd|cd,occupancy_classification,architect,Public and private colleges and universities shall comply with Section 468.
304.4,Section 304 Business Group B,304.4,BuildingElementProxy,Educational (E),sd|dd|cd,occupancy_classification,architect,Florida colleges shall comply with Section 453.
305.1,Section 305 Educational Group E,Educational Group E,BuildingElementProxy|Door|Window|Wall,Educational (E),concept|sd|dd|cd,occupancy_classification,architect,"Educational Group E occupancy includes, among others, the use of a building or structure, or a portion thereof, by six or more persons at any one time for educational purposes through the 12th grade."
305.1.1,Section 305 Educational Group E,Accessory to Places of Religious Worship,Wall|Door|Slab,Assembly (A)|Educational (E),sd|dd|cd,occupancy_classification,architect,"Religious educational rooms and religious auditoriums, which are accessory to places of religious worship in accordance with Section 303.1.4 and have occupant loads of less than 100 per room or space, shall be classified as Group A-3 occupancies."
305.2,Section 305 Educational Group E,"Group E, Day Care Facilities",Wall|Door|Window,Educational (E),concept|sd|dd|cd,occupancy_classification,architect,"This group includes buildings and structures or portions thereof occupied by more than five children older than 21/2 years of age who receive educational, supervision or personal care services for fewer than 24 hours per day."
305.2.1,Section 305 Educational Group E,Within Places of Religious Worship,Wall|Door|Slab,Assembly (A)|Institutional (I),sd|dd|cd,occupancy_classification,architect,Rooms and spaces within places of religious worship providing such day care during religious functions shall be classified as part of the primary occupancy.
305.2.2,Section 305 Educational Group E,Five or Fewer Children,BuildingElementProxy,Educational (E)|Residential (R),concept|sd|dd|cd,occupancy_classification,architect,A facility having five or fewer children receiving such day care shall be classified as part of the primary occupancy.
305.2.3,Section 305 Educational Group E,Five or Fewer Children in a Dwelling Unit,Wall|Door|Window,Residential (R),sd|dd|cd,occupancy_classification,architect,"A facility such as the above within a dwelling unit and having five or fewer children receiving such day care shall be classified as a Group R-3 occupancy or shall comply with the Florida Building Code, Residential."
305.3,Section 305 Educational Group E,305.3,BuildingElementProxy,Educational (E),sd|dd|cd,occupancy_classification,architect,Public and private educational occupancies shall comply with Section 468.
305.4,Section 305 Educational Group E,305.4,BuildingElementProxy|Wall|Door,Educational (E),sd|dd|cd,occupancy_classification,architect,Public education occupancies shall comply with Section 453.
306.1,Section 306 Factory Group F,Factory Industrial Group F,BuildingElementProxy|Wall|Slab,Factory and Industrial (F),concept|sd|dd|cd,occupancy_classification,architect,"Factory Industrial Group F occupancy includes, among others, the use of a building or structure, or a portion thereof, for assembling, disassembling, fabricating, finishing, manufacturing, packaging, repair or processing operations that are not classified as a Group H hazardous or Group S storage occupancy."
306.2,Section 306 Factory Group F,"Moderate-Hazard Factory Industrial, Group F-1",Wall|Slab|Door,Factory and Industrial (F),concept|sd|dd|cd,occupancy_classification,architect,"Factory industrial uses that are not classified as Factory Industrial F-2 Low Hazard shall be classified as F-1 Moderate Hazard and shall include, but not be limited to, the following:Aircraft (manufacturing, not to include repair)AppliancesAthletic equipmentAutomobiles and other motor vehiclesBakeriesBeverages: over 16-percent alcohol contentBicyclesBoatsBrooms or brushesBusiness machinesCameras and photo equipmentCanvas or similar fabricCarpets and rugs (includes cleaning)ClothingConstruction and agricultural machineryDisinfectantsDry cleaning and dyeingElectric generation plantsElectronicsEnergy storage systems (ESS) in dedicated use buildingsEngines (including rebuilding)Food processing establishments and commercial kitchens not associated with restaurants, cafeterias and similar dining facilities more than 2,500 square feet (232 m2) in area.FurnitureHemp productsJute productsLaundriesLeather productsMachineryMetalsMillwork (sash and door)Motion pictures and television filming (without spectators)Musical instrumentsOptical goodsPaper mills or productsPhotographic filmPlastic productsPrinting or publishingRecreational vehiclesRefuse incinerationShoesSoaps and detergentsTextilesTobaccoTrailersUpholsteringWater/sewer treatment facilitiesWood; distillationWoodworking (cabinet)"
306.2.1,Section 306 Factory Group F,Aircraft Manufacturing Facilities,BuildingElementProxy|Wall|Door|Roof|Slab,Factory and Industrial (F),concept|sd|dd|cd,occupancy_classification,architect,Aircraft manufacturing facilities shall comply with Section 412.7.
306.3,Section 306 Factory Group F,"Low-Hazard Factory Industrial, Group F-2",Wall|Slab|Roof,Factory and Industrial (F),concept|sd|dd|cd,occupancy_classification,architect,"Factory industrial uses that involve the fabrication or manufacturing of noncombustible materials that during finishing, packing or processing do not involve a significant fire hazard shall be classified as F-2 occupancies and shall include, but not be limited to, the following:Beverages: up to and including 16-percent alcohol contentBrick and masonryCeramic productsFoundriesGlass productsGypsumIceMetal products (fabrication and assembly)"
307.1,Section 307 High-Hazard Group H,High-Hazard Group H,Wall|Slab|Roof,High Hazard (H),sd|dd|cd,hazardous_materials,architect,"High-hazard Group H occupancy includes, among others, the use of a building or structure, or a portion thereof, that involves the manufacturing, processing, generation or storage of materials that constitute a physical or health hazard in quantities in excess of those allowed in control areas complying with Section 414, based on the maximum allowable quantity limits for control areas set forth in Tables 307.1(1) and 307.1(2). Hazardous occupancies are classified in Groups H-1, H-2, H-3, H-4 and H-5 and shall be in accordance with this section, the requirements of Section 415 and the Florida Fire Prevention Code. Hazardous materials stored, or used on top of roofs or canopies, shall be classified as outdoor storage or use and shall comply with the Florida Fire Prevention Code. TABLE 307.1(1) MAXIMUM ALLOWABLE QUANTITY PER CONTROL AREA OF HAZARDOUS MATERIALS POSING A PHYSICAL HAZARDa, j, m, n, p MATERIAL CLASS GROUP WHEN THE MAXIMUM ALLOWABLE QUANTITY IS EXCEEDED STORAGEb USE-CLOSED SYSTEMSb USE-OPEN SYSTEMSb Solid pounds (cubic feet) Liquid gallons (pounds) Gas cubic feet at NTP Solid pounds (cubic feet) Liquid gallons (pounds) Gas cubic feet at NTP Solid pounds (cubic feet) Liquid gallons (pounds) Combustible dust NA H-2 See Note q NA NA See Note q NA NA See Note q NA Combustible fiberq Loose H-3 (100) NA NA (100) NA NA (20) NA Baledo (1,000) (1,000) (200) Combustible liquidc, i II H-2 or H-3 NA 120d, e NA NA 120d NA NA 30d IIIA H-2 or H-3 330d, e 330d 80d IIIB NA 13,200e, f 13,200f 3,300f Consumer fireworks 1.4G H-3 125e, l NA NA NA NA NA NA NA Cryogenic flammable NA H-2 NA 45d NA NA 45d NA NA 10d Cryogenic inert NA NA NA NA NL NA NA NL NA NA Cryogenic oxidizing NA H-3 NA 45d NA NA 45d NA NA 10d Explosives Division 1.1 H-1 1e, g (1)e, g NA 0.25g (0.25)g NA 0.25g (0.25)g Division 1.2 H-1 1e, g (1)e, g 0.25g (0.25)g 0.25g (0.25)g Division 1.3 H-1 or H-2 5e, g (5)e, g 1g (1)g 1g (1)g Division 1.4 H-3 50e, g (50)e, g 50g (50)g NA NA Division 1.4G H-3 125e, l NA NA NA NA NA Division 1.5 H-1 1e, g (1)e, g 0.25g (0.25)g 0.25g (0.25)g Division 1.6 H-1 1e, g NA NA NA NA NA Flammable gas Gaseous H-2 NA NA 1,000d, e NA NA 1,000d, e NA NA Liquefied (150)d, e NA (150)d, e NA Flammable liquidc IA H-2 or H-3 NA 30d, e NA NA 30d NA NA 10d IB and IC 120d, e 120d 30d Flammable liquid, combination (IA, IB, IC) NA H-2 or H-3 NA 120d, e, h NA NA 120d, h NA NA 30d, h Flammable solid NA H-3 125d, e NA NA 125d NA NA 25d NA Inert gas Gaseous NA NA NA NL NA NA NL NA NA Liquefied NA NA NA NL NA NA NL NA NA Organic peroxide UD H-1 1e, g (1)e, g NA 0.25g (0.25)g NA 0.25g (0.25)g I H-2 5d, e (5)d, e 1d (1)d 1d (1)d II H-3 50d, e (50)d, e 50d (50)d 10d (10)d III H-3 125d, e (125)d, e 125d (125)d 25d (25)d IV NA NL NL NL NL NL NL V NA NL NL NL NL NL NL Oxidizer 4 H-1 1g (1)e, g NA 0.25g (0.25)g NA 0.25g (0.25)g 3k H-2 or H-3 10d, e (10)d, e 2d (2)d 2d (2)d 2 H-3 250d, e (250)d, e 250d (250)d 50d (50)d 1 NA 4,000e, f (4,000)e, f 4,000f (4,000)f 1,000f (1,000)f Oxidizing gas Gaseous H-3 NA NA 1,500d, e NA NA 1,500d, e NA NA Liquefied (150)d, e NA (150)d, e NA Pyrophoric NA H-2 4e, g (4)e, g 50e, g 1g (1)g 10e, g 0 0 Unstable (reactive) 4 H-1 1e, g (1)e, g 10e, g 0.25g (0.25)g 2e, g 0.25g (0.25)g 3 H-1 or H-2 5d, e (5)d, e 50d, e 1d (1)d 10d, e 1d (1)d 2 H-3 50d, e (50)d, e 750d, e 50d (50)d 750d, e 10d (10)d 1 NA NL NL NL NL NL NL NL NL Water reactive 3 H-2 5d, e (5)d, e NA 5d (5)d NA 1d (1)d 2 H-3 50d, e (50)d, e 50d (50)d 10d (10)d 1 NA NL NL NL NL NL NL For SI: 1 cubic foot = 0.028 m3, 1 pound = 0.454 kg, 1 gallon = 3.785 L. NL = Not Limited; NA = Not Applicable; UD = Unclassified Detonable. For use of control areas, see Section 414.2. The aggregate quantity in use and storage shall not exceed the quantity listed for storage. The quantities of alcoholic beverages in retail and wholesale sales occupancies shall not be limited provided the liquids are packaged in individual containers not exceeding 1.3 gallons. In retail and wholesale sales occupancies, the quantities of medicines, foodstuffs or consumer products, and cosmetics containing not more than 50 percent by volume of water-miscible liquids with the remainder of the solutions not being flammable, shall not be limited, provided that such materials are packaged in individual containers not exceeding 1.3 gallons. Maximum allowable quantities shall be increased 100 percent in buildings equipped throughout with an automatic sprinkler system in accordance with Section 903.3.1.1. Where Note e also applies, the increase for both notes shall be applied accumulatively. Maximum allowable quantities shall be increased 100 percent when stored in approved storage cabinets, day boxes, gas cabinets, gas rooms or exhausted enclosures or in listed safety cans in accordance with the Florida Fire Prevention Code. Where Note d also applies, the increase for both notes shall be applied accumulatively. Quantities shall not be limited in a building equipped throughout with an automatic sprinkler system in accordance with Section 903.3.1.1. Allowed only in buildings equipped throughout with an automatic sprinkler system in accordance with Section 903.3.1.1. Containing not more than the maximum allowable quantity per control area of Class IA, IB or IC flammable liquids. The maximum allowable quantity shall not apply to fuel oil storage complying with the Florida Fire Prevention Code. Quantities in parenthesis indicate quantity units in parenthesis at the head of each column. A maximum quantity of 200 pounds of solid or 20 gallons of liquid Class 3 oxidizers is allowed when such materials are necessary for maintenance purposes, operation or sanitation of equipment when the storage containers and the manner of storage are approved. Net weight of the pyrotechnic composition of the fireworks. Where the net weight of the pyrotechnic composition of the fireworks is not known, 25 percent of the gross weight of the fireworks, including packaging, shall be used. For gallons of liquids, divide the amount in pounds by 10 in accordance with the Florida Fire Prevention Code. For storage and display quantities in Group M and storage quantities in Group S occupancies complying with Section 414.2.5, see Tables 414.2.5(1) and 414.2.5(2). Densely packed baled cotton that complies with the packing requirements of ISO 8115 shall not be included in this material class. The following shall not be included in determining the maximum allowable quantities: Liquid or gaseous fuel in fuel tanks on vehicles. Liquid or gaseous fuel in fuel tanks on motorized equipment operated in accordance with the Florida Fire Prevention Code. Gaseous fuels in piping systems and fixed appliances regulated by the Florida Fire Prevention Code. Liquid fuels in piping systems and fixed appliances regulated by the Florida Fire Prevention Code. Alcohol-based hand rubs classified as Class I or II liquids in dispensers that are installed in accordance with the Florida Fire Prevention Code. The location of the alcohol-based hand rub (ABHR) dispensers shall be provided in the construction documents. Where manufactured, generated or used in such a manner that the concentration and conditions create a fire or explosion hazard based on information prepared in accordance with Section 414.1.3. [F] TABLE 307.1(2) MAXIMUM ALLOWABLE QUANTITY PER CONTROL AREA OF HAZARDOUS MATERIAL POSING A HEALTH HAZARDa, c, f, h, i MATERIAL STORAGEb USE-CLOSED SYSTEMSb USE-OPEN SYSTEMSb Solid poundsd, e Liquid gallons (pounds)d, e Gas cubic feet at NTP (pounds)d Solid poundsd Liquid gallons (pounds)d Gas cubic feet at NTP (pounds)d Solid poundsd Liquid gallons (pounds)d Corrosives 5,000 500 Gaseous 810e 5,000 500 Gaseous 810e 1,000 100 Liquefied (150) Liquefied (150) Highly Toxic 10 (10) Gaseous 20g 10 (10) Gaseous 20g 3 (3) Liquefied (4)g Liquefied (4)g Toxic 500 (500) Gaseous 810e 500 (500) Gaseous 810e 125 (125) Liquefied (150)e Liquefied (150)e For SI: 1 cubic foot = 0.028 m3, 1 pound = 0.454 kg, 1 gallon = 3.785 L. For use of control areas, see Section 414.2. The aggregate quantity in use and storage shall not exceed the quantity listed for storage. In retail and wholesale sales occupancies, the quantities of medicines, foodstuffs or consumer products, and cosmetics containing not more than 50 percent by volume of water-miscible liquids and with the remainder of the solutions not being flammable, shall not be limited, provided that such materials are packaged in individual containers not exceeding 1.3 gallons. Maximum allowable quantities shall be increased 100 percent in buildings equipped throughout with an approved automatic sprinkler system in accordance with Section 903.3.1.1. Where Note e also applies, the increase for both notes shall be applied accumulatively. Maximum allowable quantities shall be increased 100 percent where stored in approved storage cabinets, gas cabinets or exhausted enclosures as specified in the Florida Fire Prevention Code. Where Note d also applies, the increase for both notes shall be applied accumulatively. For storage and display quantities in Group M and storage quantities in Group S occupancies complying with Section 414.2.5, see Tables 414.2.5(1) and 414.2.5(2). Allowed only where stored in approved exhausted gas cabinets or exhausted enclosures as specified in the Florida Fire Prevention Code. Quantities in parenthesis indicate quantity units in parenthesis at the head of each column. For gallons of liquids, divide the amount in pounds by 10 in accordance with the Florida Fire Prevention Code."
307.1.1,Section 307 High-Hazard Group H,Uses Other Than Group H,BuildingElementProxy|Wall|Slab,Factory and Industrial (F)|Mercantile (M)|Storage (S)|Business (B)|Residential (R),sd|dd|cd,occupancy_classification,architect,"An occupancy that stores, uses or handles hazardous materials as described in one or more of the following items shall not be classified as Group H, but shall be classified as the occupancy that it most nearly resembles.Buildings and structures occupied for the application of flammable finishes, provided that such buildings or areas conform to the requirements of Section 416 and the Florida Fire Prevention Code.Wholesale and retail sales and storage of flammable and combustible liquids in mercantile occupancies conforming to the Florida Fire Prevention Code.Closed piping system containing flammable or combustible liquids or gases utilized for the operation of machinery or equipment.Cleaning establishments that utilize combustible liquid solvents having a flash point of 140°F (60°C) or higher in closed systems employing equipment listed by an approved testing agency, provided that this occupancy is separated from all other areas of the building by 1-hour fire barriers constructed in accordance with Section 707 or 1-hour horizontal assemblies constructed in accordance with Section 711, or both.Cleaning establishments that utilize a liquid solvent having a flash point at or above 200°F (93°C).Liquor stores and distributors without bulk storage.Refrigeration systems.The storage or utilization of materials for agricultural purposes on the premises.Stationary storage battery systems installed in accordance with the Florida Fire Prevention Code.Corrosive personal or household products in their original packaging used in retail display.Commonly used corrosive building materials.Buildings and structures occupied for aerosol product storage shall be classified as Group S-1, provided that such buildings conform to the requirements of the Florida Fire Prevention Code.Display and storage of nonflammable solid and nonflammable or noncombustible liquid hazardous materials in quantities not exceeding the maximum allowable quantity per control area in Group M or S occupancies complying with Section 414.2.5.The storage of black powder, smokeless propellant and small arms primers in Groups M and R-3 and special industrial explosive devices in Groups B, F, M and S, provided such storage conforms to the quantity limits and requirements prescribed in the Florida Fire Prevention Code.Mercantile occupancies offering for retail sale sparklers, novelties and trick noisemakers as defined at Section 791.01, Florida Statutes, and that are not defined as fireworks by Chapter 791, Florida Statutes. Storage of sparklers and other novelties or trick noisemakers as defined in Chapter 791, Florida Statutes, within mercantile occupancies shall be in accordance with Section 791.055, Florida Statutes.Stationary fuel cell power systems installed in accordance with the Florida Fire Prevention Code.Capacitor energy storage systems in accordance with the Florida Fire Prevention Code."
307.1.2,Section 307 High-Hazard Group H,Hazardous Materials,BuildingElementProxy|Wall|Door,Factory and Industrial (F)|High Hazard (H)|Storage (S),sd|dd|cd,hazardous_materials,architect,"Hazardous materials in any quantity shall conform to the requirements of this code, including Section 414, and the Florida Fire Prevention Code."
307.2,Section 307 High-Hazard Group H,Definitions,BuildingElementProxy,Factory and Industrial (F)|High Hazard (H)|Storage (S),concept|sd|dd|cd,hazardous_materials,fire_protection_engineer,"The following terms are defined in Chapter 2:AEROSOL CONTAINER. AEROSOL PRODUCT. Level 1 aerosol products. Level 2 aerosol products. Level 3 aerosol products. BALED COTTON. BALED COTTON, DENSELY PACKED. BARRICADE. Artificial barricade. Natural barricade. BOILING POINT. CLOSED SYSTEM. COMBUSTIBLE DUST. COMBUSTIBLE FIBERS. COMBUSTIBLE LIQUID. Class II. Class IIIA. Class IIIB. COMPRESSED GAS. CONTROL AREA. CORROSIVE. CRYOGENIC FLUID. DAY BOX. DEFLAGRATION. DETONATION. DISPENSING. EXPLOSION. EXPLOSIVE. High explosive. Low explosive. Mass-detonating explosives. UN/DOTn Class 1 explosives. Division 1.1. Division 1.2. Division 1.3. Division 1.4. Division 1.5. Division 1.6. FIREWORKS. Fireworks, 1.3G. Fireworks, 1.4G. FLAMMABLE GAS. FLAMMABLE LIQUEFIED GAS. FLAMMABLE LIQUID. Class IA. Class IB. Class IC. FLAMMABLE MATERIAL. FLAMMABLE SOLID. FLASH POINT. HANDLING. HAZARDOUS MATERIALS. HEALTH HAZARD. HIGHLY TOXIC. INCOMPATIBLE MATERIALS. INERT GAS. OPEN SYSTEM. OPERATING BUILDING. ORGANIC PEROXIDE. Class I. Class II. Class III. Class IV. Class V. Unclassified detonable. OXIDIZER. Class 4. Class 3. Class 2. Class 1. OXIDIZING GAS. PHYSICAL HAZARD. PYROPHORIC. PYROTECHNIC COMPOSITION. TOXIC. UNSTABLE (REACTIVE) MATERIAL. Class 4. Class 3. Class 2. Class 1. WATER-REACTIVE MATERIAL. Class 3. Class 2. Class 1."
307.3,Section 307 High-Hazard Group H,High-Hazard Group H-1,Wall|Door|Slab,High Hazard (H),sd|dd|cd,occupancy_classification,architect,"Buildings and structures containing materials that pose a detonation hazard shall be classified as Group H-1. Such materials shall include, but not be limited to, the following: Detonable pyrophoric materials Explosives: Division 1.1 Division 1.2 Division 1.3 Division 1.4 Division 1.5 Division 1.6 Organic peroxides, unclassified detonable Oxidizers, Class 4 Unstable (reactive) materials, Class 3 detonable and Class 4"
307.3.1,Section 307 High-Hazard Group H,Occupancies Containing Explosives Not Classified as H-1,BuildingElementProxy,High Hazard (H),sd|dd|cd,occupancy_classification,architect,"The following occupancies containing explosive materials shall be classified as follows:Division 1.3 explosive materials that are used and maintained in a form where either confinement or configuration will not elevate the hazard from a mass fire to mass explosion hazard shall be allowed in H-2 occupancies.Articles, including articles packaged for shipment, that are not regulated as a Division 1.4 explosive under Bureau of Alcohol, Tobacco, Firearms and Explosives regulations, or unpackaged articles used in process operations that do not propagate a detonation or deflagration between articles shall be allowed in H-3 occupancies."
307.4,Section 307 High-Hazard Group H,High-Hazard Group H-2,Wall|Door|Slab,High Hazard (H),concept|sd|dd|cd,occupancy_classification,architect,"Buildings and structures containing materials that pose a deflagration hazard or a hazard from accelerated burning shall be classified as Group H-2. Such materials shall include, but not be limited to, the following:Class I, II or IIIA flammable or combustible liquids that are used or stored in normally open containers or systems, or in closed containers or systems pressurized at more than 15 pounds per square inch gauge (103.4 kPa).Combustible dusts where manufactured, generated or used in such a manner that the concentration and conditions create a fire or explosion hazard based on information prepared in accordance with Section 414.1.3.Cryogenic fluids, flammable.Flammable gases.Organic peroxides, Class I.Oxidizers, Class 3, that are used or stored in normally open containers or systems, or in closed containers or systems pressurized at more than 15 pounds per square inch gauge (103 kPa).Pyrophoric liquids, solids and gases, nondetonable.Unstable (reactive) materials, Class 3, nondetonable.Water-reactive materials, Class 3."
307.5,Section 307 High-Hazard Group H,High-Hazard Group H-3,Wall|Door|Slab,High Hazard (H),concept|sd|dd|cd,occupancy_classification,architect,"Buildings and structures containing materials that readily support combustion or that pose a physical hazard shall be classified as Group H-3. Such materials shall include, but not be limited to, the following:Class I, II or IIIA flammable or combustible liquids that are used or stored in normally closed containers or systems pressurized at 15 pounds per square inch gauge (103.4 kPa) or less.Combustible fibers, other than densely packed baled cotton, where manufactured, generated or used in such a manner that the concentration and conditions create a fire or explosion hazard based on information prepared in accordance with Section 414.1.3.Consumer fireworks, 1.4G (Class C, Common)Cryogenic fluids, oxidizingFlammable solidsOrganic peroxides, Class II and IIIOxidizers, Class 2Oxidizers, Class 3, that are used or stored in normally closed containers or systems pressurized at 15 pounds per square inch gauge (103 kPa) or lessOxidizing gasesUnstable (reactive) materials, Class 2Water-reactive materials, Class 2"
307.6,Section 307 High-Hazard Group H,High-Hazard Group H-4,Wall|Door|Slab,High Hazard (H),concept|sd|dd|cd,occupancy_classification,architect,"Buildings and structures containing materials that are health hazards shall be classified as Group H-4. Such materials shall include, but not be limited to, the following:CorrosivesHighly toxic materialsToxic materials"
307.7,Section 307 High-Hazard Group H,High-Hazard Group H-5,Wall|Door|Slab,High Hazard (H),sd|dd|cd,occupancy_classification,architect,Semiconductor fabrication facilities and comparable research and development areas in which hazardous production materials (HPM) are used and the aggregate quantity of materials is in excess of those listed in Tables 307.1(1) and 307.1(2) shall be classified as Group H-5. Such facilities and areas shall be designed and constructed in accordance with Section 415.11.
307.8,Section 307 High-Hazard Group H,Multiple Hazards,Wall|Door|Slab,High Hazard (H),sd|dd|cd,hazardous_materials,architect,"Buildings and structures containing a material or materials representing hazards that are classified in one or more of Groups H-1, H-2, H-3 and H-4 shall conform to the code requirements for each of the occupancies so classified."
308.1,Section 308 Institutional Group I,Institutional Group I,Wall|Door|Window|Slab,Institutional (I),concept|sd|dd|cd,occupancy_classification,architect,"Institutional Group I occupancy includes, among others, the use of a building or structure, or a portion thereof, in which care or supervision is provided to persons who are or are not capable of self-preservation without physical assistance or in which persons are detained for penal or correctional purposes or in which the liberty of the occupants is restricted. Institutional occupancies shall be classified as Group I-1, I-2, I-3 or I-4."
308.2,Section 308 Institutional Group I,Definitions,BuildingElementProxy,Institutional (I),concept|sd|dd|cd,occupancy_classification,architect,The following terms are defined in Chapter 2:24-HOUR BASIS. CUSTODIAL CARE. DETOXIFICATION FACILITIES. FOSTER CARE FACILITIES. HOSPITALS AND PSYCHIATRIC HOSPITALS. INCAPABLE OF SELF-PRESERVATION. MEDICAL CARE. NURSING HOMES.
308.3,Section 308 Institutional Group I,Institutional Group I-1,Wall|Door|Slab,Institutional (I),concept|sd|dd|cd,occupancy_classification,architect,"Institutional Group I-1 occupancy shall include buildings, structures or portions thereof for more than 16 persons, excluding staff, who reside on a 24-hour basis in a supervised environment and receive custodial care. Buildings of Group I-1 shall be classified as one of the occupancy conditions specified in Section 308.3.1 or 308.3.2. This group shall include, but not be limited to, the following:Alcohol and drug centersAssisted living facilitiesCongregate care facilitiesGroup homesHalfway housesResidential board and care facilitiesSocial rehabilitation facilities"
308.3.1,Section 308 Institutional Group I,Condition 1,Door|Stair|Ramp|Slab|Wall,Institutional (I),sd|dd|cd,occupancy_classification,architect,"This occupancy condition shall include buildings in which all persons receiving custodial care who, without any assistance, are capable of responding to an emergency situation to complete building evacuation."
308.3.2,Section 308 Institutional Group I,Condition 2,Door|Ramp|Stair|StairFlight|Wall,Institutional (I),sd|dd|cd,occupancy_classification,architect,This occupancy condition shall include buildings in which there are any persons receiving custodial care who require limited verbal or physical assistance while responding to an emergency situation to complete building evacuation.
308.3.3,Section 308 Institutional Group I,Six to 16 Persons Receiving Custodial Care,BuildingElementProxy,Residential (R),concept|sd|dd|cd,occupancy_classification,architect,A facility housing not fewer than six and not more than 16 persons receiving custodial care shall be classified as Group R-4.
308.3.4,Section 308 Institutional Group I,Five or Fewer Persons Receiving Custodial Care,Wall|Door|Slab,Residential (R)|Institutional (I),sd|dd|cd,occupancy_classification,architect,"A facility with five or fewer persons receiving custodial care shall be classified as Group R-3 or shall comply with the Florida Building Code, Residential provided an automatic sprinkler system is installed in accordance with Section 903.3.1.3 or Section P2904 of the Florida Building Code, Residential."
308.4,Section 308 Institutional Group I,Institutional Group I-2,Wall|Door|Slab,Institutional (I),concept|sd|dd|cd,occupancy_classification,architect,"Institutional Group I-2 occupancy shall include buildings and structures used for medical care on a 24-hour basis for more than five persons who are incapable of self-preservation. This group shall include, but not be limited to, the following:Foster care facilitiesDetoxification facilitiesHospitalsNursing homesPsychiatric hospitals"
308.4.1,Section 308 Institutional Group I,Occupancy Conditions,BuildingElementProxy,Institutional (I),concept|sd|dd|cd,occupancy_classification,architect,Buildings of Group I-2 shall be classified as one of the occupancy conditions specified in Section 308.4.1.1 or 308.4.1.2.
308.4.1.1,Section 308 Institutional Group I,Condition 1,Wall|Door|Window,Institutional (I),sd|dd|cd,occupancy_classification,architect,"This occupancy condition shall include facilities that provide nursing and medical care but do not provide emergency care, surgery, obstetrics or in-patient stabilization units for psychiatric or detoxification, including but not limited to nursing homes and foster care facilities."
308.4.1.2,Section 308 Institutional Group I,Condition 2,BuildingElementProxy|Door|Wall|Window,Institutional (I),sd|dd|cd,occupancy_classification,architect,"This occupancy condition shall include facilities that provide nursing and medical care and could provide emergency care, surgery, obstetrics or in-patient stabilization units for psychiatric or detoxification, including but not limited to hospitals."
308.4.2,Section 308 Institutional Group I,Five or Fewer Persons Receiving Medical Care,Wall|Door|Slab,Residential (R)|Institutional (I),sd|dd|cd,occupancy_classification,architect,"A facility with five or fewer persons receiving medical care shall be classified as Group R-3 or shall comply with the Florida Building Code, Residential provided an automatic sprinkler system is installed in accordance with Section 903.3.1.3 or Section P2904 of the Florida Building Code, Residential."
308.5,Section 308 Institutional Group I,Institutional Group I-3,Wall|Door|Window|Slab|BuildingElementProxy,Institutional (I),concept|sd|dd|cd,occupancy_classification,architect,"Institutional Group I-3 occupancy shall include buildings and structures that are inhabited by more than five persons who are under restraint or security. A Group I-3 facility is occupied by persons who are generally incapable of self-preservation due to security measures not under the occupants' control. This group shall include, but not be limited to, the following:Correctional centersDetention centersJailsPrerelease centersPrisonsReformatoriesBuildings of Group I-3 shall be classified as one of the occupancy conditions specified in Sections 308.5.1 through 308.5.5 (see Section 408)."
308.5.1,Section 308 Institutional Group I,Condition 1,Door|Ramp|Stair|Slab|Wall,Residential (R),sd|dd|cd,means_of_egress,architect,"This occupancy condition shall include buildings in which free movement is allowed from sleeping areas, and other spaces where access or occupancy is permitted, to the exterior via means of egress without restraint. A Condition 1 facility is permitted to be constructed as Group R."
308.5.2,Section 308 Institutional Group I,Condition 2,Door|Wall,Institutional (I),sd|dd|cd,means_of_egress,architect,This occupancy condition shall include buildings in which free movement is allowed from sleeping areas and any other occupied smoke compartment to one or more other smoke compartments. Egress to the exterior is impeded by locked exits.
308.5.3,Section 308 Institutional Group I,Condition 3,Door|Wall,Residential (R)|Institutional (I),sd|dd|cd,means_of_egress,architect,"This occupancy condition shall include buildings in which free movement is allowed within individual smoke compartments, such as within a residential unit comprised of individual sleeping units and group activity spaces, where egress is impeded by remote-controlled release of means of egress from such a smoke compartment to another smoke compartment."
308.5.4,Section 308 Institutional Group I,Condition 4,Door|Wall|BuildingElementProxy,Institutional (I),sd|dd|cd,means_of_egress,architect,"This occupancy condition shall include buildings in which free movement is restricted from an occupied space. Remote-controlled release is provided to permit movement from sleeping units, activity spaces and other occupied areas within the smoke compartment to other smoke compartments."
308.5.5,Section 308 Institutional Group I,Condition 5,Door|Wall|BuildingElementProxy,Institutional (I),sd|dd|cd,means_of_egress,architect,"This occupancy condition shall include buildings in which free movement is restricted from an occupied space. Staff-controlled manual release is provided to permit movement from sleeping units, activity spaces and other occupied areas within the smoke compartment to other smoke compartments."
308.6,Section 308 Institutional Group I,"Institutional Group I-4, Day Care Facilities",Wall|Door|Slab,Institutional (I),concept|sd|dd|cd,occupancy_classification,architect,"Institutional Group I-4 occupancy shall include buildings and structures occupied by more than five persons of any age who receive custodial care for fewer than 24 hours per day by persons other than parents or guardians, relatives by blood, marriage or adoption, and in a place other than the home of the person cared for. This group shall include, but not be limited to, the following:Adult day careChild day care"
308.6.1,Section 308 Institutional Group I,Classification as Group E,Door|Wall,Educational (E),sd|dd|cd,occupancy_classification,architect,"A child day care facility that provides care for more than five but not more than 100 children 21/2 years or less of age, where the rooms in which the children are cared for are located on a level of exit discharge serving such rooms and each of these child care rooms has an exit door directly to the exterior, shall be classified as Group E."
308.6.2,Section 308 Institutional Group I,Within a Place of Religious Worship,BuildingElementProxy|Wall|Door,Assembly (A),concept|sd|dd|cd,occupancy_classification,architect,Rooms and spaces within places of religious worship providing such care during religious functions shall be classified as part of the primary occupancy.
308.6.3,Section 308 Institutional Group I,Five or Fewer Persons Receiving Care,BuildingElementProxy,Institutional (I),concept|sd|dd|cd,occupancy_classification,architect,A facility having five or fewer persons receiving custodial care shall be classified as part of the primary occupancy.
308.6.4,Section 308 Institutional Group I,Five or Fewer Persons Receiving Care in a Dwelling Unit,Wall|Door|Slab,Residential (R)|Institutional (I),sd|dd|cd,occupancy_classification,architect,"A facility such as the above within a dwelling unit and having five or fewer persons receiving custodial care shall be classified as a Group R-3 occupancy or shall comply with the Florida Building Code, Residential."
309.1,Section 309 Mercantile Group M,Mercantile Group M,BuildingElementProxy|Door|Window|Slab,Mercantile (M),concept|sd|dd|cd,occupancy_classification,architect,"Mercantile Group M occupancy includes, among others, the use of a building or structure or a portion thereof for the display and sale of merchandise, and involves stocks of goods, wares or merchandise incidental to such purposes and accessible to the public. Mercantile occupancies shall include, but not be limited to, the following:Department storesDrug storesMarketsMotor fuel-dispensing facilitiesRetail or wholesale storesSales rooms"
309.2,Section 309 Mercantile Group M,Quantity of Hazardous Materials,BuildingElementProxy|Slab|Wall,Mercantile (M),sd|dd|cd,hazardous_materials,architect,The aggregate quantity of nonflammable solid and nonflammable or noncombustible liquid hazardous materials stored or displayed in a single control area of a Group M occupancy shall not exceed the quantities in Table 414.2.5(1).
310.1,Section 310 Residential Group R,Residential Group R,Wall|Slab|Door,Residential (R),concept|sd|dd|cd,occupancy_classification,architect,"Residential Group R includes, among others, the use of a building or structure, or a portion thereof, for sleeping purposes when not classified as an Institutional Group I or when not regulated by the Florida Building Code, Residential."
310.2,Section 310 Residential Group R,Definitions,BuildingElementProxy,Residential (R)|Institutional (I),concept|sd|dd|cd,occupancy_classification,architect,The following terms are defined in Chapter 2:BOARDING HOUSE. CONGREGATE LIVING FACILITIES. DORMITORY. GROUP HOME. GUEST ROOM. LODGING HOUSE. PERSONAL CARE SERVICE. TRANSIENT.
310.3,Section 310 Residential Group R,Residential Group R-1,Wall|Door|Window|Slab,Residential (R),concept|sd|dd|cd,occupancy_classification,architect,"Residential Group R-1 occupancies containing sleeping units where the occupants are primarily transient in nature, including:Boarding houses (transient) with more than 10 occupantsCongregate living facilities (transient) with more than 10 occupantsHotels (transient)Motels (transient)"
310.4,Section 310 Residential Group R,Residential Group R-2,Wall|Door|Slab,Residential (R),concept|sd|dd|cd,occupancy_classification,architect,"Residential Group R-2 occupancies containing sleeping units or more than two dwelling units where the occupants are primarily permanent in nature, including:Apartment housesBoarding houses (nontransient)Congregate living facilities (nontransient) with more than 16 occupantsConventsDormitoriesFraternities and sororitiesHotels (nontransient)Live/work unitsMonasteriesMotels (nontransient)Vacation timeshare properties"
310.5,Section 310 Residential Group R,Residential Group R-3,BuildingElementProxy|Door|Window,Residential (R),concept|sd|dd|cd,occupancy_classification,architect,"Residential Group R-3 occupancies where the occupants are primarily permanent in nature and not classified as Group R-1, R-2, R-4 or I, including:Buildings that do not contain more than two dwelling unitsBoarding houses (nontransient) with 16 or fewer occupantsBoarding houses (transient) with 10 or fewer occupantsCare facilities that provide accommodations for five or fewer persons receiving careCongregate living facilities (nontransient) with 16 or fewer occupantsCongregate living facilities (transient) with 10 or fewer occupantsOwner-occupied lodging houses with five or fewer guest rooms and 10 or fewer occupants"
310.5.1,Section 310 Residential Group R,Care Facilities Within a Dwelling,BuildingElementProxy|Door|Wall|Slab,Residential (R)|Institutional (I),sd|dd|cd,occupancy_classification,architect,"Care facilities for five or fewer persons receiving care that are within a single-family dwelling are permitted to comply with the Florida Building Code, Residential provided an automatic sprinkler system is installed in accordance with Section 903.3.1.3 or Section P2904 of the Florida Building Code, Residential."
310.5.2,Section 310 Residential Group R,Lodging Houses,Wall|Door|Slab,Residential (R),sd|dd|cd,fire_protection_alarm_systems,architect,"Owner-occupied lodging houses with five or fewer guest rooms and 10 or fewer occupants shall be permitted to be constructed in accordance with the Florida Building Code, Residential, provided that an automatic sprinkler system is installed in accordance with Section 903.3.1.3 or Section P2904 of the Florida Building Code, Residential."
310.6,Section 310 Residential Group R,Residential Group R-4,Wall|Door|Slab,Residential (R),sd|dd|cd,occupancy_classification,architect,"Residential Group R-4 occupancy shall include buildings, structures or portions thereof for more than five but not more than 16 persons, excluding staff, who reside on a 24-hour basis in a supervised residential environment and receive custodial care. Buildings of Group R-4 shall be classified as one of the occupancy conditions specified in Section 310.6.1 or 310.6.2. This group shall include, but not be limited to, the following:Alcohol and drug centersAssisted living facilitiesCongregate care facilitiesGroup homesHalfway housesResidential board and custodial care facilitiesSocial rehabilitation facilitiesGroup R-4 occupancies shall meet the requirements for construction as defined for Group R-3, except as otherwise provided for in this code or shall comply with the Florida Building Code, Residential provided the building is protected by an automatic sprinkler system installed in accordance with Section 903.2.8."
310.6.1,Section 310 Residential Group R,Condition 1,Wall|Door|Stair|Ramp|BuildingElementProxy,Institutional (I),sd|dd|cd,occupancy_classification,architect,"This occupancy condition shall include buildings in which all persons receiving custodial care, without any assistance, are capable of responding to an emergency situation to complete building evacuation."
310.6.2,Section 310 Residential Group R,Condition 2,Door|Stair|Ramp|Corridor|BuildingElementProxy,Institutional (I),concept|sd|dd|cd,occupancy_classification,architect,This occupancy condition shall include buildings in which there are any persons receiving custodial care who require limited verbal or physical assistance while responding to an emergency situation to complete building evacuation.
311.1,Section 311 Storage Group S,Storage Group S,BuildingElementProxy|Slab|Wall|Door|Window,Storage (S),concept|sd|dd|cd,occupancy_classification,architect,"Storage Group S occupancy includes, among others, the use of a building or structure, or a portion thereof, for storage that is not classified as a hazardous occupancy."
311.1.1,Section 311 Storage Group S,Accessory Storage Spaces,Slab|Wall|Door|BuildingElementProxy,Assembly (A)|Business (B)|Educational (E)|Factory and Industrial (F)|Residential (R),sd|dd|cd,occupancy_classification,architect,A room or space used for storage purposes that is accessory to another occupancy shall be classified as part of that occupancy.
311.2,Section 311 Storage Group S,"Moderate-Hazard Storage, Group S-1",Wall|Slab|Roof,Storage (S),concept|sd|dd|cd,occupancy_classification,architect,"Storage Group S-1 occupancies are buildings occupied for storage uses that are not classified as Group S-2, including, but not limited to, storage of the following:Aerosol products, Levels 2 and 3Aircraft hangar (storage and repair)Bags: cloth, burlap and paperBamboos and rattanBasketsBelting: canvas and leatherBooks and paper in rolls or packsBoots and shoesButtons, including cloth covered, pearl or boneCardboard and cardboard boxesClothing, woolen wearing apparelCordageDry boat storage (indoor)FurnitureFursGlues, mucilage, pastes and sizeGrainsHorns and combs, other than celluloidLeatherLinoleumLumberMotor vehicle repair garages complying with the maximum allowable quantities of hazardous materials listed in Table 307.1(1) (see Section 406.8)Photo engravingsResilient flooringSilksSoapsSugarTires, bulk storage ofTobacco, cigars, cigarettes and snuffUpholstery and mattressesWax candles"
311.3,Section 311 Storage Group S,"Low-Hazard Storage, Group S-2",Wall|Slab|Column|Door|Window,Storage (S),concept|sd|dd|cd,occupancy_classification,architect,"Storage Group S-2 occupancies include, among others, buildings used for the storage of noncombustible materials such as products on wood pallets or in paper cartons with or without single thickness divisions; or in paper wrappings. Such products are permitted to have a negligible amount of plastic trim, such as knobs, handles or film wrapping. Group S-2 storage uses shall include, but not be limited to, storage of the following:AsbestosBeverages up to and including 16-percent alcohol in metal, glass or ceramic containersCement in bagsChalk and crayonsDairy products in nonwaxed coated paper containersDry cell batteriesElectrical coilsElectrical motorsEmpty cansFood productsFoods in noncombustible containersFresh fruits and vegetables in nonplastic trays or containersFrozen foodsGlassGlass bottles, empty or filled with noncombustible liquidsGypsum boardInert pigmentsIvoryMeatsMetal cabinetsMetal desks with plastic tops and trimMetal partsMetalsMirrorsOil-filled and other types of distribution transformersParking garages, open or enclosedPorcelain and potteryStovesTalc and soapstonesWashers and dryers"
312.1,Section 312 Utility and Miscellaneous Group U,General,BuildingElementProxy|Wall|Roof|Slab|Column,Utility and Miscellaneous (U),concept|sd|dd|cd,occupancy_classification,architect,"Buildings and structures of an accessory character and miscellaneous structures not classified in any specific occupancy shall be constructed, equipped and maintained to conform to the requirements of this code commensurate with the fire and life hazard incidental to their occupancy. Group U shall include, but not be limited to, the following:Agricultural buildingsAircraft hangars, accessory to a one- or two-family residence (see Section 412.5)BarnsCarportsCommunication equipment structures with a gross floor area of less than 1,500 square feet (139 m2).Fences more than 6 feet (1829 mm) in heightGrain silos, accessory to a residential occupancyGreenhouses Livestock sheltersPrivate garagesRetaining wallsShedsStablesTanksTowers"
