id,section,title,ifc_type,occupancy,design_phase,code_category,primary_responsibility,body
10,,Change of Occupancy,BuildingElementProxy,Assembly (A)|Business (B)|Educational (E)|Factory and Industrial (F)|Residential (R),sd|dd|cd,occupancy_classification,architect,"CALIFORNIA EXISTING BUILDING CODE — MATRIX ADOPTION TABLE CHAPTER 10 — CHANGE OF OCCUPANCY (Matrix Adoption Tables are nonregulatory, intended only as an aid to the code user.See Chapter 1 for state agency authority and building applications.) Adopting Agency BSC BSC- CG SFM HCD DSA OSHPD BSCC DPH AGR DWR CEC CA SL SLC 1 2 1/AC AC SS SS/CC 1 1R 2 3 4 5 6 Adopt Entire Chapter X X Adopt Entire Chapter as amended (amended sections listed below) X Adopt only those sections that are listed below X Chapter / Section 1006.3 Exception 3 X 1007 † † 1007.1 X 1009.2 — 1009.4 † † 1011.2.1 X 1011.2.2 X 1011.4 † † 1011.5.1 X 1011.5.1 Exception 8 † † Table 1011.5 X 1011.5.2 X 1011.5.2 Exception 2 † † 1011.5.4 X 1011.5.5 X 1011.6.1 Exception 1 † † 1011.7.1 Exception † † 1011.8.2 X The state agency does not adopt sections identified with the following symbol: † The Office of the State Fire Marshal's adoption of this chapter or individual sections is applicable to structures regulated by other state agencies pursuant to Section 1.11. User notes: About this chapter: The purpose of this chapter is to provide regulations for the circumstances where an existing building is subject to a change of occupancy or a change of occupancy classification. A change of occupancy is not to be confused with a change of occupancy classification. The California Building Code defines different occupancy classifications in Chapter 3 and special occupancy requirements in Chapter 4. Within specific occupancy classifications there can be many different types of actual activities that can take place. For instance, a Group A-3 occupancy classification deals with a wide variation of different types of activities, including bowling alleys and courtrooms, indoor tennis courts and dance halls. When a facility changes use from, for example, a bowling alley to a dance hall, the occupancy classification remains A-3, but the different uses could lead to drastically different code requirements. Therefore, this chapter deals with the special circumstances that are associated with a change in the use of a building within the same occupancy classification as well as a change of occupancy classification."
1001.1,Section 1001 General,Scope,BuildingElementProxy,Assembly (A)|Business (B)|Educational (E)|Factory and Industrial (F)|Residential (R),sd|dd|cd,occupancy_classification,architect,"The provisions of this chapter shall be a change of occupancy occurs, as defined in Section 202."
1001.2,Section 1001 General,Certificate of Occupancy,BuildingElementProxy,Assembly (A)|Business (B)|Educational (E)|Factory and Industrial (F)|Residential (R),sd|dd|cd,occupancy_classification,architect,A change of occupancy or a change of occupancy within a space where there is a different fire protection system threshold requirement in Chapter 9 of the apply where current California Building Code than exists in the current building or space shall not be made to any structure without the approval of the code official. A certificate of occupancy shall be issued where it has been determined that the requirements for the change of occupancy have been met.
1001.2.1,Section 1001 General,Change of Use,BuildingElementProxy,Assembly (A)|Business (B)|Educational (E)|Factory and Industrial (F)|High Hazard (H),sd|dd|cd,occupancy_classification,architect,Any work undertaken in connection with a change in use shall conform to the applicable requirements for the work as classified in Chapter 6 and to the requirements of Sections 1002 through 1010.
1001.2.2,Section 1001 General,Change of Occupancy Classification,Wall|Door|Slab,Assembly (A)|Business (B)|Educational (E)|Residential (R)|Institutional (I),sd|dd|cd,occupancy_classification,architect,"Where a building undergoes a change of occupancy classification, the provisions of Sections 1002 through 1011 shall apply."
1001.2.2.1,Section 1001 General,Partial Change of Occupancy,Wall|Door|Stair|Ramp|Slab,Assembly (A)|Business (B)|Educational (E)|Factory and Industrial (F)|Residential (R),sd|dd|cd,occupancy_classification,architect,"Where a portion of an existing building undergoes a change of occupancy classification, Section 1011 shall apply."
1001.3,Section 1001 General,Certificate of Occupancy Required,BuildingElementProxy,Assembly (A)|Business (B)|Educational (E)|Factory and Industrial (F)|High Hazard (H),cd|ca,occupancy_classification,architect,A certificate of occupancy shall be issued where a change of occupancy occurs that results in a different occupancy classification as determined by the California Building Code.
1002.1,Section 1002 Special Use and Occupancy,Compliance With the Building Code,BuildingElementProxy,Assembly (A)|Educational (E)|Institutional (I),sd|dd|cd,occupancy_classification,architect,"Where an existing building or part of an existing building undergoes a change of occupancy to one of the special use or occupancy categories as described in Chapter 4 in the California Building Code, the building shall comply with all of the requirements of Chapter 4 of the California Building Code applicable to the special use or occupancy."
1002.2,Section 1002 Special Use and Occupancy,Incidental Uses,Wall|Door|Slab,Assembly (A)|Business (B)|Educational (E)|Factory and Industrial (F)|Residential (R),sd|dd|cd,occupancy_classification,architect,"Where a portion of a building undergoes a change of occupancy to one of the incidental uses listed in Table 509.1 of the California Building Code, the incidental use shall comply with Section 509 of the California Building Code applicable to the incidental use."
1003.1,Section 1003 Building Elements and Materials,General,Wall|Slab|Door|Window|Roof,Assembly (A)|Business (B)|Educational (E)|Factory and Industrial (F)|Residential (R),sd|dd|cd,occupancy_classification,architect,Building elements and materials in portions of buildings undergoing a change of occupancy classification shall comply with Section 1011.
1004.1,Section 1004 Fire Protection,General,Wall|Door,Assembly (A)|Business (B)|Educational (E)|Residential (R)|Mercantile (M),sd|dd|cd,fire_protection_alarm_systems,fire_protection_engineer,Fire protection requirements in Section 1011 shall apply where either of the following occur: A building or portion thereof undergoes a change of occupancy.A building or portion thereof undergoes a change of occupancy and there is a different fire protection system threshold requirement in Chapter 9 of the current California Building Code than exists in the current building or portion thereof.
1005.1,Section 1005 Means of Egress,General,Door|Wall|Stair|Ramp|Slab,Assembly (A)|Business (B)|Educational (E)|Factory and Industrial (F)|Residential (R),sd|dd|cd,means_of_egress,architect,Means of egress in portions of buildings undergoing a change of occupancy classification shall comply with Section 1011.
1006.1,Section 1006 Structural,Live Loads,Beam|Column|Slab|Footing,Assembly (A)|Business (B)|Educational (E)|Factory and Industrial (F)|Residential (R),sd|dd|cd,structural_design,structural_engineer,Structural elements carrying tributary live loads from an area with a change of occupancy shall satisfy the requirements of Section 1607 of the California Building Code. Design live loads for areas of new occupancy shall be based on Section 1607 of the California Building Code. Design live loads for other areas shall be permitted to use previously approved design live loads. Exception: Structural elements whose demand-capacity ratio considering the change of occupancy is not more than 5 percent greater than the demand-capacity ratio based on previously approved live loads.
1006.2,Section 1006 Structural,Snow and Wind Loads,Wall|Roof|Column|Beam|Slab,Assembly (A)|Business (B)|Educational (E)|Residential (R)|Institutional (I),sd|dd|cd,structural_design,structural_engineer,"Where a change of occupancy results in a structure being assigned to a higher risk category, the structure shall satisfy the requirements of Sections 1608 and 1609 of the California Building Code for the new risk category. Exception: Where the area of the new occupancy is less than 10 percent of the building area. The cumulative effect of occupancy changes over time shall be considered."
1006.3,Section 1006 Structural,Seismic Loads,Wall|Column|Beam|Slab|BuildingElementProxy,Assembly (A)|Business (B)|Educational (E)|Storage (S)|Utility and Miscellaneous (U),sd|dd|cd,structural_design,structural_engineer,"Where a change of occupancy results in a building being assigned to a higher risk category, or where the change is from a Group S or Group U occupancy to any occupancy other than Group S or Group U, the lateral force-resisting system of the building shall comply with Section 304.3.1 for the new risk category. Where a change of occupancy results in a building being assigned to Risk Category IV and Seismic Design Category D or F, nonstructural components serving any portion of the building changed to Risk Category IV shall comply with the requirements of Section 1613 of the California Building Code or shall comply with ASCE 41 using an objective of operational nonstructural performance with the BSE-1N earthquake hazard level. Exceptions: Where a change of use results in a building being reclassified from Risk Category I or II to Risk Category III and the seismic coefficient, SDS, is less than 0.33, compliance with this section is not required.Where the area of the new occupancy is less than 10 percent of the building area, the occupancy is not changing from a Group S or Group U occupancy, and the new occupancy is not assigned to Risk Category IV, compliance with this section is not required. The cumulative effect of occupancy changes over time shall be considered.Reserved.Where the change is from a Group S or Group U occupancy and there is no change of risk category, compliance with Section 304.3.2 shall be permitted."
1006.4,Section 1006 Structural,Access to Risk Category IV,Wall|Roof|Stair|Door,Institutional (I)|Assembly (A)|Business (B),sd|dd|cd,site_planning,architect,"Any structure that provides operational access to an adjacent structure assigned to Risk Category IV as the result of a change of occupancy shall itself comply with Sections 1608 and 1609 of the California Building Code and Section 304.3.1 of this code. Where operational access to Risk Category IV is less than 10 feet (3048 mm) from either an interior lot line or from another structure, access protection from potential falling debris shall be provided."
1007.1,Section 1007 Electrical,Special Occupancies,BuildingElementProxy|Wall|Door|Slab,Assembly (A)|Business (B)|Institutional (I)|Residential (R)|Utility and Miscellaneous (U),sd|dd|cd,electrical_systems,electrical_engineer,"Where the occupancy of an existing building or part of an existing building is changed to one of the following special occupancies as described in the California Electrical Code, the electrical wiring and equipment of the building or portion thereof that contains the proposed occupancy shall comply with the applicable requirements of the California Electrical Code:Hazardous locations.Commercial garages, repair and storage.Aircraft hangars.Gasoline dispensing and service stations.Bulk storage plants.Spray application, dipping and coating processes.Reserved.Places of assembly.Theaters, audience areas of motion picture and television studios, and similar locations.Motion picture and television studios and similar locations.Motion picture projectors.Agricultural buildings."
1007.2,Section 1007 Electrical,Unsafe Conditions,BuildingElementProxy|Wall|Door,Assembly (A)|Business (B)|Educational (E)|Factory and Industrial (F)|Residential (R),sd|dd|cd,electrical_systems,electrical_engineer,"Where the occupancy of an existing building or part of an existing building is changed, all unsafe conditions shall be corrected without requiring that all parts of the electrical system comply with the California Electrical Code."
1007.3,Section 1007 Electrical,Service Upgrade,BuildingElementProxy,Assembly (A)|Business (B)|Educational (E)|Factory and Industrial (F)|Residential (R),sd|dd|cd,electrical_systems,electrical_engineer,"Where the occupancy of an existing building or part of an existing building is changed, electrical service shall be upgraded to meet the requirements of the California Electrical Code for the new occupancy."
1007.4,Section 1007 Electrical,Number of Electrical Outlets,BuildingElementProxy,Assembly (A)|Business (B)|Educational (E)|Factory and Industrial (F)|Residential (R),sd|dd|cd,electrical_systems,electrical_engineer,"Where the occupancy of an existing building or part of an existing building is changed, the number of electrical outlets shall comply with the California Electrical Code for the new occupancy."
1008.1,Section 1008 Mechanical,Mechanical Requirements,BuildingElementProxy|Covering|Door,Assembly (A)|Business (B)|Mercantile (M)|Residential (R)|Educational (E),sd|dd|cd,mechanical_systems,mechanical_engineer,"Where the occupancy of an existing building or part of an existing building is changed such that the new occupancy is subject to different kitchen exhaust requirements or to increased mechanical ventilation requirements in accordance with the California Mechanical Code, the new occupancy shall comply with the respective California Mechanical Code provisions."
1009.1,Section 1009 Plumbing,Increased Demand,Slab|Wall|Door|BuildingElementProxy|PlumbingFixture,Assembly (A)|Business (B)|Educational (E)|Factory and Industrial (F)|Residential (R),sd|dd|cd,plumbing_systems,architect,"Where the occupancy of an existing building or part of an existing building is changed such that the new occupancy is subject to increased or different plumbing fixture requirements or to increased water supply requirements in accordance with the California Plumbing Code, the new occupancy shall comply with the intent of the respective California Plumbing Code provisions. Exception: Only where the occupant load of the story is increased by more than 20 percent, plumbing fixtures for the story shall be provided in quantities specified in the California Plumbing Code based on the increased occupant load."
1009.2,Section 1009 Plumbing,Food-Handling Occupancies,Slab|Covering,Mercantile (M)|Assembly (A),sd|dd|cd,plumbing_systems,architect,"If the new occupancy is a food-handling establishment, all existing sanitary waste lines above the food or drink preparation or storage areas shall be panned or otherwise protected to prevent leaking pipes or condensation on pipes from contaminating food or drink. New drainage lines shall not be installed above such areas and shall be protected in accordance with the California Plumbing Code."
1009.3,Section 1009 Plumbing,Interceptor Required,PlumbingSystems,Assembly (A)|Business (B)|Mercantile (M)|Factory and Industrial (F),sd|dd|cd,plumbing_systems,mechanical_engineer,"If the new occupancy will produce grease or oil-laden wastes, interceptors shall be provided as required in the California Plumbing Code."
1009.4,Section 1009 Plumbing,Chemical Wastes,PlumbingSystem,Factory and Industrial (F)|High Hazard (H)|Business (B),sd|dd|cd,plumbing_systems,mechanical_engineer,"If the new occupancy will produce chemical wastes, the following shall apply:If the existing piping is not compatible with the chemical waste, the waste shall be neutralized prior to entering the drainage system or the piping shall be changed to a compatible material.Chemical waste shall not discharge to a public sewer system without the approval of the sewage authority."
1010.1,Section 1010 Other Requirements,Light and Ventilation,Wall|Window|BuildingElementProxy,Assembly (A)|Business (B)|Educational (E)|Residential (R),sd|dd|cd,interior_environment,architect,Light and ventilation shall comply with the requirements of the California Building Code for the new occupancy.
1011.1,Section 1011 Change of Occupancy Classification,General,BuildingElementProxy,Assembly (A)|Business (B)|Educational (E)|Factory and Industrial (F)|High Hazard (H),sd|dd|cd,occupancy_classification,architect,The provisions of this section shall apply to buildings or portions thereof undergoing a change of occupancy classification. This includes a change of occupancy classification within a group as well as a change of occupancy classification from one group to a different group. The provisions of this section shall also apply where there is a change of occupancy within a building or portion thereof and there is a different fire protection system threshold requirement in Chapter 9 of the current California Building Code than exists in the current building or space. Such buildings shall also comply with Sections 1002 through 1010 of this code.
1011.2,Section 1011 Change of Occupancy Classification,Fire Protection Systems,BuildingElementProxy,Assembly (A)|Business (B)|Educational (E)|Factory and Industrial (F)|Residential (R),sd|dd|cd,fire_protection_alarm_systems,fire_protection_engineer,Fire protection systems shall be provided in accordance with Sections 1011.2.1 and 1011.2.2.
1011.2.1,Section 1011 Change of Occupancy Classification,Automatic Sprinkler System,Wall|Slab|Door,Assembly (A)|Business (B)|Educational (E)|Factory and Industrial (F)|Residential (R),sd|dd|cd,fire_protection_alarm_systems,fire_protection_engineer,The installation of an automatic sprinkler system shall be required where there is a change of occupancy classification and Chapter 9 of the current California Building Code requires an automatic sprinkler system based on the new occupancy or where there is a change of occupancy within the space where there is a different fire protection system threshold requirement in Chapter 9 of the current California Building Code than exists in the current building or space. The installation of the automatic sprinkler system shall be required within the area of the change of occupancy and areas of the building not separated by a fire wall from the change of occupancy.
1011.2.1.1,Section 1011 Change of Occupancy Classification,Nonrequired Automatic Sprinkler Systems,BuildingElementProxy,Assembly (A)|Business (B)|Educational (E)|Factory and Industrial (F)|Residential (R),cd|ca,fire_protection_alarm_systems,fire_protection_engineer,"The code official is authorized to permit the removal of an existing automatic sprinkler system where all of the following conditions exist:The system is not required for new construction.Portions of the system that are exposed to the public are removed.The system was not installed as part of any special construction features, including fire-resistance-rated assemblies and smoke-resistive assemblies, conditions of occupancy, means of egress conditions, fire code deficiencies, approved modifications or approved alternative materials, design and methods of construction, and equipment applying to the building."
1011.2.1.1.1,Section 1011 Change of Occupancy Classification,Approval,Wall|Slab|Roof,Assembly (A)|Business (B)|Educational (E)|Residential (R),cd|ca,fire_protection_alarm_systems,fire_protection_engineer,"Plans, investigation and evaluation reports, and other data shall be submitted documenting compliance with Section 1011.2.1.1 for review and approval in support of a determination authorizing the removal of the automatic sprinkler system by the code official."
1011.2.2,Section 1011 Change of Occupancy Classification,Fire Alarm and Detection System,BuildingElementProxy,Assembly (A)|Business (B)|Educational (E)|Factory and Industrial (F)|High Hazard (H),sd|dd|cd,fire_protection_alarm_systems,fire_protection_engineer,"Where a change in occupancy classification occurs or where there is a change of occupancy within a space where there is a different fire protection system threshold requirement in Chapter 9 of the current California Building Code than exists in the current building or space that requires a fire alarm and detection system to be provided based on the new occupancy, such system shall be in accordance with Chapter 11 and Section 907 of the California Fire Code."
1011.3,Section 1011 Change of Occupancy Classification,Interior Finish,Wall|Covering|Slab,Assembly (A)|Business (B)|Educational (E)|Mercantile (M)|Residential (R),sd|dd|cd,finishes_materials,architect,"In areas of the building undergoing the change of occupancy classification, the interior finish of walls and ceilings shall comply with the requirements of the California Building Code for the new occupancy classification."
1011.4,Section 1011 Change of Occupancy Classification,Enhanced Classroom Acoustics,Wall|Slab|BuildingElementProxy,Educational (E),sd|dd|cd,interior_environment,architect,"In Group E occupancies, where the work area is a Level 3 alteration, enhanced classroom acoustics shall be provided in all classrooms with a volume of 20,000 cubic feet (565 m3) or less. Enhanced classroom acoustics shall comply with the reverberation time in Section 808 of ICC A117.1."
1011.5,Section 1011 Change of Occupancy Classification,"Means of Egress, General",Door|Stair|StairFlight|Ramp|RampFlight,High Hazard (H)|Institutional (I)|Assembly (A)|Educational (E)|Mercantile (M),sd|dd|cd,means_of_egress,architect,"Hazard categories in regard to life safety and means of egress shall be in accordance with Table 1011.5.TABLE 1011.5 MEANS OF EGRESS HAZARD CATEGORIES RELATIVE HAZARD OCCUPANCY CLASSIFICATIONS 1 (Highest Hazard) H (Not Allowed) 2 I-2; I-3; I-4 (Not Allowed) 3 A; E; M; R-1; R-2; R-4 4 B; F-1; R-3; R-4, S-1 5 (Lowest Hazard) F-2; S-2; U"
1011.5.1,Section 1011 Change of Occupancy Classification,Means of Egress for Change to a Higher-Hazard Category,Stair|StairFlight|Wall|Door|Window,Assembly (A)|Business (B)|Educational (E)|Factory and Industrial (F)|High Hazard (H),sd|dd|cd,means_of_egress,architect,"Where a change of occupancy classification is made to a higher-hazard category (lower number) as shown in Table 1011.5, the means of egress shall comply with the requirements of Chapter 10 of the California Building Code. Exceptions: Stairways shall be enclosed in compliance with the applicable provisions of Section 903.1. Existing stairways including handrails and guards complying with the requirements of Chapter 9 shall be permitted for continued use subject to approval of the code official. Any stairway replacing an existing stairway within a space where the pitch or slope cannot be reduced because of existing construction shall not be required to comply with the maximum riser height and minimum tread depth requirements. Existing corridor walls constructed on both sides of wood lath and plaster in good condition or 1/2-inch-thick (12.7 mm) gypsum wallboard shall be permitted. Such walls shall either terminate at the underside of a ceiling of equivalent construction or extend to the underside of the floor or roof next above. Existing corridor doorways, transoms and other corridor openings shall comply with the requirements in Sections 804.7.1, 804.7.2 and 804.7.3. Existing dead-end corridors shall comply with the requirements in Section 804.8. An operable window complying with Section 1011.5.6 shall be accepted as an emergency escape and rescue opening. In Group R-2.1 and I-2 facilities, required guards enclosing the occupiable roof areas shall be permitted to be greater than 48 inches (1219 mm) above the surface of the occupiable roof where the occupants, because of clinical needs, require restraint or containment as part of a function of a psychiatric or cognitive treatment area."
1011.5.2,Section 1011 Change of Occupancy Classification,Means of Egress for Change of Use to an Equal or Lower-Hazard Category,Stair|Railing|Ramp,Institutional (I)|Business (B)|Assembly (A)|Residential (R),sd|dd|cd,means_of_egress,architect,"Where a change of occupancy classification is made to an equal or lesser-hazard category (higher number) as shown in Table 1011.5, existing elements of the means of egress shall comply with the requirements of Section 905 for the new occupancy classification. Newly constructed or configured means of egress shall comply with the requirements of Chapter 10 of the California Building Code. Exceptions: Any stairway replacing an existing stairway within a space where the pitch or slope cannot be reduced shall not be required to comply with the maximum riser height and minimum tread depth requirements.In Group R-2.1 and I-2 facilities, required guards enclosing the occupiable roof areas shall be permitted to be greater than 48 inches (1219 mm) above the surface of the occupiable roof where the occupants, because of clinical needs, require restraint or containment as part of a function of a psychiatric or cognitive treatment area."
1011.5.3,Section 1011 Change of Occupancy Classification,Egress Capacity,Stair|Ramp|Door|Slab,Assembly (A)|Business (B)|Educational (E)|Institutional (I)|Residential (R),sd|dd|cd,means_of_egress,architect,Egress capacity shall meet or exceed the occupant load as specified in the California Building Code for the new occupancy.
1011.5.4,Section 1011 Change of Occupancy Classification,Handrails,Stair|Railing,Assembly (A)|Business (B)|Educational (E)|Residential (R)|Mercantile (M),sd|dd|cd,means_of_egress,architect,Existing stairways shall comply with the handrail requirements of Section 804.13.
1011.5.5,Section 1011 Change of Occupancy Classification,Guards,Railing,Assembly (A)|Business (B)|Educational (E)|Mercantile (M)|Residential (R),sd|dd|cd,means_of_egress,architect,Existing guards shall comply with the requirements in Section 804.12.
1011.5.6,Section 1011 Change of Occupancy Classification,Existing Emergency Escape and Rescue Openings,Window,Residential (R)|Institutional (I)|Educational (E)|Assembly (A),sd|dd|cd,means_of_egress,architect,"Where a change of occupancy would require an emergency escape and rescue opening in accordance with Section 1031 of the California Building Code, operable windows serving as the emergency escape and rescue opening shall comply with the following: An existing operable window shall provide a minimum net clear opening of 4 square feet (0.38 m2) with a minimum net clear opening height of 22 inches (559 mm) and a minimum net clear opening width of 20 inches (508 mm). A replacement window where such window complies with both of the following: The replacement window meets the size requirements in Item 1. The replacement window is the manufacturer's largest standard size window that will fit within the existing frame or existing rough opening. The replacement window shall be permitted to be of the same operating style as the existing window or a style that provides for an equal or greater window opening area than the existing window."
1011.6,Section 1011 Change of Occupancy Classification,Heights and Areas,Wall|Slab|Roof,High Hazard (H)|Assembly (A)|Institutional (I)|Residential (R)|Educational (E),sd|dd|cd,building_height_area_limits,architect,"Hazard categories in regard to height and area shall be in accordance with Table 1011.6.TABLE 1011.6HEIGHTS AND AREAS HAZARD CATEGORIES RELATIVE HAZARD OCCUPANCY CLASSIFICATIONS 1 (Highest Hazard) H 2 A-1; A-2; A-3; A-4; I; R-1; R-2; R-4, Condition 2 3 E; F-1; S-1; M 4 (Lowest Hazard) B; F-2; S-2; A-5; R-3; R-4, Condition 1; U"
1011.6.1,Section 1011 Change of Occupancy Classification,Height and Area for Change to a Higher-Hazard Category,Wall|Column|Slab,Assembly (A)|Business (B)|Educational (E)|High Hazard (H)|Residential (R),sd|dd|cd,building_height_area_limits,architect,"Where a change of occupancy classification is made to a higher-hazard category as shown in Table 1011.6, heights and areas of buildings and structures shall comply with the requirements of Chapter 5 of the California Building Code for the new occupancy classification. Exceptions: For high-rise buildings constructed in compliance with a previously issued permit, the type of construction reduction specified in Section 403.2.1 of the California Building Code is permitted. This shall include the reduction for columns. The high-rise building is required to be equipped throughout with an automatic sprinkler system in accordance with Section 903.3.1.1 of the California Building Code. Buildings that were constructed in compliance with a previously issued permit that have floor assemblies with a 1-1/2-hour fire resistance rating shall not be required to comply with Chapter 5 of the California Building Code where all of the following apply: Chapter 5 of the California Building Code requires Type IB construction. The building does not include Group H occupancies. The building is protected throughout with an automatic sprinkler system in accordance Section 903.3.1.1 of the California Building Code."
1011.6.1.1,Section 1011 Change of Occupancy Classification,Fire Wall Alternative,Wall|Slab,Business (B)|Educational (E)|Institutional (I)|Mercantile (M)|Residential (R),sd|dd|cd,building_height_area_limits,architect,"In other than Groups H, F-1 and S-1, fire barriers and horizontal assemblies constructed in accordance with Sections 707 and 711, respectively, of the California Building Code shall be permitted to be used in lieu of fire walls to subdivide the building into separate buildings for the purpose of complying with the area limitations required for the new occupancy where all of the following conditions are met: The buildings are protected throughout with an automatic sprinkler system in accordance with Section 903.3.1.1 of the California Fire Code. The maximum allowable area between fire barriers, horizontal assemblies or any combination thereof shall not exceed the maximum allowable area determined in accordance with Chapter 5 of the California Building Code without an increase allowed for an automatic sprinkler system in accordance with Section 506 of the California Building Code. The fire-resistance rating of the fire barriers and horizontal assemblies shall be not less than that specified for fire walls in Table 706.4 of the California Building Code. Exception: Where horizontal assemblies are used to limit the maximum allowable area, the required fire-resistance rating of the horizontal assemblies shall be permitted to be reduced by 1 hour provided that the height and number of stories increases allowed for an automatic sprinkler system by Section 504 of the California Building Code are not used for the buildings."
1011.6.2,Section 1011 Change of Occupancy Classification,Height and Area for Change to an Equal or Lesser-Hazard Category,Wall|Slab|Roof,Assembly (A)|Business (B)|Educational (E)|Factory and Industrial (F)|High Hazard (H),sd|dd|cd,building_height_area_limits,architect,"Where a change of occupancy classification is made to an equal or lesser-hazard category as shown in Table 1011.6, the height and area of the existing building shall be deemed acceptable."
1011.6.3,Section 1011 Change of Occupancy Classification,Fire Barriers,Wall,Assembly (A)|Business (B)|Educational (E)|Factory and Industrial (F)|High Hazard (H),sd|dd|cd,fire_resistance_smoke_protection,architect,"Where a change of occupancy classification is made to a higher-hazard category as shown in Table 1011.6, fire barriers in separated mixed use buildings shall comply with the fire-resistance requirements of the California Building Code. Exception: Where the fire barriers are required to have a 1-hour fire-resistance rating, existing wood lath and plaster in good condition or existing 1/2-inch-thick (12.7 mm) gypsum wallboard shall be permitted."
1011.7,Section 1011 Change of Occupancy Classification,Exterior Wall Fire-Resistance Ratings,Wall,High Hazard (H)|Factory and Industrial (F)|Mercantile (M)|Storage (S)|Assembly (A),sd|dd|cd,fire_resistance_smoke_protection,architect,Hazard categories in regard to fire-resistance ratings of exterior walls shall be in accordance with Table 1011.7.TABLE 1011.7 EXPOSURE OF EXTERIOR WALLS HAZARD CATEGORIES RELATIVE HAZARD OCCUPANCY CLASSIFICATION 1 (Highest Hazard) H 2 F-1; M; S-1 3 A; B; E; I; R 4 (Lowest Hazard) F-2; S-2; U
1011.7.1,Section 1011 Change of Occupancy Classification,Exterior Wall Rating for Change of Occupancy Classification to a Higher-Hazard Category,Wall|Window|Door,Assembly (A)|Business (B)|Factory and Industrial (F)|Mercantile (M)|Storage (S),sd|dd|cd,fire_resistance_smoke_protection,architect,"Where a change of occupancy classification is made to a higher hazard category as shown in Table 1011.7, exterior walls shall have fire-resistance, exterior opening areas and opening protectives as required by the California Building Code. Exception: A 2-hour fire-resistance rating shall be allowed where the building does not exceed three stories in height and is classified as one of the following groups: A-2 and A-3 with an occupant load of less than 300, B, F, M or S."
1011.7.2,Section 1011 Change of Occupancy Classification,Exterior Wall Rating for Change of Occupancy Classification to an Equal or Lesser-Hazard Category,Wall|Window|Door,Assembly (A)|Business (B)|Educational (E)|Factory and Industrial (F)|High Hazard (H),sd|dd|cd,fire_resistance_smoke_protection,architect,"Where a change of occupancy classification is made to an equal or lesser-hazard category as shown in Table 1011.7, existing exterior walls, including openings, shall be accepted."
1011.7.3,Section 1011 Change of Occupancy Classification,Opening Protectives,Wall|Window|Door,Residential (R)|Business (B)|Assembly (A)|Mercantile (M)|Institutional (I),sd|dd|cd,fire_resistance_smoke_protection,architect,"Openings in exterior walls shall be protected as required by the California Building Code. Where openings in the exterior walls are required to be protected because of their distance from the lot line, the sum of the area of such openings shall not exceed 50 percent of the total area of the wall in each story. Exceptions:Where the California Building Code permits openings in excess of 50 percent.Protected openings shall not be required in buildings of Group R occupancy that do not exceed three stories in height and that are located not less than 3 feet (914 mm) from the lot line.Exterior opening protectives are not required where an automatic sprinkler system has been installed throughout.Exterior opening protectives are not required where the change of occupancy group is to an equal or lower hazard classification in accordance with Table 1011.7."
1011.8,Section 1011 Change of Occupancy Classification,Enclosure of Vertical Shafts,Wall|Stair|StairFlight|Door,Assembly (A)|Business (B)|Educational (E)|Factory and Industrial (F)|Residential (R),sd|dd|cd,fire_resistance_smoke_protection,architect,Enclosure of vertical shafts shall be in accordance with Sections 1011.8.1 through 1011.8.4.
1011.8.1,Section 1011 Change of Occupancy Classification,Minimum Requirements,Wall|Slab|Stair|Ramp|BuildingElementProxy,Assembly (A)|Business (B)|Educational (E)|Institutional (I)|Residential (R),sd|dd|cd,fire_resistance_smoke_protection,architect,Vertical shafts shall be designed to meet the California Building Code requirements for atriums or the requirements of this section.
1011.8.2,Section 1011 Change of Occupancy Classification,Stairways,Stair|StairFlight|Wall|Door,Institutional (I)|Assembly (A)|Business (B)|Educational (E)|Factory and Industrial (F),sd|dd|cd,fire_resistance_smoke_protection,architect,"Where a change of occupancy classification is made to a higher-hazard category as shown in Table 1011.5, interior stairways shall be enclosed as required by the California Building Code. Exceptions: In other than Group I occupancies, an enclosure shall not be required for openings serving only one adjacent floor and that are not connected with corridors or stairways serving other floors. Unenclosed existing stairways need not be enclosed in a continuous vertical shaft if each story is separated from other stories by 1-hour fire-resistance-rated construction and all exit corridors are sprinklered in accordance with the California Building Code. The openings between the corridor and the tenant space shall have not fewer than one sprinkler above the openings on the tenant side. Existing penetrations of stairway enclosures shall be accepted if they are protected in accordance with the California Building Code."
1011.8.3,Section 1011 Change of Occupancy Classification,Other Vertical Shafts,BuildingElementProxy|Elevator|Stair|Wall,Assembly (A)|Business (B)|Educational (E)|Factory and Industrial (F)|Residential (R),sd|dd|cd,fire_resistance_smoke_protection,architect,"Interior vertical shafts other than stairways, including but not limited to elevator hoistways and service and utility shafts, shall be enclosed as required by the California Building Code where there is a change of use to a higher hazard category as specified in Table 1011.5. Exceptions: Existing 1-hour interior shaft enclosures shall be accepted where a higher rating is required. Vertical openings, other than stairways, in buildings of other than Group I occupancy and connecting less than six stories shall not be required to be enclosed if the entire building is provided with an approved automatic sprinkler system."
1011.8.4,Section 1011 Change of Occupancy Classification,Openings,Door|Wall,Assembly (A)|Business (B)|Educational (E)|Factory and Industrial (F)|Residential (R),sd|dd|cd,fire_resistance_smoke_protection,architect,Openings into existing vertical shaft enclosures shall be protected by fire assemblies having a fire protection rating of not less than 1 hour and shall be maintained self-closing or shall be automatic-closing by actuation of a smoke detector. Other openings shall be fire protected in an approved manner. Existing fusible link-type automatic door-closing devices shall be permitted in all shafts except stairways if the fusible link rating does not exceed 135°F (57°C).
