id,section,title,ifc_type,occupancy,design_phase,code_category,primary_responsibility,body
1,,Scope and Administration,BuildingElementProxy,Residential (R),concept|sd|dd|cd|ca,occupancy_classification,architect,"User notes:About this chapter: Chapter 1 establishes the limits of applicability of this code and describes how the code is to be applied and enforced. Chapter 1 is in two parts: Part 1—Scope and Application (Sections R101—R102) and Part 2—Administration and Enforcement (Sections R103—R114). Section R101 identifies which buildings and structures come under its purview and references other I-Codes as applicable. Standards and codes are scoped to the extent referenced (see Section R102.4).The one- and two-family dwelling code is intended to be adopted as a legally enforceable document, and it cannot be effective without adequate provisions for its administration and enforcement. The provisions of Chapter 1 establish the authority and duties of the building official appointed by the authority having jurisdiction and also establish the rights and privileges of the design professional, contractor and property owner.QR code use: A QR code is placed at the beginning of any section that has undergone technical revision. To see those revisions, scan the QR code with a smart device or enter the 7-digit code beneath the QR code at the end of the following URL: qr.iccsafe.org/ (see Formatting Changes to the 2024 International Codes for more information)."
R101.1,Chapter 1 Scope and Administration,Title,BuildingElementProxy,Residential (R),concept|sd|dd|cd,occupancy_classification,architect,"These provisions shall be known as the Residential Code for One- and Two-family Dwellings of [name of jurisdiction], and shall be cited as such and will be referred to herein as ""this code."""
R101.2,Chapter 1 Scope and Administration,Scope,Wall|Roof|Slab|Door|Window,Residential (R)|Business (B)|Institutional (I)|Assembly (A),concept|sd|dd|cd,occupancy_classification,architect,"The provisions of this code shall apply to the construction, alteration, movement, enlargement, replacement, repair, equipment, use and occupancy, location, removal and demolition of detached one- and two-family dwellings and townhouses not more than three stories above grade plane in height with a separate means of egress and their accessory structures not more than three stories above grade plane in height. Exception: The following shall be permitted to be constructed in accordance with this code where provided with an automatic sprinkler system complying with Section P2904: Live/work units located in townhouses and complying with the requirements of Section 508.5 of the International Building Code. Owner-occupied lodging houses with five or fewer guestrooms. A care facility with five or fewer persons receiving custodial care within a dwelling unit. A care facility with five or fewer persons receiving medical care within a dwelling unit. A day care facility for five or fewer persons of any age receiving care within a dwelling unit."
R101.2.1,Chapter 1 Scope and Administration,Appendices,BuildingElementProxy,Assembly (A)|Business (B)|Educational (E)|Factory and Industrial (F)|Residential (R),concept|sd,occupancy_classification,architect,Provisions in the appendices shall not apply unless specifically adopted.
R101.3,Chapter 1 Scope and Administration,Purpose,Wall|Slab|Stair,Assembly (A)|Business (B)|Residential (R),concept|sd|dd|cd,occupancy_classification,architect,"The purpose of this code is to establish minimum requirements to provide a reasonable level of safety, health and general welfare through affordability, structural strength, means of egress, stability, sanitation, light and ventilation, energy conservation and safety to life and property from fire and other hazards and to provide a reasonable level of safety to firefighters and emergency responders during emergency operations."
R102.1,Chapter 1 Scope and Administration,General,BuildingElementProxy,Assembly (A)|Business (B)|Educational (E)|Factory and Industrial (F)|Residential (R),sd|dd|cd,occupancy_classification,architect,"Where there is a conflict between a general requirement and a specific requirement, the specific requirement shall be applicable. Where, in any specific case, different sections of this code specify different materials, methods of construction or other requirements, the most restrictive shall govern."
R102.2,Chapter 1 Scope and Administration,Other Laws,BuildingElementProxy,Assembly (A)|Business (B)|Educational (E)|Factory and Industrial (F)|Residential (R),concept|sd|dd|cd,occupancy_classification,architect,"The provisions of this code shall not be deemed to nullify any provisions of local, state or federal law."
R102.3,Chapter 1 Scope and Administration,Application of References,BuildingElementProxy,Assembly (A)|Business (B)|Educational (E)|Factory and Industrial (F)|Residential (R),concept|sd|dd|cd|ca,occupancy_classification,architect,"References to chapter or section numbers, or to provisions not specifically identified by number, shall be construed to refer to such chapter, section or provision of this code."
R102.4,Chapter 1 Scope and Administration,Referenced Codes and Standards,BuildingElementProxy,Assembly (A)|Business (B)|Educational (E)|Factory and Industrial (F)|Residential (R),cd|ca,special_construction,architect,"The codes and standards referenced in this code shall be considered part of the requirements of this code to the prescribed extent of each such reference and as further regulated in Sections R102.4.1 and R102.4.2. Exception: Where enforcement of a code provision would violate the conditions of the listing of the equipment or appliance, the conditions of the listing and manufacturer's instructions shall apply."
R102.4.1,Chapter 1 Scope and Administration,Conflicts,BuildingElementProxy,Assembly (A)|Business (B)|Educational (E)|Factory and Industrial (F)|Residential (R),cd,occupancy_classification,architect,"Where conflicts occur between provisions of this code and referenced codes and standards, the provisions of this code shall apply."
R102.4.2,Chapter 1 Scope and Administration,Provisions in Referenced Codes and Standards,BuildingElementProxy,Assembly (A)|Business (B)|Educational (E)|Factory and Industrial (F)|Residential (R),cd,occupancy_classification,architect,"Where the extent of the reference to a referenced code or standard includes subject matter that is within the scope of this code, the provisions of this code, as applicable, shall take precedence over the provisions in the referenced code or standard."
R102.5,Chapter 1 Scope and Administration,Partial Invalidity,BuildingElementProxy,Assembly (A)|Business (B)|Educational (E)|Factory and Industrial (F)|Residential (R),cd,occupancy_classification,architect,"In the event any part or provision of this code is held to be illegal or void, this shall not have the effect of making void or illegal any of the other parts or provisions."
R102.6,Chapter 1 Scope and Administration,Existing Structures,BuildingElementProxy,Assembly (A)|Business (B)|Educational (E)|Factory and Industrial (F)|Residential (R),concept|sd|dd|cd,occupancy_classification,architect,"The legal occupancy of any structure existing on the date of adoption of this code shall be permitted to continue without change, except as is specifically covered in this code, the International Property Maintenance Code or the International Fire Code, or as is deemed necessary by the building official for the general safety and welfare of the occupants and the public."
R102.6.1,Chapter 1 Scope and Administration,"Additions, Alterations, Change of Use or Repairs",Wall|Slab|Roof,Assembly (A)|Business (B)|Educational (E)|Residential (R),sd|dd|cd,occupancy_classification,architect,"Additions, alterations or repairs to any structure shall conform to the requirements for a new structure without requiring the existing structure to comply with the requirements of this code, unless otherwise stated. Additions, alterations, repairs and relocations shall not cause an existing structure to become less compliant with the provisions of this code than the existing building or structure was prior to the addition, alteration or repair. Where additions, alterations or changes of use to an existing structure result in a use, occupancy, height or means of egress outside the scope of this code, the building shall comply with the International Existing Building Code."
R103.1,Chapter 1 Scope and Administration,Creation of Agency,BuildingElementProxy,Assembly (A)|Business (B)|Educational (E)|Factory and Industrial (F)|Residential (R),concept|sd|dd|cd|ca,occupancy_classification,owner,"The [insert name of department] is hereby created and the official in charge thereof shall be known as the building official. The function of the agency shall be the implementation, administration and enforcement of the provisions of this code."
R103.2,Chapter 1 Scope and Administration,Appointment,BuildingElementProxy,Assembly (A)|Business (B)|Educational (E)|Factory and Industrial (F)|High Hazard (H),concept,occupancy_classification,owner,The building official shall be appointed by the chief appointing authority of the jurisdiction.
R103.3,Chapter 1 Scope and Administration,Deputies,BuildingElementProxy,Assembly (A)|Business (B)|Educational (E)|Factory and Industrial (F)|Residential (R),cd,occupancy_classification,owner,"In accordance with the prescribed procedures of this jurisdiction and with the concurrence of the appointing authority, the building official shall have the authority to appoint a deputy building official, other related technical officers, inspectors and other employees. Such employees shall have powers as delegated by the building official."
R104.1,Chapter 1 Scope and Administration,General,BuildingElementProxy,Assembly (A)|Business (B)|Educational (E)|Factory and Industrial (F)|Residential (R),cd|ca,occupancy_classification,owner,The building official is hereby authorized and directed to enforce the provisions of this code.
R104.2,Chapter 1 Scope and Administration,Determination of Compliance,BuildingElementProxy,Assembly (A)|Business (B)|Educational (E)|Factory and Industrial (F)|Residential (R),cd,occupancy_classification,architect,"The building official shall have the authority to render interpretations of this code and to adopt policies and procedures in order to clarify the application of this code's provisions. Such interpretations, policies and procedures: Shall be in compliance with the intent and purpose of this code. Shall not have the effect of waiving requirements specifically provided for in this code."
R104.2.1,Chapter 1 Scope and Administration,Listed Compliance,BuildingElementProxy,Assembly (A)|Business (B)|Educational (E)|Factory and Industrial (F)|Residential (R),cd|ca,finishes_materials,architect,"Where this code or a referenced standard requires equipment, materials, products or services to be listed and a listing standard is specified, the listing shall be based on the specified standard. Where a listing standard is not specified, the listing shall be based on an approved listing criteria. Listings shall be germane to the provision requiring the listing. Installation shall be in accordance with the listing and the manufacturer's instructions, and where required to verify compliance, the listing standard and manufacturer's instructions shall be made available to the building official."
R104.2.2,Chapter 1 Scope and Administration,"Alternative Materials, Design and Methods of Construction and Equipment",BuildingElementProxy,Assembly (A)|Business (B)|Educational (E)|Factory and Industrial (F)|Residential (R),sd|dd|cd,special_construction,architect,"The provisions of this code are not intended to prevent the installation of any material or to prohibit any design or method of construction not specifically prescribed by this code, provided that any such alternative has been approved."
R104.2.2.1,Chapter 1 Scope and Administration,Approval Authority,BuildingElementProxy,Assembly (A)|Business (B)|Educational (E)|Factory and Industrial (F)|Residential (R),sd|dd|cd,special_construction,architect,"An alternative material, design or method of construction shall be approved where the building official finds that the proposed alternative is satisfactory and complies with Sections R104.2.2 through R104.2.2.6.2, as applicable."
R104.2.2.2,Chapter 1 Scope and Administration,Application and Disposition,BuildingElementProxy,Assembly (A)|Business (B)|Educational (E)|Factory and Industrial (F)|High Hazard (H),sd|dd|cd,special_construction,architect,"Where required, a request to use an alternative material, design or method of construction shall be submitted in writing to the building official for approval. Where the alternative material, design or method of construction is not approved, the building official shall respond in writing, stating the reasons the alternative was not approved."
R104.2.2.3,Chapter 1 Scope and Administration,Compliance With Code Intent,BuildingElementProxy,Assembly (A)|Business (B)|Educational (E)|Factory and Industrial (F)|Residential (R),sd|dd|cd,special_construction,architect,"An alternative material, design or method of construction shall comply with the intent of the provisions of this code."
R104.2.2.4,Chapter 1 Scope and Administration,Equivalency Criteria,Wall|Slab|Roof,Assembly (A)|Business (B)|Residential (R),sd|dd|cd,special_construction,architect,"An alternative material, design or method of construction shall, for the purpose intended, be not less than the equivalent of that prescribed in this code with respect to all the following, as applicable: Quality. Strength. Effectiveness. Durability. Safety, other than fire safety. Fire safety."
R104.2.2.5,Chapter 1 Scope and Administration,Tests,BuildingElementProxy,Assembly (A)|Business (B)|Educational (E)|Factory and Industrial (F)|Residential (R),dd|cd,special_construction,architect,"Tests conducted to demonstrate equivalency in support of an alternative material, design or method of construction application shall be of a scale that is sufficient to predict performance of the end use configuration. Such tests shall be performed by a party acceptable to the building official."
R104.2.2.6,Chapter 1 Scope and Administration,Reports,BuildingElementProxy|Assemblies_envelope,Assembly (A)|Business (B)|Educational (E)|Factory and Industrial (F)|Residential (R),dd|cd,special_construction,architect,"Supporting documentation, where necessary to assist in the approval of materials or assemblies not specifically provided for in this code, shall comply with Sections R104.2.2.6.1 and R104.2.2.6.2."
R104.2.2.6.1,Chapter 1 Scope and Administration,Evaluation Reports,BuildingElementProxy,Assembly (A)|Business (B)|Educational (E)|Factory and Industrial (F)|Residential (R),cd|ca,special_construction,architect,"Evaluation reports shall be issued by an approved agency and use of the evaluation report shall require approval by the building official for the installation. The alternate material, design or method of construction and product evaluated shall be within the scope of the building official's recognition of the approved agency. Criteria used for the evaluation shall be identified within the report and, where required, provided to the building official."
R104.2.2.6.2,Chapter 1 Scope and Administration,Other Reports,BuildingElementProxy,Assembly (A)|Business (B)|Educational (E)|Factory and Industrial (F)|Residential (R),cd,special_construction,architect,"Reports not complying with Section R104.2.2.6.1 shall describe criteria, including but not limited to any referenced testing or analysis, used to determine compliance with code intent and justify code equivalence. The report shall be prepared by a qualified engineer, specialist, laboratory or specialty organization acceptable to the building official. The building official is authorized to require design submittals to be prepared by, and bear the stamp of, a registered design professional."
R104.2.3,Chapter 1 Scope and Administration,Modifications,BuildingElementProxy,Assembly (A)|Business (B)|Educational (E)|Factory and Industrial (F)|High Hazard (H),cd|ca,occupancy_classification,architect,"Where there are practical difficulties involved in carrying out the provisions of this code, the building official shall have the authority to grant modifications for individual cases, provided the building official shall first find that one or more special individual reasons make the strict letter of this code impractical, and the modification is in compliance with the intent and purpose of this code and that such modification does not lessen health, life and fire safety or structural requirements. The details of the written request for and action granting modifications shall be recorded and entered in the files of the department of building safety."
R104.2.3.1,Chapter 1 Scope and Administration,Flood Hazard Areas,Slab|Footing|Wall,Residential (R)|Business (B)|Assembly (A),sd|dd|cd,site_planning,architect,"The building official shall not grant modifications to any provisions required in flood hazard areas as established by Table R301.2 unless a determination has been made that: There is good and sufficient cause showing that the unique characteristics of the size, configuration or topography of the site render the elevation standards of Section R306 inappropriate. Failure to grant the modification would result in exceptional hardship by rendering the lot undevelopable. The granting of modification will not result in increased flood heights, additional threats to public safety or extraordinary public expense; cause fraud on or victimization of the public; or conflict with existing laws or ordinances. The modification is the minimum necessary to afford relief, considering the flood hazard. Written notice specifying the difference between the design flood elevation and the elevation to which the building is to be built, stating that the cost of flood insurance will be commensurate with the increased risk resulting from the reduced floor elevation and stating that construction below the design flood elevation increases risks to life and property, has been submitted to the applicant."
R104.3,Chapter 1 Scope and Administration,Applications and Permits,BuildingElementProxy,Assembly (A)|Business (B)|Educational (E)|Factory and Industrial (F)|Residential (R),sd|dd|cd,occupancy_classification,architect,"The building official shall receive applications, review construction documents, issue permits, inspect the premises for which such permits have been issued and enforce compliance with the provisions of this code."
R104.3.1,Chapter 1 Scope and Administration,Determination of Substantially Improved or Substantially Damaged Existing Buildings in Flood Hazard Areas,Wall|Slab|Roof,Residential (R)|Business (B)|Mercantile (M),sd|dd|cd,site_planning,architect,"For applications for reconstruction, rehabilitation, addition, alteration, repair or other improvement of existing buildings or structures located in a flood hazard area as established by Table R301.2, the building official shall examine or cause to be examined the construction documents and shall make a determination with regard to the value of the proposed work. For buildings that have sustained damage of any origin, the value of the proposed work shall include the cost to repair the building or structure to its predamaged condition. If the building official finds that the value of proposed work equals or exceeds 50 percent of the market value of the building or structure before the damage has occurred or the improvement is started, the proposed work is a substantial improvement or repair of substantial damage and the building official shall require existing portions of the entire building or structure to meet the requirements of Section R306."
R104.4,Chapter 1 Scope and Administration,Right of Entry,BuildingElementProxy,Assembly (A)|Business (B)|Educational (E)|Factory and Industrial (F)|High Hazard (H),cd|ca,site_planning,owner,"Where it is necessary to make an inspection to enforce the provisions of this code, or where the building official has reasonable cause to believe that there exists in a structure or on any premises a condition that is contrary to or in violation of this code that makes the structure or premises unsafe, dangerous or hazardous, the building official is authorized to enter the structure or premises at all reasonable times to inspect or to perform the duties imposed by this code. If such structure or premises is occupied, the building official shall present credentials to the occupant and request entry. If such structure or premises is unoccupied, the building official shall first make a reasonable effort to locate the owner, the owner's authorized agent, or other person having charge or control of the structure or premises and request entry. If entry is refused, the building official shall have recourse to every remedy provided by law to secure entry."
R104.4.1,Chapter 1 Scope and Administration,Warrant,BuildingElementProxy,Assembly (A)|Business (B)|Educational (E)|Factory and Industrial (F)|Residential (R),ca,site_planning,owner,"Where the building code official has first obtained a proper inspection warrant or other remedy provided by law to secure entry, an owner, the owner's authorized agent, occupant or person having charge, care or control of the structure or premises shall not fail or neglect, after a proper request is made as herein provided, to permit entry therein by the building code official for the purposes of inspection and examination pursuant to this code."
R104.5,Chapter 1 Scope and Administration,Identification,BuildingElementProxy,Assembly (A)|Business (B)|Educational (E)|Factory and Industrial (F)|High Hazard (H),ca,site_planning,owner,The building official shall carry proper identification when inspecting structures or premises in the performance of duties under this code.
R104.6,Chapter 1 Scope and Administration,Notices and Orders,BuildingElementProxy,Assembly (A)|Business (B)|Educational (E)|Factory and Industrial (F)|High Hazard (H),cd|ca,occupancy_classification,architect,The building official shall issue necessary notices or orders to ensure compliance with this code. Notices of violations shall be in accordance with Section R113.2.
R104.7,Chapter 1 Scope and Administration,Official Records,BuildingElementProxy,Assembly (A)|Business (B)|Educational (E)|Factory and Industrial (F)|High Hazard (H),cd|ca,special_construction,owner,"The building official shall keep official records as required in Sections R104.7.1 through R104.7.5. Such official records shall be retained for not less than 5 years or for as long as the building or structure to which such records relate remains in existence, unless otherwise provided by other regulations."
R104.7.1,Chapter 1 Scope and Administration,Approvals,BuildingElementProxy,Assembly (A)|Business (B)|Educational (E)|Residential (R)|Mercantile (M),cd|ca,site_planning,architect,A record of approvals shall be maintained by the building official and shall be available for public inspection during business hours in accordance with applicable laws.
R104.7.2,Chapter 1 Scope and Administration,Inspections,BuildingElementProxy,Assembly (A)|Business (B)|Educational (E)|Factory and Industrial (F)|Residential (R),ca,site_planning,architect,"The code official shall have the authority to conduct inspections, or shall accept reports of inspection by approved agencies or individuals. Reports of such inspections shall be in writing and be certified by a responsible officer of such approved agency or by the responsible individual. The building official shall keep a record of each inspection made, including notices and orders issued, showing the findings and disposition of each."
R104.7.3,Chapter 1 Scope and Administration,Code Alternatives and Modifications,BuildingElementProxy,Assembly (A)|Business (B)|Educational (E)|Factory and Industrial (F)|Residential (R),cd|ca,special_construction,architect,"Application for alternative materials, design and methods of construction and equipment in accordance with Section R104.2.2; modifications in accordance with Section R104.2.3; and documentation of the final decision of the building official for either shall be in writing and shall be retained in the official records."
R104.7.4,Chapter 1 Scope and Administration,Tests,BuildingElementProxy,Assembly (A)|Business (B)|Educational (E)|Factory and Industrial (F)|Residential (R),cd|ca,special_construction,architect,Tests. The building official shall keep a record of tests conducted to comply with Section R104.2.2.5.
R104.7.5,Chapter 1 Scope and Administration,Fees,BuildingElementProxy,Assembly (A)|Business (B)|Educational (E)|Factory and Industrial (F)|High Hazard (H),concept|sd,site_planning,owner,The building official shall keep a record of fees collected and refunded in accordance with Section R108.
R104.8,Chapter 1 Scope and Administration,Liability,BuildingElementProxy,Assembly (A)|Business (B)|Educational (E)|Factory and Industrial (F)|Residential (R),cd,site_planning,owner,"The building official, member of the board of appeals or employee charged with the enforcement of this code, while acting for the jurisdiction in good faith and without malice in the discharge of the duties required by this code or other pertinent law or ordinance, shall not thereby be personally liable, either civilly or criminally, and is hereby relieved from personal liability for any damage accruing to persons or property as a result of an act or by reason of any act or omission in the discharge of official duties."
R104.8.1,Chapter 1 Scope and Administration,Legal Defense,BuildingElementProxy,Assembly (A)|Business (B)|Educational (E)|Factory and Industrial (F)|Residential (R),cd,occupancy_classification,owner,"Any suit or criminal complaint instituted against an officer or employee because of an act performed by that officer or employee in the lawful discharge of duties and under the provisions of this code or other laws or ordinances implemented through the enforcement of this code shall be defended by legal representatives of the jurisdiction until the final termination of the proceedings. The building official or any subordinate shall not be liable for cost in any action, suit or proceeding that is instituted in pursuance of the provisions of this code."
R104.9,Chapter 1 Scope and Administration,Approved Materials and Equipment,BuildingElementProxy,Assembly (A)|Business (B)|Residential (R)|Educational (E)|Mercantile (M),sd|dd|cd,special_construction,architect,"Materials, equipment and devices approved by the building official shall be constructed and installed in accordance with such approval."
R104.9.1,Chapter 1 Scope and Administration,Materials and Equipment Reuse,Wall|Door|Window|Roof|Slab,Assembly (A)|Business (B)|Educational (E)|Residential (R)|Mercantile (M),dd|cd,finishes_materials,architect,"Materials, equipment and devices shall not be reused unless such elements are in good working condition and approved ."
R105.1,Chapter 1 Scope and Administration,Required,BuildingElementProxy,Assembly (A)|Business (B)|Educational (E)|Factory and Industrial (F)|Residential (R),concept|sd|dd|cd,site_planning,owner,"Any owner or owner's authorized agent who intends to construct, enlarge, alter, repair, move, demolish or change the occupancy of a building or structure, or to erect, install, enlarge, alter, repair, remove, convert or replace any electrical, gas, mechanical or plumbing system, the installation of which is regulated by this code, or to cause any such work to be performed, shall first make application to the building official and obtain the required permit."
R105.2,Chapter 1 Scope and Administration,Work Exempt From Permit,Wall|Slab|Roof|Window|Door,Assembly (A)|Business (B)|Educational (E)|Residential (R)|Utility and Miscellaneous (U),cd,site_planning,architect,"Exemption from permit requirements of this code shall not be deemed to grant authorization for any work to be done in any manner in violation of the provisions of this code or any other laws or ordinances of this jurisdiction. Permits shall not be required for the following: Building: Other than storm shelters, one-story detached accessory structures, provided that the floor area does not exceed 200 square feet (18.58 m2). Fences not over 7 feet (2134 mm) high. Retaining walls that are not over 4 feet (1219 mm) in height measured from the bottom of the footing to the top of the wall, unless supporting a surcharge. Water tanks supported directly upon grade if the capacity does not exceed 5,000 gallons (18 927 L) and the ratio of height to diameter or width does not exceed 2 to 1. Sidewalks and driveways. Painting, papering, tiling, carpeting, cabinets, counter tops and similar finish work. Prefabricated swimming pools that are less than 24 inches (610 mm) deep. Swings and other playground equipment. Window awnings supported by an exterior wall that do not project more than 54 inches (1372 mm) from the exterior wall and do not require additional support. Decks not exceeding 200 square feet (18.58 m2) in area, that are not more than 30 inches (762 mm) above grade at any point, are not attached to a dwelling or townhouse and do not serve the exit door required by Section R318.4. Electrical: Listed cord-and-plug connected temporary decorative lighting. Reinstallation of attachment plug receptacles but not the outlets therefor. Replacement of branch circuit overcurrent devices of the required capacity in the same location. Electrical wiring, devices, appliances, apparatus or equipment operating at less than 25 volts and not capable of supplying more than 50 watts of energy. Minor repair work, including the replacement of lamps or the connection of approved portable electrical equipment to approved permanently installed receptacles. Gas: Portable heating, cooking or clothes drying appliances. Replacement of any minor part that does not alter approval of equipment or make such equipment unsafe. Portable-fuel-cell appliances that are not connected to a fixed piping system and are not interconnected to a power grid. Mechanical: Portable heating appliances. Portable ventilation appliances. Portable cooling units. Steam, hot- or chilled-water piping within any heating or cooling equipment regulated by this code. Replacement of any minor part that does not alter approval of equipment or make such equipment unsafe. Portable evaporative coolers. Self-contained refrigeration systems containing 10 pounds (4.54 kg) or less of refrigerant or that are actuated by motors of 1 horsepower (746 W) or less. Portable-fuel-cell appliances that are not connected to a fixed piping system and are not interconnected to a power grid. Plumbing: The stopping of leaks in drains, water, soil, waste or vent pipe; provided, however, that if any concealed trap, drainpipe, water, soil, waste or vent pipe becomes defective and it becomes necessary to remove and replace the same with new material, such work shall be considered as new work and a permit shall be obtained and inspection made as provided in this code. The clearing of stoppages or the repairing of leaks in pipes, valves or fixtures, and the removal and reinstallation of water closets, provided such repairs do not involve or require the replacement or rearrangement of valves, pipes or fixtures."
R105.2.1,Chapter 1 Scope and Administration,Emergency Repairs,BuildingElementProxy,Assembly (A)|Business (B)|Educational (E)|Factory and Industrial (F)|Residential (R),ca,site_planning,architect,"Where equipment replacements and repairs must be performed in an emergency situation, the permit application shall be submitted within the next working business day to the building official."
R105.2.2,Chapter 1 Scope and Administration,Repairs,Wall|Beam|Slab|Door|Window,Assembly (A)|Business (B)|Educational (E)|Factory and Industrial (F)|Residential (R),cd|ca,special_construction,architect,"Application or notice to the building official is not required for ordinary repairs to structures, replacement of lamps or the connection of approved portable electrical equipment to approved permanently installed receptacles. Such repairs shall not include the cutting away of any wall, partition or portion thereof, the removal or cutting of any structural beam or load-bearing support, or the removal or change of any required means of egress, or rearrangement of parts of a structure affecting the egress requirements; nor shall ordinary repairs include addition to, alteration of, replacement or relocation of any water supply, sewer, drainage, drain leader, gas, soil, waste, vent or similar piping, electric wiring or mechanical or other work affecting public health or general safety."
R105.2.3,Chapter 1 Scope and Administration,Public Service Agencies,BuildingElementProxy|ElectricalSystem,Utility and Miscellaneous (U),sd|dd|cd,electrical_systems,electrical_engineer,"A permit shall not be required for the installation, alteration or repair of generation, transmission, distribution, metering or other related equipment that is under the ownership and control of public service agencies by established right."
R105.3,Chapter 1 Scope and Administration,Application for Permit,BuildingElementProxy,Assembly (A)|Business (B)|Educational (E)|Factory and Industrial (F)|High Hazard (H),sd|dd|cd,site_planning,architect,"To obtain a permit, the applicant shall first file an application therefor in writing on a form furnished by the department of building safety for that purpose. Such application shall: Identify and describe the work to be covered by the permit for which application is made. Describe the land on which the proposed work is to be done by legal description, street address or similar description that will readily identify and definitely locate the proposed building or work. Indicate the use and occupancy for which the proposed work is intended. Be accompanied by construction documents and other information as required in Section R106.1. State the valuation of the proposed work. Be signed by the applicant or the applicant's authorized agent. Give such other data and information as required by the building official."
R105.3.1,Chapter 1 Scope and Administration,Action on Application,BuildingElementProxy,Assembly (A)|Business (B)|Educational (E)|Factory and Industrial (F)|Residential (R),cd,occupancy_classification,architect,"The building official shall examine or cause to be examined applications for permits and amendments thereto within a reasonable time after filing. If the application or the construction documents do not conform to the requirements of pertinent laws, the building official shall reject such application in writing stating the reasons therefor. If the building official is satisfied that the proposed work conforms to the requirements of this code and laws and ordinances applicable thereto, the building official shall issue a permit therefor as soon as practicable."
R105.3.2,Chapter 1 Scope and Administration,Time Limitation of Application,BuildingElementProxy,Assembly (A)|Business (B)|Educational (E)|Factory and Industrial (F)|Residential (R),concept|sd|dd,site_planning,architect,An application for a permit for any proposed work shall be deemed to have been abandoned 180 days after the date of filing unless such application has been pursued in good faith or a permit has been issued; except that the building official is authorized to grant one or more extensions of time for additional periods not exceeding 180 days each. The extension shall be requested in writing and justifiable cause demonstrated.
R105.4,Chapter 1 Scope and Administration,Validity of Permit,BuildingElementProxy,Assembly (A)|Business (B)|Educational (E)|Factory and Industrial (F)|Residential (R),sd|dd|cd|ca,occupancy_classification,architect,"The issuance or granting of a permit shall not be construed to be a permit for, or an approval of, any violation of any of the provisions of this code or of any other ordinance of the jurisdiction. Permits presuming to give authority to violate or cancel the provisions of this code or other ordinances of the jurisdiction shall not be valid. The issuance of a permit based on construction documents and other data shall not prevent the building official from requiring the correction of errors in the construction documents and other data. The building official is authorized to prevent occupancy or use of a structure where in violation of this code or of any other ordinances of this jurisdiction."
R105.5,Chapter 1 Scope and Administration,Expiration,BuildingElementProxy,Assembly (A)|Business (B)|Educational (E)|Factory and Industrial (F)|Residential (R),cd|ca,site_planning,architect,"Every permit issued shall become invalid unless the work authorized by such permit is commenced within 180 days after its issuance or after commencement of work if more than 180 days pass between inspections. The building official is authorized to grant, in writing, one or more extensions of time, for periods not more than 180 days each. The extension shall be requested in writing and justifiable cause demonstrated."
R105.6,Chapter 1 Scope and Administration,Suspension or Revocation,BuildingElementProxy,Assembly (A)|Business (B)|Educational (E)|Factory and Industrial (F)|Residential (R),cd,occupancy_classification,architect,"The building official is authorized to suspend or revoke a permit issued under the provisions of this code wherever the permit is issued in error or on the basis of incorrect, inaccurate or incomplete information, or in violation of any ordinance or regulation or any of the provisions of this code."
R105.7,Chapter 1 Scope and Administration,Placement of Permit,BuildingElementProxy,Assembly (A)|Business (B)|Educational (E)|Factory and Industrial (F)|High Hazard (H),ca,site_planning,architect,The building permit or a copy shall be kept on the site of the work until the completion of the project.
R105.8,Chapter 1 Scope and Administration,Responsibility,BuildingElementProxy|Wall|Roof|Slab|Door,Assembly (A)|Business (B)|Educational (E)|Factory and Industrial (F)|Residential (R),cd|ca,special_construction,owner,"It shall be the duty of every person who performs work for the installation or repair of building, structure, electrical, gas, mechanical or plumbing systems, for which this code is applicable, to comply with this code."
R105.9,Chapter 1 Scope and Administration,Preliminary Inspection,BuildingElementProxy|Site,Assembly (A)|Business (B)|Educational (E)|Factory and Industrial (F)|Residential (R),concept|sd,site_planning,architect,"Before issuing a permit, the building official is authorized to examine or cause to be examined buildings, structures and sites for which an application has been filed."
R106.1,Chapter 1 Scope and Administration,Submittal Documents,BuildingElementProxy,Assembly (A)|Business (B)|Educational (E)|Residential (R)|Mercantile (M),sd|dd|cd,special_construction,architect,"Submittal documents consisting of construction documents, and other data shall be submitted in two or more sets, or in a digital format where allowed by the building official, with each application for a permit. The construction documents shall be prepared by a registered design professional where required by the statutes of the jurisdiction in which the project is to be constructed. Where special conditions exist, the building official is authorized to require additional construction documents to be prepared by a registered design professional. Exception: The building official is authorized to waive the submission of construction documents and other data not required to be prepared by a registered design professional if it is found that the nature of the work applied for is such that reviewing of construction documents is not necessary to obtain compliance with this code."
R106.1.1,Chapter 1 Scope and Administration,Information on Construction Documents,BuildingElementProxy,Assembly (A)|Business (B)|Educational (E)|Factory and Industrial (F)|Residential (R),sd|dd|cd,site_planning,architect,"Construction documents shall be drawn upon suitable material. Electronic media documents are permitted to be submitted where approved by the building official. Construction documents shall be of sufficient clarity to indicate the location, nature and extent of the work proposed and show in detail that it will conform to the provisions of this code and relevant laws, ordinances, rules and regulations, as determined by the building official."
R106.1.2,Chapter 1 Scope and Administration,Manufacturer's Installation Instructions,BuildingElementProxy,Assembly (A)|Business (B)|Educational (E)|Factory and Industrial (F)|Residential (R),ca,special_construction,architect,"Manufacturer's installation instructions, as required by this code, shall be available on the job site at the time of inspection."
R106.1.3,Chapter 1 Scope and Administration,Information on Braced Wall Design,Wall|Slab|Footing,Residential (R)|Business (B)|Assembly (A)|Educational (E)|Mercantile (M),sd|dd|cd,structural_design,structural_engineer,"For buildings and structures utilizing braced wall design, and where required by the building official, braced wall lines shall be identified on the construction documents. Pertinent information including, but not limited to, bracing methods, location and length of braced wall panels and foundation requirements of braced wall panels at top and bottom shall be provided."
R106.1.4,Chapter 1 Scope and Administration,Information for Construction in Flood Hazard Areas,Slab|Footing|Wall,Assembly (A)|Business (B)|Educational (E)|Residential (R)|Storage (S),sd|dd|cd,site_planning,architect,"For buildings and structures located in whole or in part in flood hazard areas as established by Table R301.2, construction documents shall include: Delineation of flood hazard areas, floodway boundaries and flood zones and the design flood elevation, as appropriate. The elevation of the proposed lowest floor, including basement; in areas of shallow flooding (AO Zones), the height of the proposed lowest floor, including basement, above the highest adjacent grade. The elevation of the bottom of the lowest horizontal structural member in coastal high-hazard areas (V Zone) and in Coastal A Zones where such zones are delineated on flood hazard maps identified in Table R301.2 or otherwise delineated by the jurisdiction. If design flood elevations are not included on the community's Flood Insurance Rate Map (FIRM), the building official and the applicant shall obtain and reasonably utilize any design flood elevation and floodway data available from other sources."
R106.1.5,Chapter 1 Scope and Administration,Information on Storm Shelters,BuildingElementProxy|Wall|Slab|Door,Assembly (A)|Educational (E)|Institutional (I),sd|dd|cd,special_construction,architect,Construction documents for storm shelters shall include the information required in ICC 500.
R106.2,Chapter 1 Scope and Administration,Site Plan or Plot Plan,BuildingElementProxy,Assembly (A)|Business (B)|Educational (E)|Factory and Industrial (F)|High Hazard (H),sd|dd|cd,site_planning,architect,"The construction documents submitted with the application for permit shall be accompanied by a site plan showing the size and location of new construction and existing structures on the site and distances from lot lines. In the case of demolition, the site plan shall show construction to be demolished and the location and size of existing structures and construction that are to remain on the site or plot. The building official is authorized to waive or modify the requirement for a site plan where the application for permit is for alteration or repair or where otherwise warranted."
R106.3,Chapter 1 Scope and Administration,Examination of Documents,BuildingElementProxy,Assembly (A)|Business (B)|Educational (E)|Factory and Industrial (F)|Residential (R),cd,occupancy_classification,architect,The building official shall examine or cause to be examined construction documents for code compliance.
R106.3.1,Chapter 1 Scope and Administration,Approval of Construction Documents,BuildingElementProxy,Assembly (A)|Business (B)|Educational (E)|Factory and Industrial (F)|Residential (R),cd|ca,site_planning,architect,"Where the building official issues a permit, the construction documents shall be approved in writing or by a stamp that states ""REVIEWED FOR CODE COMPLIANCE."" One set of construction documents so reviewed shall be retained by the building official. The other set shall be returned to the applicant, shall be kept at the site of work and shall be open to inspection by the building official or a duly authorized representative."
R106.3.2,Chapter 1 Scope and Administration,Previous Approvals,BuildingElementProxy,Assembly (A)|Business (B)|Educational (E)|Factory and Industrial (F)|Residential (R),cd|ca,occupancy_classification,architect,"This code shall not require changes in the construction documents, construction or designated occupancy of a structure for which a lawful permit has been heretofore issued or otherwise lawfully authorized, and the construction of which has been pursued in good faith within 180 days after the effective date of this code and has not been abandoned."
R106.3.3,Chapter 1 Scope and Administration,Phased Approval,Footing|Slab|Wall|Column,Assembly (A)|Business (B)|Educational (E)|Factory and Industrial (F)|Residential (R),cd|ca,site_planning,architect,"The building official is authorized to issue a permit for the construction of foundations or any other part of a building or structure before the construction documents for the whole building or structure have been submitted, provided that adequate information and detailed statements have been filed complying with pertinent requirements of this code. The holder of such permit for the foundation or other parts of a building or structure shall proceed at the holder's own risk with the building operation and without assurance that a permit for the entire structure will be granted."
R106.4,Chapter 1 Scope and Administration,Amended Construction Documents,BuildingElementProxy,Assembly (A)|Business (B)|Educational (E)|Factory and Industrial (F)|Residential (R),cd|ca,site_planning,architect,"Work shall be installed in accordance with the approved construction documents, and any changes made during construction that are not in compliance with the approved construction documents shall be resubmitted for approval as an amended set of construction documents."
R106.5,Chapter 1 Scope and Administration,Retention of Construction Documents,BuildingElementProxy,Assembly (A)|Business (B)|Educational (E)|Factory and Industrial (F)|Residential (R),cd|ca,special_construction,owner,"One set of approved construction documents shall be retained by the building official for a period of not less than 180 days from date of completion of the permitted work, or as required by state or local laws."
R107.1,Chapter 1 Scope and Administration,General,BuildingElementProxy,Assembly (A)|Business (B)|Educational (E)|Factory and Industrial (F)|Mercantile (M),sd|dd|cd,special_construction,architect,"The building official is authorized to issue a permit for temporary structures and temporary uses. Such permits shall be limited as to time of service, but shall not be permitted for more than 180 days. The building official is authorized to grant extensions for demonstrated cause."
R107.2,Chapter 1 Scope and Administration,Conformance,Wall|Roof|Slab|Door|Window,Assembly (A)|Business (B)|Mercantile (M)|Residential (R)|Utility and Miscellaneous (U),sd|dd|cd,special_construction,architect,"Temporary structures and uses shall conform to the structural strength, fire safety, means of egress, light, ventilation and sanitary requirements of this code as necessary to ensure the public health, safety and general welfare."
R107.3,Chapter 1 Scope and Administration,Temporary Power,BuildingElementProxy,Assembly (A)|Business (B)|Educational (E)|Factory and Industrial (F)|Residential (R),cd|ca,electrical_systems,electrical_engineer,"The building official is authorized to give permission to temporarily supply and use power in part of an electric installation before such installation has been fully completed and the final certificate of completion has been issued. The part covered by the temporary certificate shall comply with the requirements specified for temporary lighting, heat or power in NFPA 70."
R107.4,Chapter 1 Scope and Administration,Termination of Approval,BuildingElementProxy,Assembly (A)|Business (B)|Educational (E)|Mercantile (M)|Utility and Miscellaneous (U),cd|ca,special_construction,architect,The building official is authorized to terminate such permit for a temporary structure or use and to order the temporary structure or use to be discontinued.
R108.1,Chapter 1 Scope and Administration,Payment of Fees,BuildingElementProxy,Assembly (A)|Business (B)|Educational (E)|Factory and Industrial (F)|Residential (R),concept|sd|dd|cd,site_planning,architect,"A permit shall not be valid until the fees prescribed by law have been paid, nor shall an amendment to a permit be released until the additional fee, if any, has been paid."
R108.2,Chapter 1 Scope and Administration,Schedule of Permit Fees,BuildingElementProxy,Assembly (A)|Business (B)|Educational (E)|Factory and Industrial (F)|Residential (R),concept|sd,site_planning,architect,"On buildings, structures, electrical, gas, mechanical and plumbing systems or alterations requiring a permit, a fee for each permit shall be paid as required, in accordance with the schedule as established by the applicable governing authority."
R108.3,Chapter 1 Scope and Administration,Building Permit Valuations,BuildingElementProxy,Assembly (A)|Business (B)|Educational (E)|Factory and Industrial (F)|Residential (R),cd,site_planning,architect,"Building permit valuation shall include total value of the work for which a permit is being issued, such as electrical, gas, mechanical, plumbing equipment and other permanent systems, including materials and labor."
R108.4,Chapter 1 Scope and Administration,Related Fees,BuildingElementProxy,Assembly (A)|Business (B)|Educational (E)|Factory and Industrial (F)|Residential (R),concept|sd|dd|cd,site_planning,architect,"The payment of the fee for the construction, alteration, removal or demolition for work done in connection to or concurrently with the work authorized by a building permit shall not relieve the applicant or holder of the permit from the payment of other fees that are prescribed by law."
R108.5,Chapter 1 Scope and Administration,Refunds,BuildingElementProxy,Assembly (A)|Business (B)|Educational (E)|Factory and Industrial (F)|Residential (R),ca,site_planning,owner,The building official is authorized to establish a refund policy.
R108.6,Chapter 1 Scope and Administration,Work Commencing Before Permit Issuance,BuildingElementProxy,Assembly (A)|Business (B)|Educational (E)|Factory and Industrial (F)|High Hazard (H),sd|dd|cd,site_planning,architect,"Any person who commences work requiring a permit on a building, structure, electrical, gas, mechanical or plumbing system before obtaining the necessary permits shall be subject to a fee established by the applicable governing authority that shall be in addition to the required permit fees."
R109.1,Chapter 1 Scope and Administration,Types of Inspections,BuildingElementProxy,Assembly (A)|Business (B)|Educational (E)|Factory and Industrial (F)|Residential (R),ca,special_construction,owner,"For on-site construction, from time to time the building official, upon notification from the permit holder or his agent, shall make or cause to be made any necessary inspections and shall either approve that portion of the construction as completed or shall notify the permit holder or his or her agent wherein the same fails to comply with this code."
R109.1.1,Chapter 1 Scope and Administration,Foundation Inspection,Footing|Slab|Bearing|Wall,Assembly (A)|Business (B)|Educational (E)|Factory and Industrial (F)|Residential (R),cd|ca,structural_design,structural_engineer,"Inspection of the foundation shall be made after poles or piers are set or trenches or basement areas are excavated and any required forms erected and any required reinforcing steel is in place and supported prior to the placing of concrete. The foundation inspection shall include excavations for thickened slabs intended for the support of bearing walls, partitions, structural supports, or equipment and special requirements for wood foundations."
R109.1.2,Chapter 1 Scope and Administration,"Plumbing, Mechanical, Gas and Electrical Systems Inspection",BuildingElementProxy,Business (B)|Residential (R)|Assembly (A)|Educational (E)|Mercantile (M),cd|ca,mechanical_systems,mechanical_engineer,"Rough inspection of plumbing, mechanical, gas and electrical systems shall be made prior to covering or concealment, before fixtures or appliances are set or installed, and prior to framing inspection. Exception: Backfilling of ground-source heat pump loop systems tested in accordance with Section M2105.28 prior to inspection shall be permitted."
R109.1.3,Chapter 1 Scope and Administration,Floodplain Inspections,Slab|Footing|BuildingElementProxy,Residential (R)|Business (B)|Assembly (A),cd|ca,site_planning,architect,"For construction in flood hazard areas as established by Table R301.2, upon placement of the lowest floor, including basement, and prior to further vertical construction, the building official shall require submission of documentation, prepared and sealed by a registered design professional, of the elevation of the lowest floor, including basement, required in Section R306."
R109.1.4,Chapter 1 Scope and Administration,Frame and Masonry Inspection,Wall|Roof|Slab|Beam|Column,Assembly (A)|Business (B)|Educational (E)|Residential (R)|Mercantile (M),cd|ca,structural_design,civil_engineer,"Inspection of framing and masonry construction shall be made after the roof, masonry, framing, firestopping, draftstopping and bracing are in place and after the plumbing, mechanical and electrical rough inspections are approved."
R109.1.5,Chapter 1 Scope and Administration,Other Inspections,BuildingElementProxy,Assembly (A)|Business (B)|Educational (E)|Factory and Industrial (F)|Residential (R),ca,special_construction,architect,"In addition to inspections in Sections R109.1.1 through R109.1.4, the building official shall have the authority to make or require any other inspections to ascertain compliance with this code and other laws enforced by the building official."
R109.1.5.1,Chapter 1 Scope and Administration,Fire-Resistance-Rated Construction Inspection,Wall|Slab,Residential (R),cd|ca,fire_resistance_smoke_protection,architect,"Where fire-resistance-rated construction is required between dwelling units or due to location on property, the building official shall require an inspection of such construction after lathing or gypsum panel products are in place, but before any plaster is applied, or before panel joints and fasteners are taped and finished."
R109.1.6,Chapter 1 Scope and Administration,Final Inspection,BuildingElementProxy,Assembly (A)|Business (B)|Educational (E)|Factory and Industrial (F)|High Hazard (H),ca,site_planning,architect,Final inspection shall be made after the permitted work is complete and prior to occupancy.
R109.1.6.1,Chapter 1 Scope and Administration,Elevation Documentation,BuildingElementProxy|Slab|Footing,Residential (R),cd|ca,site_planning,architect,"If located in a flood hazard area, the documentation of elevations required in Section R306.1.10 shall be submitted to the building official prior to the final inspection."
R109.2,Chapter 1 Scope and Administration,Inspection Agencies,BuildingElementProxy,Assembly (A)|Business (B)|Educational (E)|Factory and Industrial (F)|Residential (R),cd|ca,special_construction,architect,"The building official is authorized to accept reports of approved agencies, provided such agencies satisfy the requirements as to qualifications and reliability."
R109.3,Chapter 1 Scope and Administration,Inspection Requests,BuildingElementProxy,Assembly (A)|Business (B)|Educational (E)|Factory and Industrial (F)|High Hazard (H),ca,special_construction,owner,It shall be the duty of the permit holder or their agent to notify the building official that such work is ready for inspection. It shall be the duty of the person requesting any inspections required by this code to provide access to and means for inspection of such work.
R109.4,Chapter 1 Scope and Administration,Approval Required,Wall|Slab|Roof,Assembly (A)|Business (B)|Residential (R),ca,special_construction,architect,"Work shall not be done beyond the point indicated in each successive inspection without first obtaining the approval of the building official. The building official, upon notification, shall make the requested inspections and shall either indicate the portion of the construction that is satisfactory as completed, or shall notify the permit holder or an agent of the permit holder wherein the same fails to comply with this code. Any portions that do not comply shall be corrected and such portion shall not be covered or concealed until authorized by the building official."
R110.1,Chapter 1 Scope and Administration,Use and Change of Occupancy,BuildingElementProxy,Assembly (A)|Business (B)|Educational (E)|Factory and Industrial (F)|High Hazard (H),cd|ca,occupancy_classification,architect,"A building or structure shall not be used or occupied in whole or in part, and a change of occupancy of a building or structure or portion thereof shall not be made, until the building official has issued a certificate of occupancy therefor as provided herein. Issuance of a certificate of occupancy shall not be construed as an approval of a violation of the provisions of this code or of other ordinances of the jurisdiction. Certificates presuming to give authority to violate or cancel the provisions of this code or other ordinances of the jurisdiction shall not be valid. Exceptions: Certificates of occupancy are not required for work exempt from permits under Section R105.2. Accessory buildings or structures."
R110.2,Chapter 1 Scope and Administration,Certificate Issued,BuildingElementProxy,Assembly (A)|Business (B)|Educational (E)|Factory and Industrial (F)|High Hazard (H),ca,occupancy_classification,architect,"After the building official inspects the building or structure and does not find violations of the provisions of this code or other laws that are enforced by the department, the building official shall issue a certificate of occupancy containing the following: The permit number. The address of the structure. The name and address of the owner or the owner's authorized agent. A description of that portion of the structure for which the certificate is issued. A statement that the described portion of the structure has been inspected for compliance with the requirements of this code. The name of the building official. The edition of the code under which the permit was issued. Where an automatic sprinkler system is provided and whether the sprinkler system is required. Any special stipulations and conditions of the building permit."
R110.3,Chapter 1 Scope and Administration,Temporary Occupancy,BuildingElementProxy,Assembly (A)|Business (B)|Educational (E)|Factory and Industrial (F)|High Hazard (H),cd|ca,occupancy_classification,architect,"The building official is authorized to issue a temporary certificate of occupancy before the completion of the entire work covered by the permit, provided that such portion or portions shall be occupied safely. The building official shall set a time period during which the temporary certificate of occupancy is valid."
R110.4,Chapter 1 Scope and Administration,Revocation,BuildingElementProxy,Assembly (A)|Business (B)|Educational (E)|Factory and Industrial (F)|Residential (R),ca,occupancy_classification,architect,"The building official is authorized to suspend or revoke a certificate of occupancy issued under the provisions of this code, in writing, wherever the certificate is issued in error, or on the basis of incorrect information supplied, or where it is determined that the building or structure or portion thereof is in violation of the provisions of this code or other ordinance of the jurisdiction."
R111.1,Chapter 1 Scope and Administration,Connection of Service Utilities,BuildingElementProxy,Assembly (A)|Business (B)|Educational (E)|Factory and Industrial (F)|Residential (R),cd|ca,site_planning,architect,"A person shall not make connections from a utility, a source of energy, fuel or power, or water system or sewer system to any building or system that is regulated by this code for which a permit is required, until approved by the building official."
R111.2,Chapter 1 Scope and Administration,Temporary Connection,BuildingElementProxy,Assembly (A)|Business (B)|Educational (E)|Factory and Industrial (F)|Residential (R),cd|ca,special_construction,architect,"The building official shall have the authority to authorize the temporary connection of the building or system to the utility, source of energy, fuel or power, water system or sewer system for the purpose of testing systems for use under a temporary approval."
R111.3,Chapter 1 Scope and Administration,Authority to Disconnect Service Utilities,BuildingElementProxy,Assembly (A)|Business (B)|Educational (E)|Factory and Industrial (F)|Residential (R),cd|ca,electrical_systems,electrical_engineer,"The building official shall have the authority to authorize disconnection of utility service to the building, structure or system regulated by this code and the referenced codes and standards in case of emergency where necessary to eliminate an immediate hazard to life or property or where such utility connection has been made without the approval required by Section R111.1 or R111.2. The building official shall notify the serving utility and where possible the owner or the owner's authorized agent and occupant of the building, structure or service system of the decision to disconnect prior to taking such action. If not notified prior to disconnection, the owner, the owner's authorized agent or occupant of the building, structure or service system shall be notified in writing as soon as practical thereafter."
R112.1,Chapter 1 Scope and Administration,General,BuildingElementProxy,Assembly (A)|Business (B)|Educational (E)|Factory and Industrial (F)|Residential (R),cd,occupancy_classification,owner,"In order to hear and decide appeals of orders, decisions or determinations made by the building official relative to the application and interpretation of this code, there shall be and is hereby created a board of appeals. The board of appeals shall be appointed by the applicable governing authority and shall hold office at its pleasure. The board shall adopt rules of procedure for conducting its business, and shall render all decisions and findings in writing to the appellant with a duplicate copy to the building official."
R112.2,Chapter 1 Scope and Administration,Limitations on Authority,BuildingElementProxy,Assembly (A)|Business (B)|Educational (E)|Factory and Industrial (F)|Residential (R),cd,occupancy_classification,architect,"An application for appeal shall be based on a claim that the true intent of this code or the rules legally adopted thereunder have been incorrectly interpreted, the provisions of this code do not fully apply or an equivalent or better form of construction is proposed. The board shall not have authority to waive requirements of this code."
R112.3,Chapter 1 Scope and Administration,Qualifications,BuildingElementProxy,Assembly (A)|Business (B)|Educational (E)|Factory and Industrial (F)|Residential (R),cd,occupancy_classification,owner,The board of appeals shall consist of members who are qualified by experience and training on matters pertaining to the provisions of this code and are not employees of the jurisdiction.
R112.4,Chapter 1 Scope and Administration,Administration,BuildingElementProxy,Assembly (A)|Business (B)|Educational (E)|Factory and Industrial (F)|High Hazard (H),cd|ca,site_planning,owner,The building official shall take action without delay in accordance with the decision of the board.
R113.1,Chapter 1 Scope and Administration,Unlawful Acts,BuildingElementProxy,Assembly (A)|Business (B)|Educational (E)|Factory and Industrial (F)|Residential (R),cd,occupancy_classification,architect,"It shall be unlawful for any person, firm or corporation to erect, construct, alter, extend, repair, move, remove, demolish or occupy any building, structure or equipment regulated by this code, or cause same to be done, in conflict with or in violation of any of the provisions of this code."
R113.2,Chapter 1 Scope and Administration,Notice of Violation,BuildingElementProxy,Assembly (A)|Business (B)|Educational (E)|Factory and Industrial (F)|High Hazard (H),cd|ca,occupancy_classification,architect,"The building official is authorized to serve a notice of violation or order on the person responsible for the erection, construction, alteration, extension, repair, moving, removal, demolition or occupancy of a building or structure in violation of the provisions of this code, or in violation of a detail statement or a plan approved thereunder, or in violation of a permit or certificate issued under the provisions of this code. Such order shall direct the discontinuance of the illegal action or condition and the abatement of the violation."
R113.3,Chapter 1 Scope and Administration,Prosecution of Violation,BuildingElementProxy,Assembly (A)|Business (B)|Educational (E)|Factory and Industrial (F)|Residential (R),cd|ca,occupancy_classification,architect,"If the notice of violation is not complied with in the time prescribed by such notice, the building official is authorized to request the legal counsel of the jurisdiction to institute the appropriate proceeding at law or in equity to restrain, correct or abate such violation, or to require the removal or termination of the unlawful occupancy of the building or structure in violation of the provisions of this code or of the order or direction made pursuant thereto."
R113.4,Chapter 1 Scope and Administration,Violation Penalties,BuildingElementProxy,Assembly (A)|Business (B)|Residential (R)|Mercantile (M)|Institutional (I),cd|ca,occupancy_classification,architect,"Any person who violates a provision of this code or fails to comply with any of the requirements thereof or who erects, constructs, alters or repairs a building or structure in violation of the approved construction documents or directive of the building official, or of a permit or certificate issued under the provisions of this code, shall be subject to penalties as prescribed by law."
R114.1,Chapter 1 Scope and Administration,Authority,BuildingElementProxy,Assembly (A)|Business (B)|Educational (E)|Factory and Industrial (F)|Residential (R),ca,special_construction,architect,"Where the building official finds any work regulated by this code being performed in a manner contrary to the provisions of this code or in a dangerous or unsafe manner, the building official is authorized to issue a stop work order."
R114.2,Chapter 1 Scope and Administration,Issuance,BuildingElementProxy,Assembly (A)|Business (B)|Educational (E)|Factory and Industrial (F)|Residential (R),ca,site_planning,owner,"The stop work order shall be in writing and shall be given to the owner of the property, the owner's authorized agent or the person performing the work. Upon issuance of a stop work order, the cited work shall immediately cease. The stop work order shall state the reason for the order and the conditions under which the cited work is authorized to resume."
R114.3,Chapter 1 Scope and Administration,Emergencies,BuildingElementProxy,Assembly (A)|Business (B)|Educational (E)|Factory and Industrial (F)|High Hazard (H),cd|ca,special_construction,architect,"Where an emergency exists, the building official shall not be required to give a written notice prior to stopping the work."
R114.4,Chapter 1 Scope and Administration,Failure to Comply,BuildingElementProxy,Assembly (A)|Business (B)|Educational (E)|Factory and Industrial (F)|Residential (R),ca,site_planning,owner,"Any person who shall continue any work after having been served with a stop work order, except such work as that person is directed to perform to remove a violation or unsafe condition, shall be subject to fines established by the authority having jurisdiction."
