id,section,title,ifc_type,occupancy,design_phase,code_category,primary_responsibility,body
R201.1,Chapter 2 Definitions,Scope,BuildingElementProxy,Assembly (A)|Business (B)|Educational (E)|Factory and Industrial (F)|High Hazard (H),concept|sd|dd|cd|ca,occupancy_classification,architect,"Unless otherwise expressly stated, the following words and terms shall, for the purposes of this code, have the meanings indicated in this chapter."
R201.2,Chapter 2 Definitions,Interchangeability,BuildingElementProxy,Assembly (A)|Business (B)|Educational (E)|Factory and Industrial (F)|Residential (R),cd,occupancy_classification,architect,"Words used in the present tense include the future; words in the masculine gender include the feminine and neuter; the singular number includes the plural and the plural, the singular."
R201.3,Chapter 2 Definitions,Terms Defined in Other Codes,BuildingElementProxy,Assembly (A)|Business (B)|Educational (E)|Factory and Industrial (F)|Residential (R),concept|sd|dd|cd,occupancy_classification,architect,Where terms are not defined in this code such terms shall have the meanings ascribed in other code publications of the Florida Building Commission.
R201.4,Chapter 2 Definitions,Terms Not Defined,BuildingElementProxy,Assembly (A)|Business (B)|Educational (E)|Factory and Industrial (F)|Residential (R),cd,occupancy_classification,architect,"Where terms are not defined through the methods authorized by this section, such terms shall have ordinarily accepted meanings such as the context implies."
R202,Chapter 2 Definitions,Definitions,Wall|Roof|Slab|Chimney|Door,Residential (R)|Business (B)|Assembly (A),sd|dd|cd,occupancy_classification,architect,"ACCESS (TO). That which enables a device, appliance or equipment to be reached by ready access or by a means that first requires the removal or movement of a panel, door or similar obstruction. [RB] ACCESSORY STRUCTURE. A structure that is accessory to and incidental to that of the dwelling(s) and that is located on the same lot. [RB] ADDITION. An extension or increase in floor area, number of stories or height of a building or structure. [RB] ADHERED STONE OR MASONRY VENEER. Stone or masonry veneer secured and supported through the adhesion of an approved bonding material applied to an approved backing. AIR ADMITTANCE VALVE. A one-way valve designed to allow air into the plumbing drainage system where a negative pressure develops in the piping. This device shall close by gravity and seal the terminal under conditions of zero differential pressure (no flow conditions) and under positive internal pressure. AIR BARRIER. See Section R202 of the Florida Building Code, Energy Conservation. AIR BREAK (DRAINAGE SYSTEM). An arrangement where a discharge pipe from a fixture, appliance or device drains indirectly into a receptor below the flood-level rim of the receptor and above the trap seal. AIR CIRCULATION, FORCED. A means of providing space conditioning utilizing movement of air through ducts or plenums by mechanical means. AIR-CONDITIONING SYSTEM. A system that consists of heat exchangers, blowers, filters, supply, exhaust and return-air systems, and shall include any apparatus installed in connection therewith. AIR GAP, DRAINAGE SYSTEM. The unobstructed vertical distance through free atmosphere between the outlet of a waste pipe and the flood-level rim of the fixture or receptor into which it is discharging. AIR GAP, WATER-DISTRIBUTION SYSTEM. The unobstructed vertical distance through free atmosphere between the lowest opening from a water supply discharge to the flood-level rim of a plumbing fixture. [RB] AIR-IMPERMEABLE INSULATION. An insulation having an air permanence equal to or less than 0.02 L/s-m2 at 75 Pa pressure differential as tested in accordance with ASTM E2178 or E283. [RB] ALTERATION. Any construction, retrofit or renovation to an existing structure other than repair or addition that requires a permit. Also, a change in a building, electrical, gas, mechanical or plumbing system that involves an extension, addition or change to the arrangement, type or purpose of the original installation that requires a permit. [RB] ALTERNATING TREAD DEVICE. A device that has a series of steps between 50 and 70 degrees (0.87 and 1.22 rad) from horizontal, usually attached to a center support rail in an alternating manner so that the user does not have both feet on the same level at the same time. [RB] ANCHORED STONE OR MASONRY VENEER. Stone or masonry veneer secured with approved mechanical fasteners to an approved backing. ANCHORS. See ""Supports."" ANTISIPHON. A term applied to valves or mechanical devices that eliminate siphonage. APPLIANCE. A device or apparatus that is manufactured and designed to utilize energy and for which this code provides specific requirements. APPLICABLE GOVERNING BODY. A city, county, state, state agency or other political government subdivision or entity authorized to administer and enforce the provisions of this code, as adopted or amended. Also applies to administrative authority. [RB] APPROVED. Acceptable to the building official. [RB] APPROVED AGENCY. An established and recognized agency that is regularly engaged in conducting tests or furnishing inspection services, where such agency has been approved by the building official. ARCHITECT. A Florida-registered architect. [RB] ASPECT RATIO. The ratio of longest to shortest perpendicular dimensions, or for wall sections, the ratio of height to length. [RB] ATTIC. The unfinished space between the ceiling assembly and the roof assembly. [RB] ATTIC, HABITABLE. A finished or unfinished area, not considered a story, complying with all of the following requirements: The occupiable floor area is not less than 70 square feet (6.5 m2), in accordance with Section R304. The occupiable floor area has a ceiling height in accordance with Section R305. The occupiable space is enclosed by the roof assembly above, knee walls (if applicable) on the sides and the floor-ceiling assembly below. BACKFLOW, DRAINAGE. A reversal of flow in the drainage system. BACKFLOW PREVENTER. A backflow prevention assembly, a backflow prevention device or other means or method to prevent backflow into the potable water supply. BACKFLOW PREVENTER, REDUCED-PRESSURE-ZONE TYPE. A backflow-prevention device consisting of two independently acting check valves, internally force loaded to a normally closed position and separated by an intermediate chamber (or zone) in which there is an automatic relief means of venting to atmosphere internally loaded to a normally open position between two tightly closing shutoff valves and with means for testing for tightness of the checks and opening of relief means. BACKFLOW, WATER DISTRIBUTION. The flow of water or other liquids into the potable water-supply piping from any sources other than its intended source. Backsiphonage is one type of backflow. BACKPRESSURE. Pressure created by any means in the water distribution system that by being in excess of the pressure in the water supply mains causes a potential backflow condition. BACKPRESSURE, LOW HEAD. A pressure less than or equal to 4.33 psi (29.88 kPa) or the pressure exerted by a 10-foot (3048 mm) column of water. BACKSIPHONAGE. The flowing back of used or contaminated water from piping into a potable water-supply pipe due to a negative pressure in such pipe. BACKWATER VALVE. A device installed in a drain or pipe to prevent backflow of sewage. BALANCED VENTILATION. Any combination of concurrently operating mechanical exhaust and mechanical supply whereby the total mechanical exhaust airflow rate is within 10% of the total mechanical supply airflow rate. [RB] BASEMENT. A story that is not a story above grade plane (see ""Story above grade plane""). [RB] BASEMENT WALL. The opaque portion of a wall that encloses one side of a basement and has an average below grade wall area that is 50 percent or more of the total opaque and nonopaque area of that enclosing side. [RB] BASIC WIND SPEED. Three-second gust speed at 33 feet (10 058 mm) above the ground in Exposure C (see Section R301.2.1) as given in Figure R301.2(4). BATHROOM GROUP. A group of fixtures, including or excluding a bidet, consisting of a water closet, lavatory, and bathtub or shower. Such fixtures are located together on the same floor level. BEND. A drainage fitting, designed to provide a change in direction of a drain pipe of less than the angle specified by the amount necessary to establish the desired slope of the line (see ""Elbow"" and ""Sweep""). BOILER. A self-contained appliance from which hot water is circulated for heating purposes and then returned to the boiler, and that operates at water pressures not exceeding 160 pounds per square inch gage (psig) (1102 kPa gauge) and at water temperatures not exceeding 250°F (121°C). [RB] BOND BEAM. A horizontal grouted element within masonry in which reinforcement is embedded. [RB] BRACED WALL LINE. A straight line through the building plan that represents the location of the lateral resistance provided by the wall bracing. [RB] BRACED WALL LINE, CONTINUOUSLY SHEATHED. A braced wall line with structural sheathing applied to all sheathable surfaces including the areas above and below openings. [RB] BRACED WALL PANEL. A full-height section of wall constructed to resist in-plane shear loads through interaction of framing members, sheathing material and anchors. The panel's length meets the requirements of its particular bracing method, and contributes toward the total amount of bracing required along its braced wall line in accordance with Section R602.3. BRANCH. Any part of the piping system other than a riser, main or stack. BRANCH, FIXTURE. See ""Fixture branch, drainage."" BRANCH, HORIZONTAL. See ""Horizontal branch, drainage."" BRANCH INTERVAL. A vertical measurement of distance, 8 feet (2438 mm) or more in developed length, between the connections of horizontal branches to a drainage stack. Measurements are taken down the stack from the highest horizontal branch connection. BRANCH, MAIN. A water-distribution pipe that extends horizontally off a main or riser to convey water to branches or fixture groups. BRANCH, VENT. A vent connecting two or more individual vents with a vent stack or stack vent. BTU/H. The listed maximum capacity of an appliance, absorption unit or burner expressed in British thermal units input per hour. [RB] BUILDING. Building shall mean any one- and two-family dwelling or portion thereof, including townhouses, that is used, or designed or intended to be used for human habitation, for living, sleeping, cooking or eating purposes, or any combination thereof, and shall include accessory structures thereto. BUILDING DRAIN. The lowest piping that collects the discharge from all other drainage piping inside the house and extends 30 inches (762 mm) in developed length of pipe, beyond the exterior walls and conveys the drainage to the building sewer. [RB] BUILDING, EXISTING. Existing building is a building erected prior to the adoption of this code, or one for which a legal building permit has been issued. [RB] BUILDING-INTEGRATED PHOTOVOLTAIC PRODUCT. A building product that incorporates photovoltaic modules and functions as a component of the building envelope. BUILDING-INTEGRATED PHOTOVOLTAIC ROOF PANEL. A photovoltaic panel that functions as a component of the building envelope. [RB] BUILDING LINE. The line established by law, beyond which a building shall not extend, except as specifically provided by law. [RB] BUILDING OFFICIAL. The officer or other designated authority charged with the administration and enforcement of this code. BUILDING SEWER. That part of the drainage system that extends from the end of the building drain and conveys its discharge to a public sewer, private sewer, individual sewage-disposal system or other point of disposal. [RE] BUILDING THERMAL ENVELOPE. The basement walls, exterior walls, floor, roof and any other building element that enclose conditioned spaces. (Also see Section R202 of the Florida Building Code, Energy Conservation.) [RB] BUILT-UP ROOF COVERING. Two or more layers of felt cemented together and surfaced with a cap sheet, mineral aggregate, smooth coating or similar surfacing material. [RB] CAP PLATE. The top plate of the double top plates used in structural insulated panel (SIP) construction. The cap plate is cut to match the panel thickness such that it overlaps the wood structural panel facing on both sides. CARBON MONOXIDE ALARM. A device for the purpose of detecting carbon monoxide, that produces a distinct audible alarm, and is listed or labeled with the appropriate standard, either ANSI/UL 2034 Standard for Single and Multiple Station CO Alarms, or UL 2075, Gas and Vapor Detector Sensor, in accordance with its application. [RB] CEILING HEIGHT. The clear vertical distance from the finished floor to the finished ceiling. [RB] CEMENT PLASTER. A mixture of portland or blended cement, portland cement or blended cement and hydrated lime, masonry cement or plastic cement and aggregate and other approved materials as specified in this code. [RB] CHIMNEY. A primary vertical structure containing one or more flues, for the purpose of carrying gaseous products of combustion and air from a fuel-burning appliance to the outside atmosphere. CHIMNEY CONNECTOR. A pipe that connects a fuel-burning appliance to a chimney. CHIMNEY TYPES. Residential-type appliance. An approved chimney for removing the products of combustion from fuel-burning, residential-type appliances producing combustion gases not in excess of 1,000°F (538°C) under normal operating conditions, and capable of producing combustion gases of 1,400°F (760°C) during intermittent forces firing for periods up to 1 hour. All temperatures shall be measured at the appliance flue outlet. Residential-type appliance chimneys include masonry and factory-built types. CIRCUIT VENT. A vent that connects to a horizontal drainage branch and vents two traps to not more than eight traps or trapped fixtures connected into a battery. CIRCULATING HOT WATER SYSTEM. A specifically designed water distribution system where one or more pumps are operated in the service hot water piping to circulate heated water from the water-heating equipment to fixtures and back to the water-heating equipment. [RB] CLADDING. The exterior materials that cover the surface of the building envelope that is directly loaded by the wind. [MP] CLEANOUT. An access opening in the drainage system utilized for the removal of obstructions. Types of cleanouts include a removable plug or cap, and a removable fixture or fixture trap. [RE] CLIMATE ZONE. See Section R202 of the Florida Building Code, Energy Conservation. [RB] CLOSET. A small room or chamber used for storage. COLLECTION PIPE. Unpressurized pipe used within the collection system that drains on-site nonpotable water or rainwater to a storage tank by gravity. COMBINATION WASTE AND VENT SYSTEM. A specially designed system of waste piping embodying the horizontal wet venting of one or more sinks, lavatories or floor drains by means of a common waste and vent pipe adequately sized to provide free movement of air above the flow line of the drain. [RB] COMBUSTIBLE MATERIAL. Any material not defined as noncombustible. COMBUSTION AIR. The air provided to fuel-burning equipment including air for fuel combustion, draft hood dilution and ventilation of the equipment enclosure. [CE] COMMERCIAL BUILDING. See Section R202 of the Florida Building Code, Energy Conservation. COMMISSION. Means the Florida Building Commission created as per Section 553.74, Florida Statutes. COMMON VENT. A single pipe venting two trap arms within the same branch interval, either back-to-back or one above the other. CONDENSATE. The liquid that separates from a gas due to a reduction in temperature; for example, water that condenses from flue gases and water that condenses from air circulating through the cooling coil in air conditioning equipment. CONDENSING APPLIANCE. An appliance that condenses water generated by the burning of fuels. [RB] CONDITIONED AIR. Air treated to control its temperature, relative humidity or quality. [RE] CONDITIONED AREA. That area within a building provided with heating or cooling systems or appliances capable of maintaining, through design or heat loss or gain, 68°F (20°C) during the heating season or 80°F (27°C) during the cooling season, or has a fixed opening directly adjacent to a conditioned area. [RE] CONDITIONED FLOOR AREA. The horizontal projection of the floors associated with the conditioned space. [RE] CONDITIONED SPACE. An area, room or space that is enclosed within the building thermal envelope and that is directly heated or cooled or that is indirectly heated or cooled. Spaces are indirectly heated or cooled where they communicate thru openings with conditioned spaces, where they are separated from conditioned spaces by uninsulated walls, floors or ceilings or where they contain uninsulated ducts, piping or other sources of heating or cooling. [RB] CONSTRUCTION DOCUMENTS. Written, graphic and pictorial documents prepared or assembled for describing the design, location and physical characteristics of the elements of a project necessary for obtaining a building permit. Construction drawings shall be drawn to an appropriate scale. CONTAMINATION. A high hazard or health hazard impairment of the quality of the potable water that creates an actual hazard to the public health through poisoning or through the spread of disease by sewage, industrial fluids or waste. [RE] CONTINUOUS INSULATION (ci). Insulating material that is continuous across all structural members without thermal bridges other than fasteners and service openings. It is installed on the interior or exterior or is integral to any opaque surface of the building envelope. CONTINUOUS WASTE. A drain from two or more similar adjacent fixtures connected to a single trap. CONTROL, LIMIT. An automatic control responsive to changes in liquid flow or level, pressure, or temperature for limiting the operation of an appliance. CONTROL, PRIMARY SAFETY. A safety control responsive directly to flame properties that senses the presence or absence of flame and, in event of ignition failure or unintentional flame extinguishment, automatically causes shutdown of mechanical equipment. CONVECTOR. A system-incorporating heating element in an enclosure in which air enters an opening below the heating element, is heated and leaves the enclosure through an opening located above the heating element. COPPER ALLOY. A homogeneous mixture of not less than two metals where not less than 50 percent of the finished metal is copper. CORE. The lightweight middle section of a structural insulated panel, composed of foam plastic insulation that provides the link between the two facing shells. [RB] CORROSION RESISTANCE. The ability of a material to withstand deterioration of its surface or its properties where exposed to its environment. [RB] COURT. A space, open and unobstructed to the sky, located at or above grade level on a lot and bounded on three or more sides by walls or a building. [RB] CRIPPLE WALL. A framed wall extending from the top of the foundation to the underside of the floor framing of the first story above grade plane. CROSS CONNECTION. Any connection between two otherwise separate piping systems that allows a flow from one system to the other. [RB] CROSS-LAMINATED TIMBER. A prefabricated engineered wood product consisting of not less than three layers of solid-sawn lumber or structural composite lumber where the adjacent layers are cross-oriented and bonded with structural adhesive to form a solid wood element. [RE] CURTAIN WALL. See Section R202 of the Florida Building Code, Energy Conservation. [RB] DALLE GLASS. A decorative composite glazing material made of individual pieces of glass that are embedded in a cast matrix of concrete or epoxy. DAMPER, VOLUME. A device that will restrict, retard or direct the flow of air in any duct, or the products of combustion of heat-producing equipment, vent connector, vent or chimney. [RB] DEAD LOADS. The weight of the materials of construction incorporated into the building, including but not limited to walls, floors, roofs, ceilings, stairways, built-in partitions, finishes, cladding, and other similarly incorporated architectural and structural items, and fixed service equipment. DECORATIVE CEMENTITIOUS FINISH. A skim coat, as defined in ASTM C926, of Portland cement-based plaster applied to concrete or masonry surfaces intended for cosmetic purposes. [RB] DECORATIVE GLASS. A carved, leaded or Dalle glass or glazing material with a purpose that is decorative or artistic, not functional; with coloring, texture or other design qualities or components that cannot be removed without destroying the glazing material; and with a surface, or assembly into which it is incorporated, that is divided into segments. [RE] DEMAND RECIRCULATION WATER SYSTEM. See Section R202 of the Florida Building Code, Energy Conservation. DESIGN PROFESSIONAL. See ""Registered design professional."" DEVELOPED LENGTH. The length of a pipeline measured along the center line of the pipe and fittings. DIAMETER. Unless specifically stated, the term ""diameter"" is the nominal diameter as designated by the approved material standard. [RB] DIAPHRAGM. A horizontal or nearly horizontal system acting to transmit lateral forces to the vertical resisting elements. Where the term ""diaphragm"" is used, it includes horizontal bracing systems. DILUTION AIR. Air that enters a draft hood or draft regulator and mixes with flue gases. DIRECT SYSTEM. A solar thermal system in which the gas or liquid in the solar collector loop is not separated from the load. DIRECT-VENT APPLIANCE. A fuel-burning appliance with a sealed combustion system that draws all air for combustion from the outside atmosphere and discharges all flue gases to the outside atmosphere. DRAFT. The pressure difference existing between the appliance or any component part and the atmosphere, that causes a continuous flow of air and products of combustion through the gas passages of the appliance to the atmosphere. Induced draft. The pressure difference created by the action of a fan, blower or ejector, that is located between the appliance and the chimney or vent termination. Natural draft. The pressure difference created by a vent or chimney because of its height, and the temperature difference between the flue gases and the atmosphere. DRAFT HOOD. A device built into an appliance, or a part of the vent connector from an appliance, that is designed to provide for the ready escape of the flue gases from the appliance in the event of no draft, backdraft or stoppage beyond the draft hood; prevent a backdraft from entering the appliance; and neutralize the effect of stack action of the chimney or gas vent on the operation of the appliance. DRAFT REGULATOR. A device that functions to maintain a desired draft in the appliance by automatically reducing the draft to the desired value. [RB] DRAFT STOP. A material, device or construction installed to restrict the movement of air within open spaces of concealed areas of building components such as crawl spaces, floor-ceiling assemblies, roof-ceiling assemblies and attics. DRAIN. Any pipe that carries soil and water-borne wastes in a building drainage system. DRAINAGE FITTING. A pipe fitting designed to provide connections in the drainage system that have provisions for establishing the desired slope in the system. These fittings are made from a variety of both metals and plastics. The methods of coupling provide for required slope in the system. DRAIN-BACK SYSTEM. A solar thermal system in which the fluid in the solar collector loop is drained from the collector into a holding tank under prescribed circumstances. [BS] DRILLED SHAFT. A cast-in-place deep foundation element, also referred to as caisson, drilled pier and bored pile, constructed by drilling a hole (with or without permanent casing or drilling fluid) into soil or rock and filling it with fluid concrete after the drilling equipment is removed. DRILLED SHAFT, SOCKETED. A drilled shaft with a permanent pipe or tube casing that extends down to bedrock and an uncased socket drilled into the bedrock. DUCT SYSTEM. A continuous passageway for the transmission of air that, in addition to ducts, includes duct fittings, dampers, plenums, fans and accessory air-handling equipment and appliances. See also Section R202 of the Florida Building Code, Energy Conservation. [RB] DWELLING. Any building that contains one or two dwelling units used, intended, or designed to be built, used, rented, leased, let or hired out to be occupied, or that are occupied for living purposes. [RB] DWELLING UNIT. A single unit providing complete independent living facilities for one or more persons, including permanent provisions for living, sleeping, eating, cooking and sanitation. DWV. Abbreviated term for drain, waste and vent piping as used in common plumbing practice. EFFECTIVE OPENING. The minimum cross-sectional area at the point of water-supply discharge, measured or expressed in terms of diameter of a circle and if the opening is not circular, the diameter of a circle of equivalent cross-sectional area. (This is applicable to air gap.) ELBOW. A pressure pipe fitting designed to provide an exact change in direction of a pipe run. An elbow provides a sharp turn in the flow path (see ""Bend"" and ""Sweep""). [RB] EMERGENCY ESCAPE AND RESCUE OPENING. An operable exterior window, door or other similar device that provides for a means of escape and access for rescue in the event of an emergency. (See also ""Grade floor emergency escape and rescue opening."") [RB] ENERGY STORAGE SYSTEMS (ESS). One or more devices, assembled together, capable of storing energy in order to supply electrical energy at a future time. ENFORCEMENT AGENCY. Local enforcement agency. An agency of local government, a local school board, a community college board of trustees, or a university board of trustees in the State University System with jurisdiction to make inspections of buildings and to enforce the codes which establish standards for design, construction, erection, alteration, repair, modification, or demolition of public or private buildings, structures, or facilities. State Enforcement Agency. The agency of state government with authority to make inspections of buildings and to enforce the codes, as required by Chapter 553, Florida Statutes which establish standards for design, construction, erection, alteration, repair, modification or demolition of public or private buildings, structures or facilities. ENGINEER. A Florida-registered engineer. [RB] ENGINEERED WOOD RIM BOARD. A full-depth structural composite lumber, wood structural panel, structural glued laminated timber or prefabricated wood I-joist member designed to transfer horizontal (shear) and vertical (compression) loads, provide attachment for diaphragm sheathing, siding and exterior deck ledgers and provide lateral support at the ends of floor or roof joists or rafters. EQUIPMENT. Piping, ducts, vents, control devices and other components of systems other than appliances that are permanently installed and integrated to provide control of environmental conditions for buildings. This definition shall also include other systems specifically regulated in this code. EQUIVALENT LENGTH. For determining friction losses in a piping system, the effect of a particular fitting equal to the friction loss through a straight piping length of the same nominal diameter. [RE] ERI REFERENCE DESIGN. A version of the rated design that meets the minimum requirements of the 2006 International Energy Conservation Code. [RB] ESCARPMENT. With respect to topographic wind effects, a cliff or steep slope generally separating two levels or gently sloping areas. ESSENTIALLY NONTOXIC TRANSFER FLUIDS. Fluids having a Gosselin rating of 1, including propylene glycol; mineral oil; polydimethy oil oxane; hydrochlorofluorocarbon, chlorofluorocarbon and hydrofluorocarbon refrigerants; and FDA-approved boiler water additives for steam boilers. ESSENTIALLY TOXIC TRANSFER FLUIDS. Soil, water or graywater and fluids having a Gosselin rating of 2 or more including ethylene glycol, hydrocarbon oils, ammonia refrigerants and hydrazine. EVAPORATIVE COOLER. A device used for reducing air temperature by the process of evaporating water into an airstream. EXCESS AIR. Air that passes through the combustion chamber and the appliance flue in excess of what is theoretically required for complete combustion. EXHAUST HOOD, FULL OPENING. An exhaust hood with an opening not less than the diameter of the connecting vent. EXISTING INSTALLATIONS. Any plumbing system regulated by this code that was legally installed prior to the effective date of this code, or for which a permit to install has been issued. [RB] EXTERIOR INSULATION AND FINISH SYSTEMS (EIFS). EIFS are nonstructural, nonload-bearing exterior wall cladding systems that consist of an insulation board attached either adhesively or mechanically, or both, to the substrate; an integrally reinforced base coat; and a textured protective finish coat. [RB] EXTERIOR INSULATION AND FINISH SYSTEMS (EIFS) WITH DRAINAGE. An EIFS that incorporates a means of drainage applied over a water-resistive barrier. [RB] EXTERIOR WALL. An above-grade wall that defines the exterior boundaries of a building. Includes between-floor spandrels, peripheral edges of floors, roof and basement knee walls, dormer walls, gable end walls, walls enclosing a mansard roof and basement walls with an average below-grade wall area that is less than 50 percent of the total opaque and nonopaque area of that enclosing side. [RB] EXTERIOR WALL COVERING. A material or assembly of materials applied on the exterior side of exterior walls for the purpose of providing a weather-resistive barrier, insulation or for aesthetics, including but not limited to, veneers, siding, exterior insulation and finish systems, architectural trim and embellishments such as cornices, soffits, and fascias. [RB] FACING. The wood structural panel facings that form the two outmost rigid layers of the structural insulated panel. FACTORY-BUILT CHIMNEY. A listed and labeled chimney composed of factory-made components assembled in the field in accordance with the manufacturer's instructions and the conditions of the listing. FACTORY-MADE AIR DUCT. A listed and labeled duct manufactured in a factory and assembled in the field in accordance with the manufacturer's instructions and conditions of the listing. [RE] FENESTRATION. Products classified as either vertical fenestration or skylights and sloped glazing, installed in such a manner as to preserve the weather-resistant barrier of the wall or roof in which they are installed. Fenestration includes products with glass or other transparent or translucent materials. FENESTRATION, VERTICAL. Windows that are fixed or movable, opaque doors, glazed doors, glazed block and combination opaque and glazed doors installed in a wall at less than 15 degrees from vertical. FIBER-CEMENT (BACKERBOARD, SIDING, SOFFIT, TRIM AND UNDERLAYMENT) PRODUCTS. Manufactured thin section composites of hydraulic cementitious matrices and discrete nonasbestos fibers. FIREBLOCKING. Building materials or materials approved for use as fireblocking, installed to resist the free passage of flame to other areas of the building through concealed spaces. [RB] FIREPLACE. An assembly consisting of a hearth and fire chamber of noncombustible material and provided with a chimney, for use with solid fuels. Factory-built fireplace. A listed and labeled fireplace and chimney system composed of factory-made components, and assembled in the field in accordance with manufacturer's instructions and the conditions of the listing. Masonry fireplace. A field-constructed fireplace composed of solid masonry units, bricks, stones or concrete. FIREPLACE STOVE. A free-standing, chimney-connected solid-fuel-burning heater designed to be operated with the fire chamber doors in either the open or closed position. [RB] FIREPLACE THROAT. The opening between the top of the firebox and the smoke chamber. [RB] FIRE-RETARDANT-TREATED WOOD. Wood products that, when impregnated with chemicals by a pressure process or other means during manufacture, exhibit reduced surface burning characteristics and resist propagation of fire. Other means during manufacture. A process where the wood raw material is treated with a fire-retardant formulation while undergoing creation as a finished product. Pressure process. A process for treating wood using an initial vacuum followed by the introduction of pressure above atmospheric. [RB] FIRE SEPARATION DISTANCE. The distance measured from the building face to one of the following: To the closest interior lot line. To the centerline of a street, an alley or public way. To an imaginary line between two buildings on the lot; or For zero lot line developments to an imaginary line between two buildings on adjacent lots when the exterior wall of one building is located on a zero lot line where zero lot line developments are permitted by local regulations. The distance shall be measured at a right angle from the face of the wall. FIXTURE. See ""Plumbing fixture."" FIXTURE BRANCH, DRAINAGE. A drain serving two or more fixtures that discharges into another portion of the drainage system. FIXTURE BRANCH, WATER-SUPPLY. A water-supply pipe between the fixture supply and a main water-distribution pipe or fixture group main. FIXTURE DRAIN. The drain from the trap of a fixture to the junction of that drain with any other drain pipe. FIXTURE FITTING. Supply fitting. A fitting that controls the volume or directional flow or both of water and that is either attached to or is accessed from a fixture or is used with an open or atmospheric discharge. Waste fitting. A combination of components that conveys the sanitary waste from the outlet of a fixture to the connection of the sanitary drainage system. FIXTURE GROUP, MAIN. The main water-distribution pipe (or secondary branch) serving a plumbing fixture grouping such as a bath, kitchen or laundry area to which two or more individual fixture branch pipes are connected. FIXTURE SUPPLY. The water-supply pipe connecting a fixture or fixture fitting to a fixture branch. FIXTURE UNIT, DRAINAGE (d.f.u.). A measure of probable discharge into the drainage system by various types of plumbing fixtures, used to size DWV piping systems. The drainage fixture-unit value for a particular fixture depends on its volume rate of drainage discharge, on the time duration of a single drainage operation and on the average time between successive operations. FIXTURE UNIT, WATER-SUPPLY (w.s.f.u.). A measure of the probable hydraulic demand on the water supply by various types of plumbing fixtures used to size water-piping systems. The water-supply fixture-unit value for a particular fixture depends on its volume rate of supply, on the time duration of a single supply operation and on the average time between successive operations. [RB] FLAME SPREAD. The propagation of flame over a surface. [RB] FLAME SPREAD INDEX. A comparative measure, expressed as a dimensionless number, derived from visual measurements of the spread of flame versus time for a material tested in accordance with ASTM E84 or UL 723. FLEXIBLE AIR CONNECTOR. A conduit for transferring air between an air duct or plenum and an air terminal unit, an air inlet or an air outlet. Such conduit is limited in its use, length and location. [RB] FLIGHT. A continuous run of rectangular treads or winders or combination thereof from one landing to another. FLOOD-LEVEL RIM. The edge of the receptor or fixture from which water overflows. FLOOR DRAIN. A plumbing fixture for recess in the floor having a floor-level strainer intended for the purpose of the collection and disposal of waste water used in cleaning the floor and for the collection and disposal of accidental spillage to the floor. FLOOR FURNACE. A self-contained furnace suspended from the floor of the space being heated, taking air for combustion from outside such space, and with means for lighting the appliance from such space. FLOW PRESSURE. The static pressure reading in the water-supply pipe near the faucet or water outlet while the faucet or water outlet is open and flowing at capacity. FLUE. See ""Vent."" FLUE, APPLIANCE. The passages within an appliance through which combustion products pass from the combustion chamber to the flue collar. FLUE COLLAR. The portion of a fuel-burning appliance designed for the attachment of a draft hood, vent connector or venting system. FLUE GASES. Products of combustion plus excess air in appliance flues or heat exchangers. FLUSH VALVE. A device located at the bottom of a flush tank that is operated to flush water closets. FLUSHOMETER TANK. A device integrated within an air accumulator vessel that is designed to discharge a predetermined quantity of water to fixtures for flushing purposes. FLUSHOMETER VALVE. A flushometer valve is a device that discharges a predetermined quantity of water to fixtures for flushing purposes and is actuated by direct water pressure. [RB] FOAM BACKER BOARD. Foam plastic used in siding applications where the foam plastic is a component of the siding. [RB] FOAM PLASTIC INSULATION. A plastic that is intentionally expanded by the use of a foaming agent to produce a reduced-density plastic containing voids consisting of open or closed cells distributed throughout the plastic for thermal insulating or acoustic purposes and that has a density less than 20 pounds per cubic foot (320 kg/m3) unless it is used as interior trim. [RB] FOAM PLASTIC INTERIOR TRIM. Exposed foam plastic used as picture molds, chair rails, crown moldings, baseboards, handrails, ceiling beams, door trim and window trim and similar decorative or protective materials used in fixed applications. FOSSIL FUEL. Coal, kerosene, oil, fuel gases, or other petroleum or hydrocarbon product that emits carbon monoxide as a by-product of combustion. [RB] FUEL CELL POWER SYSTEM, STATIONARY. A stationary energy generation system that converts the chemical energy of a fuel and oxidant to electric energy (DC or AC electricity) by an electrochemical process. Field-fabricated fuel cell power system. A stationary fuel cell power system that is assembled at the job site and is not a preengineered or prepackaged factory-assembled fuel cell power system. Preengineered fuel cell power system. A stationary fuel cell power system consisting of components and modules that are produced in a factory, and shipped to the job site for assembly. Prepackaged fuel cell power system. A stationary fuel cell power system that is factory assembled as a single, complete unit and shipped as a complete unit for installation at the job site. FUEL-PIPING SYSTEM. All piping, tubing, valves and fittings used to connect fuel utilization equipment to the point of fuel delivery. FULL-OPEN VALVE. A water control or shutoff component in the water supply system piping that, where adjusted for maximum flow, the flow path through the component's closure member is not a restriction in the component's through-flow area. FULLWAY VALVE. A valve that in the full open position has an opening cross-sectional area that is not less than 85 percent of the cross-sectional area of the connecting pipe. FURNACE. A vented heating appliance designed or arranged to discharge heated air into a conditioned space or through a duct or ducts. GARAGE DOOR MANUFACTURER. The party responsible for the completed assembly of the garage door components. GLASS MAT GYPSUM PANEL.A gypsum panel consisting of a noncombustible core primarily of gypsum, surfaced with glass mat partially or completely embedded in the core. [RB] GLAZING AREA. The interior surface area of all glazed fenestration, including the area of sash, curbing or other framing elements, that enclose conditioned space. Includes the area of glazed fenestration assemblies in walls bounding conditioned basements. [RB] GRADE. The finished ground level adjoining the building at all exterior walls. [RB] GRADE FLOOR EMERGENCY ESCAPE AND RESCUE OPENING. An emergency escape and rescue opening located such that the bottom of the clear opening is not more than 44 inches (1118 mm) above or below the finished ground level adjacent to the opening. (See also ""Emergency escape and rescue opening."") GRADE, PIPING. See ""Slope."" [RB] GRADE PLANE. A reference plane representing the average of the finished ground level adjoining the building at all exterior walls. Where the finished ground level slopes away from the exterior walls, the reference plane shall be established by the lowest points within the area between the building and the lot line or, where the lot line is more than 6 feet (1829 mm) from the building between the structure and a point 6 feet (1829 mm) from the building. GRAY WATER. As defined by Sections 381.0065(2)(b) and (d) Florida Statutes, ""Graywater"" means that part of domestic sewage that is not blackwater, including waste from the bath, lavatory, laundry, and sink, except kitchen sink waste. ""Blackwater"" means that part of domestic sewage carried off by toilets, urinals, and kitchen drains. GRIDDED WATER DISTRIBUTION SYSTEM. A water distribution system where every water distribution pipe is interconnected so as to provide two or more paths to each fixture supply pipe. [RB] GROSS AREA OF EXTERIOR WALLS. The normal projection of all exterior walls, including the area of all windows and doors installed therein. GROUND-SOURCE HEAT PUMP LOOP SYSTEM. Piping buried in horizontal or vertical excavations or placed in a body of water for the purpose of transporting heat transfer liquid to and from a heat pump. Included in this definition are closed loop systems in which the liquid is recirculated and open loop systems in which the liquid is drawn from a well or other source. [RB] GUARD. A building component or a system of building components located near the open sides of elevated walking surfaces that minimizes the possibility of a fall from the walking surface to the lower level. [RB] GUESTROOM. Any room or rooms used or intended to be used by one or more guests for living or sleeping purposes. [RB] GYPSUM BOARD. The generic name for a family of sheet products consisting of a noncombustible core primarily of gypsum with paper surfacing. Gypsum wallboard, gypsum sheathing, gypsum base for gypsum veneer plaster, exterior gypsum soffit board, predecorated gypsum board and water-resistant gypsum backing board complying with the standards listed in Section R702.3 and Part IX of this code are types of gypsum board. [RB] GYPSUM PANEL PRODUCT. The general name for a family of sheet products consisting essentially of gypsum. GYPSUM SHEATHING. Gypsum panel products specifically manufactured with enhanced water resistance for use as a substrate for exterior surface materials. GYPSUM WALLBOARD. A gypsum board used primarily as an interior surfacing for building structures. [RB] HABITABLE SPACE. A space in a building for living, sleeping, eating or cooking. Bathrooms, toilet rooms, closets, halls, screen enclosures, sunroom categories as defined at Section R301.2.1.1.1, storage or utility spaces and similar areas are not considered habitable spaces. [RB] HANDRAIL. A horizontal or sloping rail intended for grasping by the hand for guidance or support. HANGERS. See ""Supports."" HAZARDOUS LOCATION. Any location considered to be a fire hazard for flammable vapors, dust, combustible fibers or other highly combustible substances. HEAT PUMP. An appliance having heating or heating and cooling capability and that uses refrigerants to extract heat from air, liquid or other sources. [RE] HEATING DEGREE DAYS (HDD). The sum, on an annual basis, of the difference between 65°F (18°C) and the mean temperature for each day as determined from ""NOAA Annual Degree Days to Selected Bases Derived from the 1960—1990 Normals"" or other weather data sources acceptable to the code official. [RB] HEIGHT, BUILDING. The vertical distance from grade plane to the average height of the highest roof surface. [RB] HEIGHT, STORY. The vertical distance from top to top of two successive tiers of beams or finished floor surfaces; and, for the topmost story, from the top of the floor finish to the top of the ceiling joists or, where there is not a ceiling, to the top of the roof rafters. [RE] HIGH-EFFICACY LAMPS. See Section R202 of the Florida Building Code, Energy Conservation. HIGH-TEMPERATURE (H.T.) CHIMNEY. A high temperature chimney complying with the requirements of UL 103. A Type H.T. chimney is identifiable by the markings ""Type H.T."" on each chimney pipe section. HIGH-VELOCITY HURRICANE ZONE (HVHZ). This zone consists of Broward and Miami-Dade counties. [RB] HILL. With respect to topographic wind effects, a land surface characterized by strong relief in any horizontal direction. [RB] HISTORIC BUILDING. Buildings that are listed in or eligible for listing in the National Register of Historic Places, or designated as historic under an appropriate state or local law. HORIZONTAL BRANCH, DRAINAGE. A drain pipe extending laterally from a soil or waste stack or building drain, that receives the discharge from one or more fixture drains. HORIZONTAL PIPE. Any pipe or fitting that makes an angle of less than 45 degrees (0.79 rad) with the horizontal. [MP] HOT WATER. Water at a temperature greater than 120°F (49°C). [RB] HURRICANE-PRONE REGIONS. Areas vulnerable to hurricanes, defined as the U.S. Atlantic Ocean and Gulf of Mexico coasts where the ultimate design wind speed, Vult, is greater than 115 miles per hour (51 m/s), and Hawaii, Puerto Rico, Guam, Virgin Islands and America Samoa. HYDROGEN-GENERATING APPLIANCE. A self-contained package or factory-matched packages of integrated systems for generating gaseous hydrogen. Hydrogen-generating appliances utilize electrolysis, reformation, chemical or other processes to generate hydrogen. IGNITION SOURCE. A flame, spark or hot surface capable of igniting flammable vapors or fumes. Such sources include appliance burners, burner ignitions and electrical switching devices. INDIRECT SYSTEM. A solar thermal system in which the gas or liquid in the solar collector loop circulates between the solar collector and a heat exchanger and such gas or liquid is not drained from the system or supplied to the load during normal operation. INDIRECT WASTE PIPE. A waste pipe that discharges into the drainage system through an air gap into a trap, fixture or receptor. INDIVIDUAL SEWAGE DISPOSAL SYSTEM. A system for disposal of sewage by means of a septic tank or mechanical treatment, designed for use apart from a public sewer to serve a single establishment or building. INDIVIDUAL VENT. A pipe installed to vent a single fixture drain that connects with the vent system above or terminates independently outside the building. INDIVIDUAL WATER SUPPLY. A supply other than an approved public water supply that serves one or more families. [RB] INSULATED SIDING. A type of continuous insulation, with manufacturer-installed insulating material as an integral part of the cladding product, having a minimum R-value of R-2. [RB] INSULATED VINYL SIDING. A vinyl cladding product, with manufacturer-installed foam plastic insulating material as an integral part of the cladding product, having a thermal resistance of not less than R-2. [RB] INSULATING CONCRETE FORM (ICF). A concrete forming system using stay-in-place forms of rigid foam plastic insulation, a hybrid of cement and foam insulation, a hybrid of cement and wood chips, or other insulating material for constructing cast-in-place concrete walls. [RB] INSULATING SHEATHING. A rigid panel or board insulation material having a thermal resistance of not less than R-2 of the core material with properties suitable for use on walls, floors, roofs, or foundations. See also Section R202 of the Florida Building Code, Energy Conservation. [RB] JURISDICTION. The governmental unit that has adopted this code under due legislative authority. [RB] KITCHEN. Kitchen shall mean an area used, or designated to be used, for the preparation of food. [RB] LABEL. An identification applied on a product by the manufacturer that contains the name of the manufacturer, the function and performance characteristics of the product or material, and the name and identification of an approved agency and that indicates that the representative sample of the product or material has been tested and evaluated by an approved agency. (See also ""Manufacturer's designation"" and ""Mark."") [RB] LABELED. Equipment, materials or products to which have been affixed a label, seal, symbol or other identifying mark of a nationally recognized testing laboratory, approved agency or other organization concerned with product evaluation that maintains periodic inspection of the production of the above labeled items and whose labeling indicates either that the equipment, material or product meets identified standards or has been tested and found suitable for a specified purpose. LANDSCAPE ARCHITECT. A Florida registered Landscape Architect. [RB] LIGHT-FRAME CONSTRUCTION. Construction whose vertical and horizontal structural elements are primarily a system of repetitive wood or cold-formed steel framing members. [RB] LISTED. Equipment, materials, products or services included in a list published by an organization acceptable to the code official and concerned with evaluation of products or services that maintains periodic inspection of production of listed equipment or materials or periodic evaluation of services and whose listing states either that the equipment, material, product or service meets identified standards or has been tested and found suitable for a specified purpose. [RB] LIVE LOADS. Those loads produced by the use and occupancy of the building or other structure and do not include construction or environmental loads such as wind load, rain load, flood load or dead load. LIVING SPACE. Space within a dwelling unit utilized for living, sleeping, eating, cooking, bathing, washing and sanitation purposes. LOCAL EXHAUST. An exhaust system that uses one or more fans to exhaust air from a specific room or rooms within a dwelling. LOCAL FLOODPLAIN MANAGEMENT ORDINANCE. An ordinance or regulation adopted pursuant to the authority granted to local governments by Title 44 Code of Federal Regulations, Sections 59 and 60 for participation in the National Flood Insurance Program. [RB] LODGING HOUSE. A one-family dwelling where one or more occupants are primarily permanent in nature, and rent is paid for guestrooms. [RB] LOT. A measured portion or parcel of land considered as a unit having fixed boundaries. [RB] LOT LINE. The line that bounds a plot of ground described as a lot in the title to the property. MACERATING TOILET SYSTEMS. A system comprised of a sump with macerating pump and with connections for a water closet and other plumbing fixtures, that is designed to accept, grind and pump wastes to an approved point of discharge. MAIN. The principal pipe artery to which branches may be connected. MAIN SEWER. See ""Public sewer."" MANIFOLD WATER DISTRIBUTION SYSTEMS. A fabricated piping arrangement in which a large supply main is fitted with multiple branches in close proximity in which water is distributed separately to fixtures from each branch. [RB] MANUFACTURED HOME. Manufactured home means a structure, transportable in one or more sections, that in the traveling mode is 8 body feet (2438 body mm) or more in width or 40 body feet (12 192 body mm) or more in length, or, where erected on site, is 320 square feet (30 m2) or more, and that is built on a permanent chassis and designed to be used as a dwelling with or without a permanent foundation where connected to the required utilities, and includes the plumbing, heating, air-conditioning and electrical systems contained therein; except that such term shall include any structure that meets all the requirements of this paragraph except the size requirements and with respect to which the manufacturer voluntarily files a certification required by the secretary (HUD) and complies with the standards established under this title. For mobile homes built prior to June 15, 1976, a label certifying compliance to the Standard for Mobile Homes, NFPA 501, in effect at the time of manufacture is required. For the purpose of these provisions, a mobile home shall be considered to be a manufactured home. [RB] MANUFACTURER'S DESIGNATION. An identification applied on a product by the manufacturer indicating that a product or material complies with a specified standard or set of rules. (See also ""Mark"" and ""Label."") [RB] MANUFACTURER'S INSTALLATION INSTRUCTIONS. Printed instructions included with equipment as part of the conditions of their listing and labeling. [RB] MARK. An identification applied on a product by the manufacturer indicating the name of the manufacturer and the function of a product or material. (See also ""Manufacturer's designation"" and ""Label."") [RB] MASONRY CHIMNEY. A field-constructed chimney composed of solid masonry units, bricks, stones or concrete. [RB] MASONRY HEATER. A masonry heater is a solid fuel burning heating appliance constructed predominantly of concrete or solid masonry having a mass of not less than 1,100 pounds (500 kg), excluding the chimney and foundation. It is designed to absorb and store a substantial portion of heat from a fire built in the firebox by routing exhaust gases through internal heat exchange channels in which the flow path downstream of the firebox includes not less than one 180-degree (3.14-rad) change in flow direction before entering the chimney and that deliver heat by radiation through the masonry surface of the heater. [RB] MASONRY, SOLID. Masonry consisting of solid masonry units laid contiguously with the joints between the units filled with mortar. [RB] MASONRY UNIT. Brick, tile, stone, architectural cast stone, glass block or concrete block conforming to the requirements specified in Section 2103 of the Florida Building Code, Building. Clay. A building unit larger in size than a brick, composed of burned clay, shale, fire clay or mixtures thereof. Concrete. A building unit or block larger in size than 12 inches by 4 inches by 4 inches (305 mm by 102 mm by 102 mm) made of cement and suitable aggregates. Glass. Nonload-bearing masonry composed of glass units bonded by mortar. Hollow. A masonry unit with a net cross-sectional area in any plane parallel to the loadbearing surface that is less than 75 percent of its gross cross-sectional area measured in the same plane. Solid. A masonry unit with a net cross-sectional area in every plane parallel to the loadbearing surface that is 75 percent or more of its cross-sectional area measured in the same plane. [RE] MASS WALL. Masonry or concrete walls having a mass greater than or equal to 30 pounds per square foot (146 kg/m2), solid wood walls having a mass greater than or equal to 20 pounds per square foot (98 kg/m2), and any other walls having a heat capacity greater than or equal to 6 Btu/ft2 • °F [123 J/(m2 • K)]. MATERIAL CODE VIOLATION. A material code violation is a violation that exists within a completed building, structure or facility which may reasonably result, or has resulted, in physical harm to a person or significant damage to the performance of a building or its systems. MATERIAL VIOLATION. As defined in Florida Statutes. [RB] MEAN ROOF HEIGHT. The average of the roof eave height and the height to the highest point on the roof surface, except that eave height shall be used for roof angle of less than or equal to 10 degrees (0.18 rad). MEANS OF ESCAPE. A way out of a building or structure that does not conform to the strict definition of means of egress but does provide an alternate way out. A means of escape consists of a door, stairway, passage or hall providing a way of unobstructed travel to the outside at street or ground level. It may also consist of a passage through an adjacent nonlockable space, independent of and remotely located from the means of egress, to any approved exit. MECHANICAL DRAFT SYSTEM. A venting system designed to remove flue or vent gases by mechanical means, that consists of an induced draft portion under nonpositive static pressure or a forced draft portion under positive static pressure. Forced-draft venting system. A portion of a venting system using a fan or other mechanical means to cause the removal of flue or vent gases under positive static pressure. Induced draft venting system. A portion of a venting system using a fan or other mechanical means to cause the removal of flue or vent gases under nonpositive static vent pressure. Power venting system. A portion of a venting system using a fan or other mechanical means to cause the removal of flue or vent gases under positive static vent pressure. MECHANICAL EXHAUST SYSTEM. A system for removing air from a room or space by mechanical means. MECHANICAL JOINT. A connection between pipes, fittings or pipes and fittings that is not welded, brazed, caulked, soldered, solvent cemented or heat-fused. A general form of gas- or liquid-tight connections obtained by the joining of parts through a positive holding mechanical construction such as, but not limited to, flanged, screwed, clamped or flared connections. MECHANICAL SYSTEM. A system specifically addressed and regulated in this code and composed of components, devices, appliances and equipment. [RB] METAL ROOF PANEL. An interlocking metal sheet having a minimum installed weather exposure of 3 square feet (0.279 m2) per sheet. METAL ROOF PANEL, or METAL ROOF SHINGLE, MANUFACTURER. The party responsible for forming sheet metal raw materials into the metal roof panels and/or metal roof shingles used in building construction. [RB] METAL ROOF SHINGLE. An interlocking metal sheet having an installed weather exposure less than 3 square feet (0.279 m2) per sheet. [RB] MEZZANINE. An intermediate level or levels between the floor and ceiling of any story. [RB] MODIFIED BITUMEN ROOF COVERING. One or more layers of polymer modified asphalt sheets. The sheet materials shall be fully adhered or mechanically attached to the substrate or held in place with an approved ballast layer. MODULAR HOME. Any residential unit, constructed to standards promulgated by the Florida Building Commission, away from the installation site, and which bears a Department of Business and Professional Regulation Insignia. [RB] MULTIPLE STATION SMOKE ALARM. Two or more single station alarm devices that are capable of interconnection such that actuation of one causes all integral or separate audible alarms to operate. [RB] NAILABLE SUBSTRATE. A product or material such as framing, sheathing or furring, composed of wood or wood-based materials, or other materials and fasteners providing equivalent fastener withdrawal resistance. NATURAL DRAFT SYSTEM. A venting system designed to remove flue or vent gases under nonpositive static vent pressure entirely by natural draft. [RB] NATURALLY DURABLE WOOD. The heartwood of the following species with the exception that an occasional piece with corner sapwood is permitted if 90 percent or more of the width of each side on which it occurs is heartwood. Decay resistant. Redwood, cedar, black locust and black walnut. Termite resistant. Alaska yellow cedar, redwood, Eastern red cedar and Western red cedar including all sapwood of Western red cedar. [RB] NONCOMBUSTIBLE MATERIAL. A material that passes ASTM E136. [RB] NOSING. The leading edge of treads of stairs and of landings at the top of stairway flights. [RB] OCCUPIED SPACE. The total area of all buildings or structures on any lot or parcel of ground projected on a horizontal plane, excluding permitted projections as allowed by this code. OFFSET. A combination of fittings that makes two changes in direction, bringing one section of the pipe out of line and into a line parallel with the other section. ON-SITE NONPOTABLE WATER REUSE SYSTEMS. Water systems for the collection, treatment, storage, distribution, and reuse of nonpotable water generated on site, including but not limited to graywater systems. This definition does not include rainwater harvesting systems. [RB] OWNER. Any person, agent, firm or corporation having a legal or equitable interest in the property. [RB] PAN FLASHING. Corrosion-resistant flashing at the base of an opening that is integrated into the building exterior wall to direct water to the exterior and is premanufactured, fabricated, formed or applied at the job site. [RB] PANEL THICKNESS. Thickness of core plus two layers of structural wood panel facings. PELLET FUEL-BURNING APPLIANCE. A closed combustion, vented appliance equipped with a fuel feed mechanism for burning processed pellets of solid fuel of a specified size and composition. PELLET VENT. A vent listed and labeled for use with a listed pellet fuel-burning appliance. [RB] PERFORMANCE CATEGORY. A designation of wood structural panels as related to the panel performance used in Chapters 4, 5, 6 and 8. [RB] PERMIT. An official document or certificate issued by the authority having jurisdiction that authorizes performance of a specified activity. [RB] PERSON. An individual, heirs, executors, administrators or assigns, and a firm, partnership or corporation, its or their successors or assigns, or the agent of any of the aforesaid. [RB] PHOTOVOLTAIC MODULE. A complete, environmentally protected unit consisting of solar cells, optics and other components, exclusive of a tracker, designed to generate DC power where exposed to sunlight. [RB] PHOTOVOLTAIC PANEL. A collection of photovoltaic modules mechanically fastened together, wired, and designed to provide a field-installable unit. [RB] PHOTOVOLTAIC PANEL SYSTEM. A system that incorporates discrete photovoltaic panels that convert solar radiation into electricity, including rack support systems. [RB] PHOTOVOLTAIC SHINGLES. A roof covering that resembles shingles and that incorporates photovoltaic modules. PITCH. See ""Slope."" [RB] PLASTIC COMPOSITE. A generic designation that refers to wood-plastic composites and plastic lumber. [RB] PLATFORM CONSTRUCTION. A method of construction by which floor framing bears on load bearing walls that are not continuous through the story levels or floor framing. PLENUM. A chamber that forms part of an air-circulation system other than the occupied space being conditioned. PLUMBING. For the purpose of this code, plumbing refers to those installations, repairs, maintenance and alterations regulated by Chapters 25 through 33. PLUMBING APPLIANCE. An energized household appliance with plumbing connections, such as a dishwasher, food waste disposer, clothes washer or water heater. PLUMBING APPURTENANCE. A device or assembly that is an adjunct to the basic plumbing system and does not demand additional water supply or add any discharge load to the system. It is presumed that it performs some useful function in the operation, maintenance, servicing, economy or safety of the plumbing system. Examples include filters, relief valves and aerators. PLUMBING FIXTURE. A receptacle or device that is connected to a water supply system or discharges to a drainage system or both. Such receptacles or devices require a supply of water; or discharge liquid waste or liquid-borne solid waste; or require a supply of water and discharge waste to a drainage system. PLUMBING SYSTEMS. Includes the water distribution pipes; plumbing fixtures and traps; water-treating or water-using equipment; soil, waste and vent pipes; and building drains; in addition to their respective connections, devices and appurtenances within a structure or premises; and the water service, building sewer and building storm sewer serving such structure or premises. POLLUTION. A low-hazard or non-health hazard impairment of the quality of the potable water to a degree that does not create a hazard to the public health and that does adversely and unreasonably affect the aesthetic qualities of such potable water for domestic use. [RB] POLYPROPYLENE SIDING. A shaped material, made principally from polypropylene homopolymer, or copolymer, that in some cases contains fillers or reinforcements, that is used to clad exterior walls or buildings. PORTABLE-FUEL-CELL APPLIANCE. A fuel cell generator of electricity that is not fixed in place. A portable-fuel-cell appliance utilizes a cord and plug connection to a grid-isolated load and has an integral fuel supply. [RB] POSITIVE ROOF DRAINAGE. The drainage condition in which consideration has been made for the loading deflections of the roof deck, and sufficient slope has been provided to ensure drainage of the roof within 48 hours of precipitation. POTABLE WATER. Water free from impurities present in amounts sufficient to cause disease or harmful physiological effects and conforming in bacteriological and chemical quality to the requirements of the public health authority having jurisdiction. [RB] PRECAST CONCRETE. A structural concrete element cast elsewhere than its final position in the structure. [RB] PRECAST CONCRETE FOUNDATION WALLS. Pre-engineered, precast concrete wall panels that are designed to withstand specified stresses and used to build below-grade foundations. PRESS-CONNECT JOINT. A permanent mechanical joint incorporating an elastomeric seal or an elastomeric seal and corrosion-resistant grip or bite ring. The joint is made with a pressing tool and jaw or ring approved by the fitting manufacturer. PRESSURE-RELIEF VALVE. A pressure-actuated valve held closed by a spring or other means and designed to automatically relieve pressure at the pressure at which it is set. PROFESSIONAL SURVEYOR AND MAPPER. An individual who is licensed or registered to engage in the practice of surveying and mapping under Chapter 472, Florida Statutes. PUBLIC SEWER. A common sewer directly controlled by public authority. PUBLIC WATER MAIN. A water-supply pipe for public use controlled by public authority. [RB] PUBLIC WAY. Any street, alley or other parcel of land open to the outside air leading to a public street, that has been deeded, dedicated or otherwise permanently appropriated to the public for public use and that has a clear width and height of not less than 10 feet (3048 mm). PURGE. To clear of air, gas or other foreign substances. PUSH-FIT FITTING. A mechanical fitting that joins pipes or tubes and achieves a seal by mating the pipe or tube into the fitting. QUICK-CLOSING VALVE. A valve or faucet that closes automatically where released manually or controlled by mechanical means for fast-action closing. [RE] R-VALUE, THERMAL RESISTANCE. The inverse of the time rate of heat flow through a building thermal envelope element from one of its bounding surfaces to the other for a unit temperature difference between the two surfaces, under steady state conditions, per unit area (h • ft2 • °F/Btu). [RB] RAMP. A walking surface that has a running slope steeper than 1 unit vertical in 20 units horizontal (5-percent slope). [RE] RATED DESIGN. A description of the proposed building, used to determine the energy rating index. READY ACCESS (TO). That which enables a device, appliance or equipment to be directly reached, without requiring the removal or movement of any panel, door or similar obstruction. RECEPTOR. A fixture or device that receives the discharge from indirect waste pipes. RECLAIMED WATER. Nonpotable water that has been derived from the treatment of waste water by a facility or system licensed or permitted to produce water meeting the jurisdiction's water requirements for its intended uses. Also known as ""Recycled Water."" [RE] REFLECTIVE DUCT INSULATION. A thermal insulation assembly consisting of one or more surfaces that have an emittance of 0.1 or less, and that bound an enclosed air space or spaces. REFRIGERANT. A substance used to produce refrigeration by its expansion or evaporation. REFRIGERANT COMPRESSOR. A specific machine, with or without accessories, for compressing a given refrigerant vapor. REFRIGERATING SYSTEM. A combination of interconnected parts forming a closed circuit in which refrigerant is circulated for the purpose of extracting, then rejecting, heat. A direct refrigerating system is one in which the evaporator or condenser of the refrigerating system is in direct contact with the air or other substances to be cooled or heated. An indirect refrigerating system is one in which a secondary coolant cooled or heated by the refrigerating system is circulated to the air or other substance to be cooled or heated. [RB] REGISTERED DESIGN PROFESSIONAL. An individual who is registered or licensed to practice their respective design profession as defined by the statutory requirements of the professional registration laws of the state or jurisdiction in which the project is to be constructed. This includes any registered design professional so long as they are practicing within the scope of their license, which includes those licensed under Chapters 471 and 481, Florida Statutes. REGISTERED TERMITICIDE. Product listed as registered for use as a preventative treatment for termites for new construction by the Florida Department of Agriculture and Consumer Services under authority of Chapter 487, Florida Statutes. RELIEF VALVE, VACUUM. A device to prevent excessive buildup of vacuum in a pressure vessel. [RB] REPAIR. The reconstruction or renewal of any part of an existing building for the purpose of its maintenance or to correct damage. See also Section R202 of the Florida Building Code, Energy Conservation. [RB] REROOFING. The process of recovering or replacing an existing roof covering. See ""Roof recover."" See also Section R202 of the Florida Building Code, Energy Conservation. RETURN AIR. Air removed from an approved conditioned space or location and recirculated or exhausted. [RB] RIDGE. With respect to topographic wind effects, an elongated crest of a hill characterized by strong relief in two directions. [RB] RISER. The vertical component of a step or stair. A water pipe that extends vertically one full story or more to convey water to branches or to a group of fixtures. [RB] ROOF ASSEMBLY. A system designed to provide weather protection and resistance to design loads. The system consists of a roof covering and roof deck or a single component serving as both the roof covering and the roof deck. A roof assembly includes the roof covering, roof deck and may include a vapor retarder, thermal barrier, insulation or similar substrate. [RB] ROOF COVERING. The covering applied to the roof deck for weather resistance, fire classification or appearance. [RB] ROOF DECK. The flat or sloped surface not including its supporting members or vertical supports. [RB] ROOF RECOVER. The process of installing an additional roof covering over a prepared existing roof covering without removing the existing roof covering. See also Section R202 of the Florida Building Code, Energy Conservation. [RB] ROOF REPAIR. Reconstruction or renewal of any part of an existing roof for the purposes of its maintenance. See also Section R202 of the Florida Building Code, Energy Conservation. [RB] ROOF REPLACEMENT. The process of removing the existing roof covering, repairing any damaged substrate and installing a new roof covering. ROOF SECTION. A separation or division of a roof area by existing expansion joints, parapet walls, flashing (excluding valley), difference of elevation (excluding hips and ridges), roof type or legal description; not including the roof area required for a proper tie-off with an existing system. ROOF SYSTEM. A roof system consists of a roof covering and other interacting roofing components and may include vapor retarder, a thermal barrier, insulation or other similar substrate. The system does not include the roof deck unless it is part of a single component serving as the roof covering and the roof deck. [RB] ROOFTOP STRUCTURE. An enclosed structure on or above the roof of any part of a building. ROOM HEATER. A freestanding heating appliance installed in the space being heated and not connected to ducts. ROUGH-IN. The installation of the parts of the plumbing system that must be completed prior to the installation of fixtures. This includes DWV, water supply and built-in fixture supports. [RB] RUNNING BOND. The placement of masonry units such that head joints in successive courses are horizontally offset not less than one-quarter the unit length. SANITARY SEWER. A sewer that carries sewage and excludes storm, surface and groundwater. SCREEN ENCLOSURE. A building or part thereof, in whole or in part self-supporting, and having walls of insect screening with or without removable vinyl or acrylic wind break panels and a roof of insect screening, plastic, aluminum or similar lightweight material, or other materials and assemblies such as a patio, a deck, or the roof of a structure. SCUPPER. An opening in a wall or parapet that allows water to drain from a roof. SEPARATE ATMOSPHERE. The atmosphere that exists between rooms, spaces or areas that are separated by an approved smoke barrier. SEPTIC TANK. A water-tight receptor that receives the discharge of a building sanitary drainage system and is constructed so as to separate solids from the liquid, digest organic matter through a period of detention, and allow the liquids to discharge into the soil outside of the tank through a system of open joint or perforated piping or a seepage pit. SEWAGE. Any liquid waste containing animal matter, vegetable matter or other impurity in suspension or solution. SEWAGE PUMP. A permanently installed mechanical device for removing sewage or liquid waste from a sump. [RB] SHALL. The term, where used in the code, is construed as mandatory. [RB] SHEAR WALL. A general term for walls that are designed and constructed to resist racking from lateral loads by use of masonry, concrete, cold-formed steel or wood framing in accordance with Chapter 6 of this code and the associated limitations in Section R301.2 of this code. [RB] SINGLE PLY MEMBRANE. A roofing membrane that is field applied using one layer of membrane material (either homogeneous or composite) rather than multiple layers. [RB] SINGLE STATION SMOKE ALARM. An assembly incorporating the detector, control equipment and alarm sounding device in one unit that is operated from a power supply either in the unit or obtained at the point of installation. SITE-BUILT SINGLE-FAMILY RESIDENTIAL STRUCTURES. This term shall mean site-built single-family detached residential structures. [RB] SHINGLE FASHION. A method of installing roof or wall coverings, water-resistive barriers, flashing or other building components such that upper layers of material are placed overlapping lower layers of material to provide drainage and protect against water intrusion at unsealed penetrations and joints or in combination with sealed joints. [RE] SKYLIGHT. See also Section R202 of the Florida Building Code, Energy Conservation. [RB] SKYLIGHT AND SLOPED GLAZING. Glass or other transparent or translucent glazing material installed at a slope of 15 degrees (0.26 rad) or more from vertical. Glazing materials in skylights, including unit skylights, tubular daylighting devices, solariums, sunrooms, roofs and sloped walls are included in this definition. [RB] SKYLIGHT, UNIT. A factory assembled, glazed fenestration unit, containing one panel of glazing material, that allows for natural daylighting through an opening in the roof assembly while preserving the weather-resistant barrier of the roof. SLIP JOINT. A mechanical-type joint used primarily on fixture traps. The joint tightness is obtained by compressing a friction-type washer such as rubber, nylon, neoprene, lead or special packing material against the pipe by the tightening of a (slip) nut. SLOPE. The fall (pitch) of a line of pipe in reference to a horizontal plane. In drainage, the slope is expressed as the fall in units vertical per units horizontal (percent) for a length of pipe. [RB] SMOKE-DEVELOPED INDEX. A comparative measure, expressed as a dimensionless number, derived from measurements of smoke obscuration versus time for a material tested in accordance with ASTM E84 or UL 723. SOIL STACK OR PIPE. A pipe that conveys sewage containing fecal material. [RE] SOLAR HEAT GAIN COEFFICIENT (SHGC). The solar heat gain through a fenestration or glazing assembly relative to the incident solar radiation (Btu/h • ft2 • °F). [RB] SOLID MASONRY. Load-bearing or nonload-bearing construction using masonry units where the net cross-sectional area of each unit in any plane parallel to the bearing surface is not less than 75 percent of its gross cross-sectional area. Solid masonry units shall conform to ASTM C55, C62, C73, C145 or C216. [RB] SPLINE. A strip of wood structural panel cut from the same material used for the panel facings, used to connect two structural insulated panels. The strip (spline) fits into a groove cut into the vertical edges of the two structural insulated panels to be joined. Splines are used behind each facing of the structural insulated panels being connected as shown in Figure R610.8. STACK. Any main vertical DWV line, including offsets, that extends one or more stories as directly as possible to its vent terminal. [RB] STACK BOND. The placement of masonry units in a bond pattern is such that head joints in successive courses are vertically aligned. For the purpose of this code, requirements for stack bond shall apply to all masonry laid in other than running bond. STACK VENT. The extension of soil or waste stack above the highest horizontal drain connected. [RB] STAIR. A change in elevation, consisting of one or more risers. [RB] STAIRWAY. One or more flights of stairs, either interior or exterior, with the necessary landings and connecting platforms to form a continuous and uninterrupted passage from one level to another. [RB] STAIRWAY, SPIRAL. A stairway with a plan view of closed circular form and uniform section-shaped treads radiating from a minimum-diameter circle. [RB] STANDARD TRUSS. Any construction that does not permit the roof-ceiling insulation to achieve the required R-value over the exterior walls. STATIONARY FUEL CELL POWER PLANT. A self-contained package or factory-matched packages that constitute an automatically-operated assembly of integrated systems for generating useful electrical energy and recoverable thermal energy that is permanently connected and fixed in place. STORM SEWER, DRAIN. A pipe used for conveying rainwater, surface water, subsurface water and similar liquid waste. [RB] STORY. That portion of a building included between the upper surface of a floor and the upper surface of the floor or roof next above. [RB] STORY ABOVE GRADE PLANE. Any story having its finished floor surface entirely above grade plane, or in which the finished surface of the floor next above is either of the following: More than 6 feet (1829 mm) above grade plane. More than 12 feet (3658 mm) above the finished ground level at any point. [RB] STRUCTURAL COMPOSITE LUMBER. Structural members manufactured using wood elements bonded together with exterior adhesives. Examples of structural composite lumber are: Laminated strand lumber (LSL). A composite of wood strand elements with wood fibers primarily oriented along the length of the member, where the least dimension of the wood strand elements is 0.10 inch (2.54 mm) or less and their average lengths are not less than 150 times the least dimension of the wood strand elements. Laminated veneer lumber (LVL). A composite of wood veneer elements with wood fibers primarily oriented along the length of the member, where the veneer element thicknesses are 0.25 inches (6.4 mm) or less. Oriented strand lumber (OSL). A composite of wood strand elements with wood fibers primarily oriented along the length of the member, where the least dimension of the wood strand elements is 0.10 inch (2.54 mm) or less and their average lengths are not less than 75 times and less than 150 times the least dimension of the wood strand elements. Parallel strand lumber (PSL). A composite of wood strand elements with wood fibers primarily oriented along the length of the member, where the least dimension of the wood strand elements is 0.25 inch (6.4 mm) or less and their average lengths are not less than 300 times the least dimension of the wood strand elements. [RB] STRUCTURAL INSULATED PANEL (SIP). A structural sandwich panel that consists of a light-weight foam plastic core securely laminated between two thin, rigid wood structural panel facings. [RB] STRUCTURE. That which is built or constructed. [RB] SUBSOIL DRAIN. A drain that collects subsurface water or seepage water and conveys such water to a place of disposal. SUMP. A tank or pit that receives sewage or waste, located below the normal grade of the gravity system and that must be emptied by mechanical means. SUMP PUMP. A pump installed to empty a sump. These pumps are used for removing storm water only. The pump is selected for the specific head and volume of the load and is usually operated by level controllers. SUN CONTROL STRUCTURE. An accessory structure consisting of columns or posts supporting an open roof of girders, beams, or cross rafters with or without fixed or operational louvers serving to direct sunlight. [RB] SUNROOM. A one-story structure attached to a dwelling with a glazing area in excess of 40 percent of the gross area of the structure's exterior walls and roof. A one-story structure added to a dwelling with solid roof panels without sloped glazing. The sunroom walls may have any configuration, provided the open areas consisting of operable or fixed glass or windows or side hinged or sliding glass doors of the longer wall and one additional wall is equal to at least 65 percent of the area below 6 foot 8 inches (2032 mm) of each wall, measured from the floor. For the purposes of this code the term sunroom as used herein shall include conservatories, sunspaces, solariums, and porch or patio covers or enclosures. See also Section R202 of the Florida Building Code, Energy Conservation. SUPPLY AIR. Air delivered to a conditioned space through ducts or plenums from the heat exchanger of a heating, cooling or ventilating system. SUPPORTS. Devices for supporting, hanging and securing pipes, fixtures and equipment. SWEEP. A drainage fitting designed to provide a change in direction of a drain pipe of less than the angle specified by the amount necessary to establish the desired slope of the line. Sweeps provide a longer turning radius than bends and a less turbulent flow pattern (see ""Bend"" and ""Elbow""). TEMPERATURE- AND PRESSURE-RELIEF (T AND P) VALVE. A combination relief valve designed to function as both a temperature-relief and pressure-relief valve. TEMPERATURE-RELIEF VALVE. A temperature-actuated valve designed to discharge automatically at the temperature at which it is set. [RB] TERMITE-RESISTANT MATERIAL. Pressure-preservative treated wood in accordance with the AWPA standards in Section R317.1, naturally durable termite-resistant wood, steel, concrete, masonry or other approved material. [RB] THERMAL ISOLATION. Physical and space conditioning separation from conditioned space(s) consisting of existing or new walls, doors or windows. The conditioned space(s) shall be controlled as separate zones for heating and cooling or conditioned by separate equipment. See also Section R202 of the Florida Building Code, Energy Conservation. [RE] THERMAL RESISTANCE, R-VALUE. The inverse of the time rate of heat flow through a body from one of its bounding surfaces to the other for a unit temperature difference between the two surfaces, under steady state conditions, per unit area (h • ft2 • °F/Btu) (m2 • K)/W. [RE] THERMAL TRANSMITTANCE, U-FACTOR. The coefficient of heat transmission (air to air) through a building envelope component or assembly, equal to the time rate of heat flow per unit area and unit temperature difference between the warm side and cold side air films (Btu/h • ft2 • °F) W/(m2 • K). [RB] THIRD-PARTY CERTIFICATION AGENCY. An approved agency operating a product or material certification system that incorporates initial product testing, assessment and surveillance of a manufacturer's quality control system. [RB] THIRD-PARTY CERTIFIED. Certification obtained by the manufacturer indicating that the function and performance characteristics of a product or material have been determined by testing and ongoing surveillance by an approved third-party certification agency. Assertion of certification is in the form of identification in accordance with the requirements of the third-party certification agency. [RB] THIRD-PARTY TESTED. Procedure by which an approved testing laboratory provides documentation that a product material or system conforms to specified requirements. [RB] TOWNHOUSE. A single-family dwelling unit not exceeding three stories in height constructed in a group of two or more attached units with property lines separating such units in which each unit extends from foundation to roof and with a yard or public way on not less than two sides. TRAP. A fitting, either separate or built into a fixture, that provides a liquid seal to prevent the emission of sewer gases without materially affecting the flow of sewage or waste water through it. TRAP ARM. That portion of a fixture drain between a trap weir and the vent fitting. TRAP PRIMER. A device or system of piping to maintain a water seal in a trap, typically installed where infrequent use of the trap would result in evaporation of the trap seal, such as floor drains. TRAP SEAL. The trap seal is the maximum vertical depth of liquid that a trap will retain, measured between the crown weir and the top of the dip of the trap. [RB] TRIM. Picture molds, chair rails, baseboards, handrails, door and window frames, and similar decorative or protective materials used in fixed applications. [RB] TRUSS DESIGN DRAWING. The graphic depiction of an individual truss, that describes the design and physical characteristics of the truss. [RE] TUBULAR DAYLIGHTING DEVICE (TDD). A nonoperable fenestration unit primarily designed to transmit daylight from a roof surface to an interior ceiling via a tubular conduit. The basic unit consists of an exterior glazed weathering surface, a light-transmitting tube with a reflective interior surface, and an interior-sealing device such as a translucent ceiling panel. The unit may be factory assembled, or field assembled from a manufactured kit. TYPE L VENT. A listed and labeled vent conforming to UL 641 for venting oil-burning appliances listed for use with Type L vents or with gas appliances listed for use with Type B vents. [RE] U-FACTOR, THERMAL TRANSMITTANCE. See also Section R202 of the Florida Building Code, Energy Conservation. [RB] UNDERLAYMENT. One or more layers of felt, sheathing paper, nonbituminous saturated felt, or other approved material over which a roof covering, with a slope of 2 to 12 (17-percent slope) or greater, is applied. VACUUM BREAKER. A device that prevents back-siphonage of water by admitting atmospheric pressure through ports to the discharge side of the device. VAPOR DIFFUSION PORT. An assembly constructed or installed within a roof assembly at an opening in the roof deck to convey water vapor from an unvented attic to the outside atmosphere. VAPOR PERMEABLE. The property of having a moisture vapor permeance rating of 5 perms (2.9 × 10-10 kg/Pa × s × m2) or greater when tested in accordance with Procedure A or Procedure B of ASTM E96. A vapor permeable material permits the passage of moisture vapor. [RB] VAPOR RETARDER CLASS. A measure of the ability of a material or assembly to limit the amount of moisture that passes through that material or assembly. Vapor retarder class shall be defined using the desiccant method with Procedure A of ASTM E96 as follows: Class I: 0.1 perm or less Class II: 0.1 &lt; perm ≤ 1.0 perm Class III: 1.0 &lt; perm ≤ 10 perm VENT. A passageway for conveying flue gases from fuel-fired appliances, or their vent connectors, to the outside atmosphere. VENT COLLAR. See ""Flue collar."" VENT CONNECTOR. That portion of a venting system that connects the flue collar or draft hood of an appliance to a vent. VENT DAMPER DEVICE, AUTOMATIC. A device intended for installation in the venting system, in the outlet of an individual, automatically operated fuel burning appliance and that is designed to open the venting system automatically where the appliance is in operation and to close off the venting system automatically where the appliance is in a standby or shutdown condition. VENT GASES. Products of combustion from fuel-burning appliances, plus excess air and dilution air, in the venting system above the draft hood or draft regulator. VENT STACK. A vertical vent pipe installed to provide circulation of air to and from the drainage system and that extends through one or more stories. VENT SYSTEM. Piping installed to equalize pneumatic pressure in a drainage system to prevent trap seal loss or blow-back due to siphonage or back pressure. VENTILATION. The natural or mechanical process of supplying conditioned or unconditioned air to, or removing such air from, any space. See also Section R202 of the Florida Building Code, Energy Conservation. VENTING. Removal of combustion products to the outdoors. VENTING SYSTEM. A continuous open passageway from the flue collar of an appliance to the outside atmosphere for the purpose of removing flue or vent gases. A venting system is usually composed of a vent or a chimney and vent connector, if used, assembled to form the open passageway. VERTICAL PIPE. Any pipe or fitting that makes an angle of 45 degrees (0.79 rad) or more with the horizontal. [RB] VINYL SIDING. A shaped material, made principally from rigid polyvinyl chloride (PVC), that is used to cover exterior walls of buildings. [RB] WALL, RETAINING. A wall not laterally supported at the top, that resists lateral soil load and other imposed loads. [RB] WALLS. Walls shall be defined as follows: Load-bearing wall. A wall supporting any vertical load in addition to its own weight. Nonbearing wall. A wall which does not support vertical loads other than its own weight. WASTE. Liquid-borne waste that is free of fecal matter. WASTE PIPE OR STACK. Piping that conveys only liquid sewage not containing fecal material. WASTE RECEPTOR. A floor sink, standpipe, hub drain or a floor drain that receives the discharge of one or more indirect waste pipes. WATER DISTRIBUTION SYSTEM. Piping that conveys water from the service to the plumbing fixtures, appliances, appurtenances, equipment, devices or other systems served, including fittings and control valves. WATER HEATER. Any heating appliance or equipment that heats potable water and supplies such water to the potable hot water distribution system. WATER MAIN. A water supply pipe for public use. WATER OUTLET. A valved discharge opening, including a hose bibb, through which water is removed from the potable water system supplying water to a plumbing fixture or plumbing appliance that requires either an air gap or backflow prevention device for protection of the supply system. [RB] WATER-RESISTIVE BARRIER. A material behind an exterior wall covering that is intended to resist liquid water that has penetrated behind the exterior covering from further intruding into the exterior wall assembly. WATER SERVICE PIPE. The outside pipe from the water main or other source of potable water supply to the water distribution system inside the building, terminating at the service valve. WATER SUPPLY SYSTEM. The water service pipe, the water-distributing pipes and the necessary connecting pipes, fittings, control valves and appurtenances in or adjacent to the building or premises. WET VENT. A vent that receives the discharge of wastes from other fixtures. WHOLE-HOUSE MECHANICAL VENTILATION SYSTEM. An exhaust system, supply system, or combination thereof that is designed to mechanically exchange indoor air for outdoor air where operating continuously or through a programmed intermittent schedule to satisfy the whole-house ventilation rate. See also Section R202 of the Florida Building Code, Energy Conservation. [RB] WINDBORNE DEBRIS REGION. Areas within hurricane-prone regions located in accordance with one of the following: Within 1 mile (1.61 km) of the coastal mean high water line where the ultimate design wind speed, Vult, is 130 mph (58 m/s) or greater. In areas where the ultimate design wind speed, Vult, is 140 mph (63.6 m/s) or greater; or Hawaii. [RB] WINDER. A tread with nonparallel edges. [RB] WOOD STRUCTURAL PANEL. A panel manufactured from veneers; or wood strands or wafers; bonded together with waterproof synthetic resins or other suitable bonding systems. Examples of wood structural panels are plywood, OSB or composite panels. [RB] YARD. An open space, other than a court, unobstructed from the ground to the sky, except where specifically provided by this code, on the lot on which a building is situated."
