id,section,title,ifc_type,occupancy,design_phase,code_category,primary_responsibility,body
3,,Occupancy Classification and Use,Wall|Slab|Door,Assembly (A)|Business (B)|Educational (E)|Residential (R)|Mercantile (M),concept|sd|dd,occupancy_classification,architect,"User note:About this chapter: Chapter 3 provides the criteria by which buildings and structures are classified into use groups and occupancies. Through the balance of the code, occupancy classification is fundamental in the setting of features of construction; occupant safety requirements, especially building limitations; means of egress; fire protection systems; and interior finishes."
301.1,Section 301 Scope,General,BuildingElementProxy,Assembly (A)|Business (B)|Educational (E)|Factory and Industrial (F)|Residential (R),sd|dd|cd,occupancy_classification,architect,The provisions of this chapter shall control the classification of all buildings and structures as to occupancy and use. Different classifications of occupancy and use represent varying levels of hazard and risk to building occupants and adjacent properties.
302.1,Section 302 Occupancy Classification and Use Designation,Occupancy Classification,BuildingElementProxy,Assembly (A)|Business (B)|Educational (E)|Factory and Industrial (F)|High Hazard (H),sd|dd|cd,occupancy_classification,architect,"Occupancy classification is the formal designation of the primary purpose of the building, structure or portion thereof. Structures shall be classified into one or more of the occupancy groups specified in this section based on the nature of the hazards and risks to building occupants generally associated with the intended purpose of the building or structure. An area, room or space that is intended to be occupied at different times for different purposes shall comply with all applicable requirements associated with such potential multipurpose. Structures containing multiple occupancy groups shall comply with Section 508. Where a structure is proposed for a purpose that is not specified in this section, such structure shall be classified in the occupancy it most nearly resembles based on the fire safety and relative hazard. Occupied roofs shall be classified in the group that the occupancy most nearly resembles, according to the fire safety and relative hazard, and shall comply with Section 503.1.4 . Assembly (see Section 303): Groups A-1, A-2, A-3, A-4 and A-5. Business (see Section 304): Group B. Educational (see Section 305): Group E. Factory and Industrial (see Section 306): Groups F-1 and F-2. High Hazard (see Section 307): Groups H-1, H-2, H-3, H-4 and H-5. Institutional (see Section 308): Groups I-1, I-2, I-3 and I-4. Mercantile (see Section 309): Group M. Residential (see Section 310): Groups R-1, R-2, R-3 and R-4. Storage (see Section 311): Groups S-1 and S-2. Utility and Miscellaneous (see Section 312): Group U."
302.2,Section 302 Occupancy Classification and Use Designation,Use Designation,BuildingElementProxy,Assembly (A)|Business (B)|Educational (E)|Factory and Industrial (F)|High Hazard (H),concept|sd|dd,occupancy_classification,architect,"Occupancy groups contain subordinate uses having similar hazards and risks to building occupants. Uses include, but are not limited to, those functional designations specified within the occupancy group descriptions in Section 302.1. Certain uses require specific limitations and controls in accordance with the provisions of Chapter 4 and elsewhere in this code."
303.1,Section 303 Assembly Group A,Assembly Group A,Wall|Door|Stair|Slab,Assembly (A),concept|sd|dd|cd,occupancy_classification,architect,"Assembly Group A occupancy includes, among others, the use of a building or structure, or a portion thereof, for the gathering of persons for purposes such as civic, social or religious functions; recreation, food or drink consumption or awaiting transportation."
303.1.1,Section 303 Assembly Group A,Small Buildings and Tenant Spaces,Wall|Door|Slab,Assembly (A)|Business (B),sd|dd|cd,occupancy_classification,architect,A building or tenant space used for assembly purposes with an occupant load of less than 50 persons shall be classified as a Group B occupancy.
303.1.2,Section 303 Assembly Group A,Small Assembly Spaces,Wall|Door|Slab,Assembly (A)|Business (B),sd|dd|cd,occupancy_classification,architect,The following rooms and spaces shall not be classified as Assembly occupancies:A room or space used for assembly purposes with an occupant load of less than 50 persons and accessory to another occupancy shall be classified as a Group B occupancy or as part of that occupancy.A room or space used for assembly purposes that is less than 750 square feet (70 m2) in area and accessory to another occupancy shall be classified as a Group B occupancy or as part of that occupancy.
303.1.3,Section 303 Assembly Group A,Associated With Group E Occupancies,Wall|Door|Slab,Educational (E)|Assembly (A),concept|sd|dd|cd,occupancy_classification,architect,A room or space used for assembly purposes that is associated with a Group E occupancy is not considered a separate occupancy.
303.1.4,Section 303 Assembly Group A,Accessory to Places of Religious Worship,Wall|Door|Slab,Assembly (A)|Educational (E),sd|dd|cd,occupancy_classification,architect,Accessory religious educational rooms and religious auditoriums with occupant loads of less than 100 per room or space are not considered separate occupancies.
303.1.5,Section 303 Assembly Group A,Special Amusement Areas,Wall|Door|Window|Slab,Assembly (A),sd|dd|cd,occupancy_classification,architect,Special amusement areas shall comply with Section 411.
303.2,Section 303 Assembly Group A,Assembly Group A-1,Wall|Door|Slab|Stair|Roof,Assembly (A),concept|sd|dd|cd,occupancy_classification,architect,"Group A-1 occupancy includes assembly uses, usually with fixed seating, intended for the production and viewing of the performing arts or motion pictures including, but not limited to:Motion picture theatersSymphony and concert hallsTelevision and radio studios admitting an audienceTheaters"
303.3,Section 303 Assembly Group A,Assembly Group A-2,Wall|Door|Slab|Window|BuildingElementProxy,Assembly (A),concept|sd|dd|cd,occupancy_classification,architect,"Group A-2 occupancy includes assembly uses intended for food and/or drink consumption including, but not limited to:Banquet hallsCasinos (gaming areas)NightclubsRestaurants, cafeterias and similar dining facilities (including associated commercial food service establishments)Taverns and bars"
303.4,Section 303 Assembly Group A,Assembly Group A-3,Wall|Slab|Door|Window,Assembly (A),concept|sd|dd|cd,occupancy_classification,architect,"Group A-3 occupancy includes assembly uses intended for worship, recreation or amusement and other assembly uses not classified elsewhere in Group A including, but not limited to:Amusement arcadesArt galleriesBowling alleysCommunity hallsCourtroomsDance halls (not including food or drink consumption)Exhibition hallsFuneral parlorsGreenhouses for the conservation and exhibition of plants that provide public accessGymnasiums (without spectator seating)Indoor swimming pools (without spectator seating)Indoor tennis courts (without spectator seating)Lecture hallsLibrariesMuseumsPlaces of religious worshipPool and billiard parlorsWaiting areas in transportation terminals"
303.5,Section 303 Assembly Group A,Assembly Group A-4,Slab|Railing|Stair|Door|Wall,Assembly (A),concept|sd|dd|cd,occupancy_classification,architect,"Group A-4 occupancy includes assembly uses intended for viewing of indoor sporting events and activities with spectator seating including, but not limited to:ArenasSkating rinksSwimming poolsTennis courts"
303.6,Section 303 Assembly Group A,Assembly Group A-5,Slab|Stair|Railing|Roof|Beam,Assembly (A),concept|sd|dd|cd,occupancy_classification,architect,"Group A-5 occupancy includes assembly uses intended for participation in or viewing outdoor activities including, but not limited to:Amusement park structuresBleachersGrandstandsStadiums"
304.1,Section 304 Business Group B,Business Group B,Wall|Slab|Door,Business (B),concept|sd|dd|cd,occupancy_classification,architect,"Business Group B occupancy includes, among others, the use of a building or structure, or a portion thereof, for office, professional or service-type transactions, including storage of records and accounts. Business occupancies shall include, but not be limited to, the following:Airport traffic control towers Ambulatory care facilities Animal hospitals, kennels and poundsBanksBarber and beauty shopsCar washCivic administration Clinic, outpatient Dry cleaning and laundries: pick-up and delivery stations and self-serviceEducational occupancies for students above the 12th grade including higher education laboratoriesElectronic data processingFood processing establishments and commercial food service establishments not associated with restaurants, cafeterias and similar dining facilities not more than 2,500 square feet (232 m2) in areaLaboratories: testing and researchMotor vehicle showroomsPost officesPrint shopsProfessional services (architects, attorneys, dentists, physicians, engineers, etc.)Radio and television stationsTelephone exchangesTraining and skill development not in a school or academic program (this shall include, but not be limited to, tutoring centers, martial arts studios, gymnastics and similar uses regardless of the ages served, and where not classified as a Group A occupancy)"
304.2,Section 304 Business Group B,Airport Traffic Control Towers,BuildingElementProxy|Slab|Stair|Wall|Window,Business (B),sd|dd|cd,occupancy_classification,architect,Airport traffic control towers shall comply with Section 412.2.
304.3,Section 304 Business Group B,Ambulatory Care Facilities,BuildingElementProxy,Business (B),concept|sd|dd|cd,occupancy_classification,architect,Ambulatory care facilities shall comply with Section 422.
304.4,Section 304 Business Group B,Higher Education Laboratories,Wall|Door|Window|Slab,Educational (E),sd|dd|cd,occupancy_classification,architect,Higher education laboratories shall comply with Section 428.
305.1,Section 305 Educational Group E,Educational Group E,Wall|Door|Slab,Educational (E),concept|sd|dd|cd,occupancy_classification,architect,"Educational Group E occupancy includes, among others, the use of a building or structure, or a portion thereof, by six or more persons at any one time for educational purposes through the 12th grade."
305.1.1,Section 305 Educational Group E,Accessory to Places of Religious Worship,Wall|Door|Slab,Assembly (A)|Educational (E),sd|dd|cd,occupancy_classification,architect,"Religious educational rooms and religious auditoriums, which are accessory to places of religious worship in accordance with Section 303.1.4 and have occupant loads of less than 100 per room or space, are to be classified as Group A-3 occupancies."
305.2,Section 305 Educational Group E,"Group E, Day Care Facilities — More Than 2 1/2 Years Of Age",Wall|Door|Window,Educational (E),concept|sd|dd|cd,occupancy_classification,architect,"Except for a Type A or Type B Family Daycare facilities, this group includes buildings and structures or portions thereof occupied by more than five children older than 21/2 years of age who receive educational, supervision or personal care services for fewer than 24 hours per day."
305.2.1,Section 305 Educational Group E,Within Places of Religious Worship,Wall|Door|Slab,Assembly (A)|Educational (E),concept|sd|dd|cd,occupancy_classification,architect,Rooms and spaces within places of religious worship providing such day care during religious functions are to be classified as part of the primary occupancy.
305.2.2,Section 305 Educational Group E,Five or Fewer Children,BuildingElementProxy,Educational (E)|Residential (R),concept|sd|dd|cd,occupancy_classification,architect,"Except for a Type A or Type B Family Daycare facilities, a facility having five or fewer children receiving such day care are to be classified as part of the primary occupancy."
305.2.3,Section 305 Educational Group E,Five or Fewer Children in a Dwelling Unit,Wall|Door|Window,Residential (R),sd|dd|cd,occupancy_classification,architect,"Except for a Type A or Type B Family Daycare facilities, a facility such as the above within a dwelling unit and having five or fewer children receiving such day care are to be classified as a Group R-3. The facility may comply with the construction requirements of the ""Residential Code of Ohio for One-, Two-, or Three- Family Dwellings."""
new_305.3,Section 305 Educational Group E,"Group E, day care facilities - 2 1/2 years or less of age",Door|Slab|Wall,Educational (E)|Institutional (I),sd|dd|cd,means_of_egress,architect,"A day care facility that provides care for more than five but no more than 100 children 2 1/2 years or less of age and the day care facilities are at the level of exit discharge, and where every room where care is provided has no fewer than one exterior exit door for which the exit access and exit discharge do not require the traversing of stairs."
new_305.4,Section 305 Educational Group E,Storm Shelters in Group E Occupancies,Wall|Slab|Door|Roof,Educational (E),sd|dd|cd,special_construction,architect,"When provided, storm shelters for Group E occupancies are to comply with ICC 500."
306.1,Section 306 Factory Group F,Factory Industrial Group F,BuildingElementProxy|Slab|Wall,Factory and Industrial (F),concept|sd|dd|cd,occupancy_classification,architect,"Factory Industrial Group F occupancy includes, among others, the use of a building or structure, or a portion thereof, for assembling, disassembling, fabricating, finishing, manufacturing, packaging, repair or processing operations that are not classified as a Group H hazardous or Group S storage occupancy."
306.2,Section 306 Factory Group F,"Moderate-Hazard Factory Industrial, Group F-1",Wall|Slab|Roof,Factory and Industrial (F),concept|sd|dd,occupancy_classification,architect,"Factory industrial uses that are not classified as Factory Industrial F-2 Low Hazard shall be classified as F-1 Moderate Hazard and shall include, but not be limited to, the following: Aircraft (manufacturing, not to include repair) Appliances Athletic equipment Automobiles and other motor vehicles Bakeries Beverages: over 16-percent alcohol content Bicycles Boats Brooms or brushes Business machines Cameras and photo equipment Canvas or similar fabric Carpets and rugs (includes cleaning) Clothing Construction and agricultural machinery Disinfectants Dry cleaning and dyeing Electric generation plants Electronics Energy storage systems (ESS) in dedicated use buildings Engines (including rebuilding) Food processing establishments and commercial food service establishment not associated with restaurants, cafeterias and similar dining facilities more than 2,500 square feet (232 m2) in area Furniture Hemp products Jute products Laundries Leather products Machinery Metals Millwork (sash and door) Motion pictures and television filming (without spectators) Musical instruments Optical goods Paper mills or products Photographic film Plastic products Printing or publishing Recreational vehicles Refuse incineration Shoes Soaps and detergents Textiles Tobacco Trailers Upholstering Water/sewer treatment facilities Wood; distillation Woodworking (cabinet)"
306.2.1,Section 306 Factory Group F,Aircraft Manufacturing Facilities,BuildingElementProxy|Slab|Wall,Factory and Industrial (F),sd|dd|cd,occupancy_classification,architect,Aircraft manufacturing facilities shall comply with Section 412.6.
306.3,Section 306 Factory Group F,"Low-Hazard Factory Industrial, Group F-2",Wall|Slab|Column|Roof|Door,Factory and Industrial (F),concept|sd|dd|cd,occupancy_classification,architect,"Factory industrial uses that involve the fabrication or manufacturing of noncombustible materials that during finishing, packing or processing do not involve a significant fire hazard shall be classified as F-2 occupancies and shall include, but not be limited to, the following:Beverages: up to and including 16-percent alcohol contentBrick and masonryCeramic productsFoundriesGlass productsGypsumIceMetal products (fabrication and assembly)"
307.1,Section 307 High-Hazard Group H,High-Hazard Group H,Wall|Slab|Roof,High Hazard (H),sd|dd|cd,occupancy_classification,architect,"High-hazard Group H occupancy includes, among others, the use of a building or structure, or a portion thereof, that involves the manufacturing, processing, generation or storage of materials that constitute a physical or health hazard in quantities in excess of those allowed in control areas complying with Section 414, based on the maximum allowable quantity limits for control areas set forth in Tables 307.1(1) and 307.1(2). Hazardous occupancies are classified in Groups H-1, H-2, H-3, H-4 and H-5 and shall be in accordance with this section, the requirements of Section 415 and the International Fire Code. Hazardous materials stored, or used on top of roofs or canopies, shall be classified as outdoor storage or use and shall comply with the International Fire Code. TABLE 307.1(1) MAXIMUM ALLOWABLE QUANTITY PER CONTROL AREA OF HAZARDOUS MATERIALS POSING A PHYSICAL HAZARDa, j, m, n, p MATERIAL CLASS GROUP WHEN THE MAXIMUM ALLOWABLE QUANTITY IS EXCEEDED STORAGEb USE-CLOSED SYSTEMSb USE-OPEN SYSTEMSb Solid pounds(cubic feet) Liquid gallons (pounds) Gas (cubic feet at NTP) Solid pounds(cubic feet) Liquid gallons (pounds) Gas(cubic feet at NTP) Solid pounds(cubic feet) Liquid gallons (pounds) Combustible dust NA H-2 See Note q NA NA See Note q NA NA See Note q NA Combustible fiberq Loose H-3 (100) NA NA (100) NA NA (20) NA Baledo (1,000) (1,000) (200) Combustible liquidc, i II H-2 or H-3 NA 120d, e NA NA 120d NA NA 30d IIIA H-2 or H-3 330d, e 330d 80d IIIB NA 13,200e, f 13,200f 3,300f Cryogenic flammable NA H-2 NA 45d NA NA 45d NA NA 10d Cryogenic inert NA NA NA NA NL NA NA NL NA NA Cryogenic oxidizing NA H-3 NA 45d NA NA 45d NA NA 10d Explosives Division 1.1 H-1 1e, g (1)e, g NA 0.25g (0.25)g NA 0.25g (0.25)g Division 1.2 H-1 1e, g (1)e, g 0.25g (0.25)g 0.25g (0.25)g Division 1.3 H-1 or H-2 5e, g (5)e, g 1g (1)g 1g (1)g Division 1.4 H-3 50e, g (50)e, g 50g (50)g NA NA Division 1.4G H-3s 0e, l, r NA NA NA NA NA Division 1.5 H-1 1e, g (1)e, g 0.25g (0.25)g 0.25g (0.25)g Division 1.6 H-1 1e, g NA NA NA NA NA Flammable gas Gaseous H-2 NA NA 1,000d,e NA NA 1,000d,e NA NA Liquefied (150)d,e NA (150)d,e NA Flammable liquidc IA H-2 or H-3 NA 30d, e NA NA 30d NA NA 10d IB and IC 120d, e 120d 30d Flammable liquid, combination (IA, IB, IC) NA H-2 or H-3 NA 120d, e, h NA NA 120d, h NA NA 30d, h Flammable solid NA H-3 125d, e NA NA 125d NA NA 25d NA Inert gas Gaseous NA NA NA NL NA NA NL NA NA Liquefied NA NA NA NL NA NA NL NA NA Organic peroxide UD H-1 1e, g (1)e, g NA 0.25g (0.25)g NA 0.25g (0.25)g I H-2 5d, e (5)d, e 1d (1)d 1d (1)d II H-3 50d, e (50)d, e 50d (50)d 10d (10)d III H-3 125d, e (125)d, e 125d (125)d 25d (25)d IV NA NL NL NL NL NL NL V NA NL NL NL NL NL NL Oxidizer 4 H-1 1g (1)e, g NA 0.25g (0.25)g NA 0.25g (0.25)g 3k H-2 or H-3 10d, e (10)d, e 2d (2)d 2d (2)d 2 H-3 250d, e (250)d, e 250d (250)d 50d (50)d 1 NA 4,000e, f (4,000)e, f 4,000f (4,000)f 1,000f (1,000)f Oxidizing gas Gaseous H-3 NA NA 1,500d,e NA NA 1,500d,e NA NA Liquefied (150)d, e NA (150)d,e NA Pyrophoric NA H-2 4e, g (4)e, g 50e, g 1g (1)g 10e, g 0 0 Unstable (reactive) 4 H-1 1e, g (1)e, g 10e, g 0.25g (0.25)g 2e, g 0.25g (0.25)g 3 H-1 or H-2 5d, e (5)d, e 50d, e 1d (1)d 10d, e 1d (1)d 2 H-3 50d, e (50)d, e 750d, e 50d (50)d 750d, e 10d (10)d 1 NA NL NL NL NL NL NL NL NL Water reactive 3 H-2 5d, e (5)d, e NA 5d (5)d NA 1d (1)d 2 H-3 50d, e (50)d, e 50d (50)d 10d (10)d 1 NA NL NL NL NL NL NL For SI: 1 cubic foot = 0.028 m3, 1 pound = 0.454 kg, 1 gallon = 3.785 L. NL = Not Limited; NA = Not Applicable; UD = Unclassified Detonable. For use of control areas, see Section 414.2. The aggregate quantity in use and storage shall not exceed the quantity specified for storage. The quantities of alcoholic beverages in retail and wholesale sales occupancies shall not be limited provided the liquids are packaged in individual containers not exceeding 1.3 gallons. In retail and wholesale sales occupancies, the quantities of medicines, foodstuffs or consumer products, and cosmetics containing not more than 50 percent by volume of water-miscible liquids with the remainder of the solutions not being flammable, shall not be limited, provided that such materials are packaged in individual containers not exceeding 1.3 gallons. Maximum allowable quantities shall be increased 100 percent in buildings equipped throughout with an automatic sprinkler system in accordance with Section 903.3.1.1. Where Note e also applies, the increase for both notes shall be applied accumulatively. Maximum allowable quantities shall be increased 100 percent when stored in approved storage cabinets, day boxes, gas cabinets, gas rooms or exhausted enclosures or in listed safety cans in accordance with Section 5003.9.10 of the International Fire Code. Where Note d also applies, the increase for both notes shall be applied accumulatively. Quantities shall not be limited in a building equipped throughout with an automatic sprinkler system in accordance with Section 903.3.1.1. Allowed only in buildings equipped throughout with an automatic sprinkler system in accordance with Section 903.3.1.1. Containing not more than the maximum allowable quantity per control area of Class IA, IB or IC flammable liquids. The maximum allowable quantity does not apply to fuel oil or diesel oil storage complying with Chapter 13 or Section 915 of the mechanical code. Quantities in parentheses indicate quantity units in parentheses at the head of each column. A maximum quantity of 220 pounds of solid or 22 gallons of liquid Class 3 oxidizers is allowed when such materials are necessary for maintenance purposes, operation or sanitation of equipment when the storage containers and the manner of storage are approved. Deleted. For gallons of liquids, divide the amount in pounds by 10 in accordance with Section 5003.1.2 of the International Fire Code. For storage and display quantities in Group M and storage quantities in Group S occupancies complying with Section 414.2.5, see Tables 414.2.5(1) and 414.2.5(2). Densely packed baled cotton that complies with the packing requirements of ISO 8115 shall not be included in this material class. The following shall not be included in determining the maximum allowable quantities: Liquid or gaseous fuel in fuel tanks on vehicles. Liquid or gaseous fuel in fuel tanks on motorized equipment operated in accordance with the International Fire Code. Gaseous fuels in piping systems and fixed appliances regulated by the International Fuel Gas Code. Liquid fuels in piping systems and fixed appliances regulated by the International Mechanical Code. Alcohol-based hand rubs classified as Class I or II liquids in dispensers that are installed in accordance with Sections 5705.5 and 5705.5.1 of the International Fire Code. The location of the alcohol-based hand rub (ABHR) dispensers shall be provided in the construction documents. Where manufactured, generated or used in such a manner that the concentration and conditions create a fire or explosion hazard based on information prepared in accordance with Section 414.1.3. See the ""Consumer fireworks"" row in the Ohio Fire Code Table 5003.1.1(1). See the ""Consumer fireworks"" row in the Ohio Fire Code Table 5003.1.1(1) for requirements relating to fountain devices. TABLE 307.1(2) [F] TABLE 307.1(2) MAXIMUM ALLOWABLE QUANTITY PER CONTROL AREA OF HAZARDOUS MATERIALS POSING A HEALTH HAZARDa, c, f, h, i MATERIAL STORAGEb USE-CLOSED SYSTEMSb USE-OPEN SYSTEMSb Solid poundsd, e Liquid gallons (pounds)d, e Gas cubic feet at NTP (pounds)d Solid poundsd Liquid gallons (pounds)d Gas cubic feet at NTP (pounds)d Solid poundsd Liquid gallons (pounds)d Corrosives 5,000 500 Gaseous 810e 5,000 500 Gaseous 810e 1,000 100 Liquefied (150) Liquefied (150) Highly Toxic 10 (10) Gaseous 20g 10 (10) Gaseous 20g 3 (3) Liquefied (4)g Liquefied (4)g Toxic 500 (500) Gaseous 810e 500 (500) Gaseous 810e 125 (125) Liquefied (150)e Liquefied (150)e For SI: 1 cubic foot = 0.028 m3, 1 pound = 0.454 kg, 1 gallon = 3.785 L. For use of control areas, see Section 414.2. The aggregate quantity in use and storage shall not exceed the quantity specified for storage. In retail and wholesale sales occupancies, the quantities of medicines, foodstuffs or consumer products, and cosmetics containing not more than 50 percent by volume of water-miscible liquids and with the remainder of the solutions not being flammable, shall not be limited, provided that such materials are packaged in individual containers not exceeding 1.3 gallons. Maximum allowable quantities shall be increased 100 percent in buildings equipped throughout with an approved automatic sprinkler system in accordance with Section 903.3.1.1. Where Note e also applies, the increase for both notes shall be applied accumulatively. Maximum allowable quantities shall be increased 100 percent where stored in approved storage cabinets, gas cabinets or exhausted enclosures as specified in the International Fire Code. Where Note d also applies, the increase for both notes shall be applied accumulatively. For storage and display quantities in Group M and storage quantities in Group S occupancies complying with Section 414.2.5, see Tables 414.2.5(1) and 414.2.5(2). Allowed only where stored in approved exhausted gas cabinets or exhausted enclosures as specified in the International Fire Code. Quantities in parentheses indicate quantity units in parentheses at the head of each column. For gallons of liquids, divide the amount in pounds by 10 in accordance with Section 5003.1.2 of the International Fire Code."
307.1.1,Section 307 High-Hazard Group H,Uses Other Than Group H,BuildingElementProxy|Wall|Slab,Business (B)|Factory and Industrial (F)|Mercantile (M)|Residential (R)|Storage (S),sd|dd|cd,occupancy_classification,architect,"An occupancy that stores, uses or handles hazardous materials as described in one or more of the following items shall not be classified as Group H, but shall be classified as the occupancy that it most nearly resembles. Buildings and structures occupied for the application of flammable finishes, provided that such buildings or areas conform to the requirements of Section 416 and the International Fire Code. Wholesale and retail sales and storage of flammable and combustible liquids in mercantile occupancies conforming to the International Fire Code. Closed piping system containing flammable or combustible liquids or gases utilized for the operation of machinery, building service equipment, or process equipment. Cleaning establishments that utilize combustible liquid solvents having a flash point of 140°F (60°C) or higher in closed systems employing equipment listed by an approved testing agency, provided that this occupancy is separated from all other areas of the building by 1-hour fire barriers constructed in accordance with Section 707 or 1-hour horizontal assemblies constructed in accordance with Section 711, or both. Cleaning establishments that utilize a liquid solvent having a flash point at or above 200°F (93°C). Liquor stores and distributors without bulk storage. Refrigeration systems. The storage or utilization of materials for agricultural purposes on the premises. Stationary storage battery systems installed in accordance with the International Fire Code. Corrosive personal or household products in their original packaging used in retail display. Commonly used corrosive building materials. Buildings and structures occupied for aerosol product storage, aerosol cooking spray products or plastic aerosol 3 products shall be classified as Group S-1, provided that such buildings conform to the requirements of the International Fire Code. Display and storage of nonflammable solid and nonflammable or noncombustible liquid hazardous materials in quantities not exceeding the maximum allowable quantity per control area in Group M or S occupancies complying with Section 414.2.5. The storage of black powder, smokeless propellant and small arms primers in Groups M and R-3 and special industrial explosive devices in Groups B, F, M and S, provided such storage conforms to the quantity limits and requirements prescribed in the International Fire Code. Stationary fuel cell power systems installed in accordance with the International Fire Code. Capacitor energy storage systems in accordance with the International Fire Code. Group B higher education laboratory occupancies complying with Section 428 and Chapter 38 of the International Fire Code. Distilling or brewing of beverages conforming to the requirements of the International Fire Code. The storage of beer, distilled spirits and wines in barrels and casks conforming to the requirements of the International Fire Code."
307.2,Section 307 High-Hazard Group H,Hazardous Materials,BuildingElementProxy,High Hazard (H),sd|dd|cd,hazardous_materials,architect,"Hazardous materials in any quantity shall conform to the requirements of this code, including Section 414 , and the International Fire Code."
307.3,Section 307 High-Hazard Group H,High-Hazard Group H-1,Wall|Door|Slab,High Hazard (H),concept|sd|dd|cd,occupancy_classification,architect,"Buildings and structures containing materials that pose a detonation hazard shall be classified as Group H-1. Such materials shall include, but not be limited to, the following: Detonable pyrophoric materials Explosives: Division 1.1 Division 1.2 Division 1.3 Division 1.4 Division 1.5 Division 1.6 Organic peroxides, unclassified detonable Oxidizers, Class 4 Unstable (reactive) materials, Class 3 detonable and Class 4"
307.3.1,Section 307 High-Hazard Group H,Occupancies Containing Explosives Not Classified as H-1,Wall|Door|Slab,High Hazard (H),sd|dd|cd,occupancy_classification,architect,"The following occupancies containing explosive materials shall be classified as follows:Division 1.3 explosive materials that are used and maintained in a form where either confinement or configuration will not elevate the hazard from a mass fire to mass explosion hazard shall be allowed in H-2 occupancies.Articles, including articles packaged for shipment, that are not regulated as a Division 1.4 explosive under Bureau of Alcohol, Tobacco, Firearms and Explosives regulations, or unpackaged articles used in process operations that do not propagate a detonation or deflagration between articles shall be allowed in H-3 occupancies."
307.4,Section 307 High-Hazard Group H,High-Hazard Group H-2,Wall|Slab|Door,High Hazard (H),concept|sd|dd|cd,occupancy_classification,architect,"Buildings and structures containing materials that pose a deflagration hazard or a hazard from accelerated burning shall be classified as Group H-2. Such materials shall include, but not be limited to, the following:Class I, II or IIIA flammable or combustible liquids that are used or stored in normally open containers or systems, or in closed containers or systems pressurized at more than 15 pounds per square inch gauge (103.4 kPa).Combustible dusts where manufactured, generated or used in such a manner that the concentration and conditions create a fire or explosion hazard based on information prepared in accordance with Section 414.1.3.Cryogenic fluids, flammable.Flammable gases.Organic peroxides, Class I.Oxidizers, Class 3, that are used or stored in normally open containers or systems, or in closed containers or systems pressurized at more than 15 pounds per square inch gauge (103 kPa). Pyrophoric liquids, solids and gases, nondetonable.Unstable (reactive) materials, Class 3, nondetonable.Water-reactive materials, Class 3."
307.5,Section 307 High-Hazard Group H,High-Hazard Group H-3,Wall|Door|Slab,High Hazard (H),sd|dd|cd,occupancy_classification,architect,"Buildings and structures containing materials that readily support combustion or that pose a physical hazard shall be classified as Group H-3. Such materials shall include, but not be limited to, the following:Class I, II or IIIA flammable or combustible liquids that are used or stored in normally closed containers or systems pressurized at 15 pounds per square inch gauge (103.4 kPa) or less Combustible fibers, other than densely packed baled cotton, where manufactured, generated or used in such a manner that the concentration and conditions create a fire or explosion hazard based on information prepared in accordance with Section 414.1.3Consumer fireworks, 1.4G (Class C, Common)Cryogenic fluids, oxidizingFlammable solidsOrganic peroxides, Class II and IIIOxidizers, Class 2Oxidizers, Class 3, that are used or stored in normally closed containers or systems pressurized at 15 pounds per square inch gauge (103 kPa) or lessOxidizing gasesUnstable (reactive) materials, Class 2Water-reactive materials, Class 2"
307.6,Section 307 High-Hazard Group H,High-Hazard Group H-4,Wall|Door|Slab,High Hazard (H),concept|sd|dd|cd,occupancy_classification,architect,"Buildings and structures containing materials that are health hazards shall be classified as Group H-4. Such materials shall include, but not be limited to, the following:CorrosivesHighly toxic materialsToxic materials"
307.7,Section 307 High-Hazard Group H,High-Hazard Group H-5,Wall|Door|Slab,High Hazard (H),concept|sd|dd|cd,occupancy_classification,architect,Semiconductor fabrication facilities and comparable research and development areas in which hazardous production materials (HPM) are used and the aggregate quantity of materials is in excess of those specified in Table 307.1(1) and [F] Table 307.1(2) shall be classified as Group H-5. Such facilities and areas shall be designed and constructed in accordance with Section 415.11.
307.8,Section 307 High-Hazard Group H,Multiple Hazards,Wall|Door|Slab,High Hazard (H),sd|dd|cd,hazardous_materials,architect,"Buildings and structures containing a material or materials representing hazards that are classified in one or more of Groups H-1, H-2, H-3 and H-4 shall conform to the code requirements for each of the occupancies so classified."
308.1,Section 308 Institutional Group I,Institutional Group I,Wall|Door|Slab,Institutional (I),concept|sd|dd|cd,occupancy_classification,architect,"Institutional Group I occupancy includes, among others, the use of a building or structure, or a portion thereof, in which care (personal, custodial, or medical) or supervision is provided to persons who are or are not incapable of self-preservation without physical assistance or in which persons are detained for penal or correctional purposes or in which the liberty of the occupants is restricted. Institutional occupancies are classified as Group I-1, I-2, I-3 or I-4. Exception: Ambulatory care facilities and outpatient clinics are classified as Group B."
308.2,Section 308 Institutional Group I,Institutional Group I-1,Wall|Door|Window,Institutional (I),sd|dd|cd,occupancy_classification,architect,"Except as provided in Sections 308.3.2 and 308.3.3, Institutional Group I-1 occupancy includes buildings, structures or portions thereof for more than 16 persons, excluding staff, who reside in a supervised environment and receive care and are capable of self-preservation. This group includes, but not be limited to, the following: Alcohol and drug centers Assisted living facilities Congregate care facilities Group homes Halfway houses Residential board and care facilities Social rehabilitation facilities"
new_308.2.1,Section 308 Institutional Group I,Occupancy Conditions,BuildingElementProxy,Institutional (I),concept|sd|dd|cd,occupancy_classification,architect,Buildings of Group I-1 are classified as one of the occupancy conditions specified in Section 308.2.1.1 or 308.2.1.2.
new_308.2.1.1,Section 308 Institutional Group I,Condition 1,Door|Stair|Ramp|RampFlight|BuildingElementProxy,Institutional (I),concept|sd|dd|cd,occupancy_classification,architect,"This occupancy condition includes buildings in which all persons receiving care who, without any assistance, are capable of responding to an emergency situation to complete building evacuation."
new_308.2.1.2,Section 308 Institutional Group I,Condition 2,Door|Ramp|Stair|StairFlight|Wall,Institutional (I),sd|dd|cd,occupancy_classification,architect,This occupancy condition includes buildings in which there are any persons receiving care who require limited verbal or physical assistance while responding to an emergency situation to complete building evacuation.
new_308.2.2,Section 308 Institutional Group I,Six to 16 Persons Receiving Care,BuildingElementProxy,Residential (R),concept|sd|dd|cd,occupancy_classification,architect,A care facility housing not fewer than six and not more than 16 persons receiving care are classified as Group R-4.
new_308.2.3,Section 308 Institutional Group I,Five or Fewer Persons Receiving Care,BuildingElementProxy|Door|Window,Residential (R),sd|dd|cd,occupancy_classification,architect,A care facility with five or fewer persons receiving care are classified as Group R as provided in Section 310.
308.3,Section 308 Institutional Group I,Institutional Group I-2,Wall|Door|Slab,Institutional (I),concept|sd|dd|cd,occupancy_classification,architect,"Except as provided in Section 308.4.2, Institutional Group I-2 occupancy includes buildings and structures used for care for more than five persons who are incapable of self-preservation for more than 24 hours. This group includes, but not be limited to, the following: Foster care facilities Detoxification facilities Hospitals Nursing homes Psychiatric hospitals"
308.3.1,Section 308 Institutional Group I,Occupancy Conditions,Wall|Door|Slab,Institutional (I),sd|dd|cd,occupancy_classification,architect,Buildings of Group I-2 are classified as one of the occupancy conditions specified in Section 308.3.1.1 or 308.3.1.2.
308.3.1.1,Section 308 Institutional Group I,Condition 1,Wall|Door|Window,Institutional (I),sd|dd|cd,occupancy_classification,architect,"This occupancy condition includes facilities that provide nursing and medical care but do not provide emergency care, surgery, obstetrics or in-patient stabilization units for psychiatric or detoxification, including but not limited to nursing homes and foster care facilities."
308.3.1.2,Section 308 Institutional Group I,Condition 2,Wall|Door|Slab,Institutional (I),sd|dd|cd,occupancy_classification,architect,"This occupancy condition includes facilities that provide nursing and medical care and could provide emergency care, surgery, obstetrics or in-patient stabilization units for psychiatric or detoxification, including but not limited to hospitals."
308.3.2,Section 308 Institutional Group I,Five or Fewer Persons Receiving Medical Care,Wall|Door|Slab,Residential (R)|Institutional (I),sd|dd|cd,occupancy_classification,architect,A care facility with five or fewer persons incapable of self-preservation receiving care is classified as Group R as provided in Section 310.
308.4,Section 308 Institutional Group I,Institutional Group I-3,Wall|Door|Window|Slab,Institutional (I),concept|sd|dd|cd,occupancy_classification,architect,"Except as provided in Section 308.5.2, Institutional Group I-3 occupancy includes buildings and structures that are inhabited by more than five persons who are under restraint or security. A Group I-3 facility is occupied by persons who are generally incapable of self-preservation due to security measures not under the occupants' control. This group includes, but not be limited to, the following: Correctional centers Detention centers Jails Prerelease centers Prisons Reformatories"
new_308.4.1,Section 308 Institutional Group I,Occupancy Conditions,Wall|Door|Slab,Institutional (I),sd|dd|cd,occupancy_classification,architect,Buildings of Group I-3 are classified as one of the occupancy conditions specified in Sections 308.4.1.1 through 308.4.1.5.
new_308.4.1.1,Section 308 Institutional Group I,Condition 1,Door|Wall|Stair|Ramp|Slab,Residential (R),sd|dd|cd,occupancy_classification,architect,"This occupancy condition includes buildings in which free movement is allowed from sleeping areas, and other spaces where access or occupancy is permitted, to the exterior via means of egress without restraint. A Condition 1 facility is permitted to be constructed as Group R."
new_308.4.1.2,Section 308 Institutional Group I,Condition 2,Door|Wall|Stair|Ramp|Window,Institutional (I),sd|dd|cd,means_of_egress,architect,This occupancy condition includes buildings in which free movement is allowed from sleeping areas and any other occupied smoke compartment to one or more other smoke compartments. Egress to the exterior is impeded by locked exits.
new_308.4.1.3,Section 308 Institutional Group I,Condition 3,Door|Wall|BuildingElementProxy,Residential (R)|Institutional (I),sd|dd|cd,means_of_egress,architect,"This occupancy condition includes buildings in which free movement is allowed within individual smoke compartments, such as within a residential unit composed of individual sleeping units and group activity spaces, where egress is impeded by remote-controlled release of means of egress from such a smoke compartment to another smoke compartment."
new_308.4.1.4,Section 308 Institutional Group I,Condition 4,Door|Wall|BuildingElementProxy,Institutional (I),sd|dd|cd,means_of_egress,architect,"This occupancy condition includes buildings in which free movement is restricted from an occupied space. Remote-controlled release is provided to permit movement from sleeping units, activity spaces and other occupied areas within the smoke compartment to other smoke compartments."
new_308.4.1.5,Section 308 Institutional Group I,Condition 5,Door|Wall|BuildingElementProxy,Institutional (I),sd|dd|cd,means_of_egress,architect,"This occupancy condition includes buildings in which free movement is restricted from an occupied space. Staff-controlled manual release is provided to permit movement from sleeping units, activity spaces and other occupied areas within the smoke compartment to other smoke compartments."
new_308.4.2,Section 308 Institutional Group I,Five or Fewer Persons Secured or Restrained,Wall|Door|Window,Institutional (I),sd|dd|cd,occupancy_classification,architect,Buildings containing five or fewer persons who are being secured or restrained are included in the primary occupancy classification.
308.5,Section 308 Institutional Group I,"Institutional Group I-4, Day Care Facilities",Wall|Door|Slab,Institutional (I),concept|sd|dd|cd,occupancy_classification,architect,"Except for Type A or Type B Family Daycare facilities and except as provided in Sections 308.5.1 through 308.5.4, Institutional Group I-4 occupancy includes buildings and structures occupied by more than five persons of any age who are capable of self-preservation with limited physical assistance or incapable of self-preservation, who receive custodial care for fewer than 24 hours per day by persons other than parents or guardians; relatives by blood, marriage or adoption; and in a place other than the home of the person cared for. This group includes, but not be limited to, the following: Adult day care Child day care"
308.5.1,Section 308 Institutional Group I,Classification as Group E,Door|Slab|Wall,Educational (E),sd|dd|cd,occupancy_classification,architect,"A care facility that provides care for more than five but not more than 100 children 21/2 years or less of age, and the day care facilities are at the level of exit discharge and where every room where care is provided has no fewer than one exterior exit door for which the exit access and exit discharge do not require the traversing of stairs, is classified as Group E."
308.5.2,Section 308 Institutional Group I,Within a Place of Religious Worship,Wall|Door|Slab,Assembly (A),sd|dd|cd,occupancy_classification,architect,Rooms and spaces within places of religious worship providing such care during religious functions is classified as part of the primary occupancy.
308.5.3,Section 308 Institutional Group I,Five or Fewer Persons Receiving Care,Wall|Door,Institutional (I),concept|sd|dd|cd,occupancy_classification,architect,"Except as provided in Section 308.5.4, a care facility having five or fewer persons receiving care is classified as part of the primary occupancy."
308.5.4,Section 308 Institutional Group I,Five or Fewer Persons Receiving Care in a Dwelling Unit,Wall|Door|Window,Residential (R)|Institutional (I),concept|sd|dd|cd,occupancy_classification,architect,"Except for a Type B Family Daycare facility, a care facility within a dwelling unit and having five or fewer persons receiving care is classified as Group R as provided in Section 310."
309.1,Section 309 Mercantile Group M,Mercantile Group M,Wall|Door|Slab,Mercantile (M),concept|sd|dd|cd,occupancy_classification,architect,"Mercantile Group M occupancy includes, among others, the use of a building or structure or a portion thereof for the display and sale of merchandise, and involves stocks of goods, wares or merchandise incidental to such purposes and where the public has access. Mercantile occupancies shall include, but not be limited to, the following:Department storesDrug storesMarkets Greenhouses for display and sale of plants that provide public access.Motor fuel-dispensing facilitiesRetail or wholesale storesSales rooms"
309.2,Section 309 Mercantile Group M,Quantity of Hazardous Materials,Wall|Door|Slab,Mercantile (M),sd|dd|cd,hazardous_materials,architect,The aggregate quantity of nonflammable solid and nonflammable or noncombustible liquid hazardous materials stored or displayed in a single control area of a Group M occupancy shall not exceed the quantities in Table 414.2.5(1).
309.3,Section 309 Mercantile Group M,Motor Fuel-Dispensing Facilities,Slab|Covering|Wall|BuildingElementProxy,Utility and Miscellaneous (U),sd|dd|cd,hazardous_materials,architect,Motor fuel-dispensing facilities shall comply with Section 406.7.
310.1,Section 310 Residential Group R,Residential Group R,Wall|Slab|Door,Residential (R),concept|sd|dd|cd,occupancy_classification,architect,"Residential Group R includes, among others, the use of a building or structure, or a portion thereof, for sleeping purposes when not classified as an Institutional Group I or when not within the scope of the ""Residential Code of Ohio for One-, Two-, or Three-Family Dwellings.""."
new_310.1.1,Section 310 Residential Group R,"Detached One-, Two-, or Three- Family Dwellings",Wall|Roof|Slab,Residential (R),concept|sd,occupancy_classification,architect,"The ""Residential Code of Ohio for One-, Two-, or Three- Family Dwellings"" applies to structures comprised exclusively of one-, two-, or three-family dwellings (having independent exits) and their accessory structures. If no residential department is certified in a jurisdiction, construction documents for structures comprised exclusively of one-, two-, or three-family dwellings are not required to be submitted for approval."
new_310.1.1.1,Section 310 Residential Group R,Five or Fewer Persons Receiving Care in a Single Family Dwelling,Wall|Door|Slab,Residential (R)|Institutional (I),concept|sd|dd|cd,occupancy_classification,architect,"A single family dwelling with five or fewer persons, excluding staff, who reside in a supervised environment, receive care, and are capable of self-preservation with or without limited verbal or physical assistance is not classified as Group R and is within the scope of the ""Residential Code of Ohio for One-, Two-, or Three-Family Dwellings."""
new_310.1.2,Section 310 Residential Group R,Group R With Both Shared Exits and Independent Exits,Door|Stair|Wall,Residential (R),sd|dd|cd,occupancy_classification,architect,"A building with both shared exits and independent exits is classified as Group R-2, unless the shared exit is not a required exit, in which case, the building is classified as Group R-3."
310.2,Section 310 Residential Group R,Residential Group R-1,Wall|Door|Window,Residential (R),concept|sd|dd|cd,occupancy_classification,architect,"Except as provided in Section 310.3.3, Residential Group R-1 occupancies include buildings with sleeping units where the occupants are primarily transient in nature, including: Boarding houses (transient) with more than 10 occupants Congregate living facilities (transient) with more than 10 occupants Hotels (transient) Motels (transient) SRO (Single room occupancy) facility (transient) Transient lodging structures"
new_310.2.1,Section 310 Residential Group R,Units Not Used Primarily as Permanent Residences,BuildingElementProxy|Door|Window,Residential (R),concept|sd|dd|cd,occupancy_classification,architect,R-1 occupancies typically will include sleeping units but may also include dwelling units when those units are not used primarily as permanent residences.
new_310.2.2,Section 310 Residential Group R,Transient Lodging Structures,Stair|Ramp|Door|Slab|Wall,Residential (R),sd|dd|cd,occupancy_classification,architect,"Except as provided in Sections 310.3.2.1 or 310.3.2.2, a Group R-1 structure composed exclusively of a single dwelling unit with no more than twenty transient occupants may comply with the construction requirements of the ""Residential Code of Ohio for One-, Two-, and Three- Family Dwellings"" in lieu of the requirements of this code under the following conditions: The structure is located to maintain a minimum fire separation distance of thirty feet; and There are no more than two stories above grade plane, not including mezzanines/lofts that meet the area limitations of Section 505 of this code; and The maximum travel distance to an exit directly to the exterior at the level of exit discharge is 75 feet; and Egress from all habitable levels is by stair, ramp or an exit directly to the exterior in compliance with the Residential Code of Ohio; and For a structure with eleven to twenty occupants, at least two exits are provided from all habitable levels; and Portable fire extinguishers are installed in accordance with Section 906 of this code; and Artificial light is provided that is adequate to provide an average illumination of 1 foot-candle over the area of the room at a height of thirty inches above the floor level; and Accessibility requirements of Chapter 11 of this code apply. Exception: If the owner provides documentation that the structure is not a place of public accommodation as defined in 28 C.F.R. 36.104; Hotel licensure requirements of Chapter 3731 of the Revised Code may apply to the occupancy of a transient lodging structure but are outside the scope of this code."
new_310.2.2.1,Section 310 Residential Group R,Semi-Primitive Transient Lodging Structures No Greater Than 400 sq. ft. in Area,Wall|Slab|Door|Window|Roof,Residential (R),sd|dd|cd,occupancy_classification,architect,"A Group R-1 structure that provides permanent provisions for sleeping only or sleeping with either sanitation or kitchen facilities, but not both, may comply with the applicable construction requirements of the ""Residential Code of Ohio for One-, Two-, and Three- Family Dwellings"" in lieu of the requirements of this code under the following conditions: The structure is located to maintain a minimum fire separation distance of thirty feet; and There is no more than one story, no basement, and no habitable loft; and There is no more than 400 sq. ft. in area in total; and There are no more than five occupants; and There is at least one means of egress complying with Section 311 of the Residential Code of Ohio; and Portable fire extinguishers are installed in accordance with Section 906 of this code; and Accessibility requirements of Chapter 11 of this code apply. Exception: If the owner provides documentation that the structure is not a place of public accommodation as defined in 28 C.F.R. 36.104; Exceptions: Semi-primitive transient lodging structures are not required to comply with the following provisions of the Residential Code of Ohio: Chapter 11 if the semi-primitive structure does not contain conditioned space or has a peak design rate of energy usage of less than 3.4 BTU/h•ft2 or 1.0 watt/ft2 as described in the International Energy Conservation Code. Section 303.6 for exterior stairway illumination if no commercial power is available"
new_310.2.2.2,Section 310 Residential Group R,Primitive or Semi-Primitive Transient Lodging Structures Greater Than 400 sq. ft. in Area,Wall|Door|Ramp|Stair|Slab,Residential (R),sd|dd|cd,occupancy_classification,architect,"A Group R-1 structure, for not more than twenty transient occupants, that is greater than 400 sq. ft. in area, provides permanent provisions for sleeping only or sleeping with either sanitation or kitchen facilities, but not both, may comply with the applicable construction requirements of the ""Residential Code of Ohio for One-, Two-, and Three-Family Dwellings"" in lieu of the requirements of this code under the following conditions: The structure is located to maintain a minimum fire separation distance of thirty feet; and There are no more than two stories above grade plane, not including mezzanines/lofts that meet the area limitations of Section 505 of this code; and The maximum travel distance to an exit directly to the exterior at the level of exit discharge is 75 feet; and Egress from all habitable levels is by stair, ramp or an exit directly to the exterior in compliance with the Residential Code of Ohio; and For a structure with eleven to twenty occupants, at least two exits are provided from all habitable levels; and Portable fire extinguishers are installed in accordance with Section 906 of this code; and Accessibility requirements of Chapter 11 of this code apply. Exception: If the owner provides documentation that the structure is not a place of public accommodation as defined in 28 C.F.R. 36.104; Exceptions: Primitive or semi-primitive transient lodging structures greater than 400 sq. ft. in area are not required to comply with the following provisions of the Residential Code of Ohio: Chapter 11 if the semi-primitive structure does not contain conditioned space or has a peak design rate of energy usage of less than 3.4 BTU/h•ft2 or 1.0 watt/ft2 as described in the International Energy Conservation Code. Section 303.6 for exterior stairway illumination if no commercial power is available and the structure is a single story with no basement or habitable loft."
new_310.2.3,Section 310 Residential Group R,Ten or Fewer Persons in a Boarding House or Congregate Living,Wall|Door|Stair|Slab,Residential (R),sd|dd|cd,occupancy_classification,architect,"A boarding house or congregate living building intended for transient occupancy for ten or fewer persons, is classified as Group R-2 or Group R-3 occupancies depending on exiting arrangements."
310.3,Section 310 Residential Group R,Residential Group R-2,Wall|Door|Window|Slab,Residential (R),concept|sd|dd|cd,occupancy_classification,architect,"Except as provided in Sections 310.3.1 through 310.3.4, Residential Group R-2 occupancies containing sleeping units or more than three dwelling units where the occupants are primarily permanent in nature and where the units share an exit, including: Apartment houses Congregate living facilities (nontransient) with more than 16 occupants where occupants share an exit Boarding houses (nontransient) Convents Dormitories Fraternities and sororities Monasteries Hotels (nontransient) Live/work units Motels (nontransient) SRO (Single room occupancy) facility (nontransient) Vacation timeshare properties"
new_310.3.1,Section 310 Residential Group R,Five or Fewer Persons Receiving Care,Door|Wall|BuildingElementProxy,Residential (R),concept|sd|dd|cd,occupancy_classification,architect,A care facility with shared exit for five or fewer persons receiving care is classified as Group R-2.
new_310.3.2,Section 310 Residential Group R,Dwelling Units in Mixed Occupancy Buildings,Wall|Door|Stair|Slab|Window,Residential (R)|Assembly (A)|Business (B),sd|dd|cd,occupancy_classification,architect,This group includes residential occupancies in buildings or structures of mixed use containing one or more dwelling units where the occupants are primarily permanent in nature in structures with shared exits.
new_310.3.3,Section 310 Residential Group R,Dwelling Units With a Shared Exit,Wall|Door|Stair|Slab,Residential (R),sd|dd|cd,means_of_egress,architect,This group includes buildings or structures containing two or three dwelling units where the occupants are primarily permanent in nature and when the dwelling units share an exit.
new_310.3.4,Section 310 Residential Group R,Sixteen or Fewer Persons in a Boarding House or Congregate Living,Wall|Door|Stair,Residential (R),concept|sd|dd|cd,occupancy_classification,architect,A boarding house or congregate living in a dwelling unit with an independent exit for sixteen or fewer persons is classified as Group R-3.
310.4,Section 310 Residential Group R,Residential Group R-3,Wall|Slab|Door,Residential (R),concept|sd|dd|cd,occupancy_classification,architect,"Except as provided herein, Residential Group R-3 occupancies where the occupants are primarily permanent in nature and not classified as Group R-1, R-2, R-4 or I, and where each dwelling unit has an independent exit including: Care facilities that provide accommodations for five or fewer persons receiving care Congregate living facilities (nontransient) with 16 or fewer occupants per dwelling unit Boarding houses (nontransient) Convents Dormitories Fraternities and sororities Monasteries Congregate living facilities (transient) with 10 or fewer occupants Boarding houses (transient) Lodging houses (transient) with five or fewer guest rooms and 10 or fewer occupants Vacation timeshare properties"
new_310.4.1,Section 310 Residential Group R,Five or Fewer Persons Receiving Care Not in a Dwelling,Door|Ramp|Stair|Wall,Residential (R),concept|sd|dd|cd,occupancy_classification,architect,A care facility with an independent exit for five or fewer persons receiving care is classified as Group R-3.
new_310.4.2,Section 310 Residential Group R,Five or Fewer Persons Receiving Care Within a Dwelling,Wall|Door|Slab,Residential (R)|Institutional (I),sd|dd|cd,occupancy_classification,architect,"A Group R-3 two- or three-family dwelling used exclusively as care facilities for an aggregate of five or fewer persons receiving care but are capable of self-preservation is permitted to comply with the construction requirements of the ""Residential Code of Ohio for One-, Two-, or Three- Family Dwellings.""A Group R-3 one-, two- or three-family dwelling used exclusively as care facilities for an aggregate of five or fewer persons receiving care and are incapable of self-preservation is permitted to comply with the construction requirements of the ""Residential Code of Ohio for One-, Two-, or Three- Family Dwellings"" provided an automatic sprinkler system is installed in all of the dwelling units in accordance with Sections 903.3.1.1, 903.3.1.2, 903.3.1.3 or Section 2904 of the ""Residential Code of Ohio for One-, Two-, or Three- Family Dwellings."""
new_310.4.3,Section 310 Residential Group R,Dwelling Units in Mixed Occupancy Buildings,Door|Window|Wall|Slab|Stair,Residential (R)|Business (B)|Assembly (A),sd|dd|cd,occupancy_classification,architect,This group includes residential occupancies in buildings or structures of mixed use containing one or more dwelling units where the occupants are primarily permanent in nature and where each dwelling unit has an independent exit.
new_310.4.4,Section 310 Residential Group R,Lodging Houses,Wall|Door|Window|Roof,Residential (R),sd|dd|cd,occupancy_classification,architect,"A Group R-3 owner-occupied lodging house with five or fewer guest rooms and 10 or fewer total occupants may comply with the construction requirements of the ""Residential Code of Ohio for One-, Two-, or Three- Family Dwellings""."
new_310.4.5,Section 310 Residential Group R,Group R-3 Alternative Compliance Options,Wall|Slab|Door,Residential (R),sd|dd|cd,occupancy_classification,architect,The following are alternative compliance options for Group R-3 buildings with four or more dwellings units within the scope of this code.
new_310.4.5.1,Section 310 Residential Group R,Multi-Family Alternative A,Wall|Slab|Door,Residential (R),sd|dd|cd,occupancy_classification,architect,"A Group R-3 building may use Chapters 2 to 11 of the ""Residential Code of Ohio for One-, Two-, and Three-Family Dwellings"" (RCO) in place of the requirements of this code under the following conditions and limitations: Chapter 1 of the OBC is applicable for code administration purposes; and The building is comprised exclusively of dwelling units; and The building is not used as a care facility; and The building is not more than three stories above grade plane in height; and Each dwelling unit in the building has an independent exit; and No more than one dwelling unit is allowed to be located above another dwelling unit; and Fire separation between units within a grouping of two units, including a unit located partially or totally above another unit, is to be designed and installed in accordance with the RCO section 302.2. Fire separation between any grouping of two units and other adjacent units is to be designed and installed in accordance with RCO sections 302.2 and 302.2.3 through 302.2.6; and The Ohio Home Builder Association (OHBA) Alternative Energy Code Options is not permitted to be used to demonstrate compliance with energy efficiency requirements of the RCO; and Except as provided by this paragraph, the editions of codes and standards listed in Chapter 35 of this code are to be used. For codes and standards not listed in Chapter 35 or for those referenced in RCO Chapter 11, RCO Chapter 44 applies."
new_310.4.5.2,Section 310 Residential Group R,Multi-Family Alternative B,Wall|Door|Slab|BuildingElementProxy,Residential (R),sd|dd|cd,occupancy_classification,architect,"A Group R-3 building may use the ""Residential Code of Ohio for One-, Two-, and Three-Family Dwellings"" (RCO) in place of the requirements of this code under the following conditions and limitations: Chapter 1 of the OBC is applicable for code administration purposes; and The building is comprised exclusively of dwelling units; and The building is not used as a care facility; and The building is not more than three stories above grade plane in height; and Each dwelling unit in the building has an independent exit; and Each dwelling unit extends from the foundation to the roof and has a yard or public way on not less than two sides; and Fire separation between dwelling units is comprised of two one-hour fire-resistance-rated wall assemblies or one common wall with a two-hour fire-resistance-rated assembly rated for exposure from both sides. Fire separation between dwelling units is to be designed and installed in accordance with RCO sections 302.2.3 through 302.2.6; If fire sprinklers are provided in accordance with NFPA 13D or RCO section 2904, the fire-resistance rating of the common wall may be reduced to one-hour; The common wall shared between dwelling units is to be constructed without plumbing or mechanical equipment, ducts or vents, other than water-filled fire sprinkler piping in the cavity of the common wall; and Each individual dwelling unit is served by independent building services, including but not limited to, equipment, piping; wiring, and ductwork; and The Ohio Home Builder Association (OHBA) Alternative Energy Code Option is permitted to be used to demonstrate compliance with the energy efficiency requirements of the RCO provided that the applicable minimum appliance efficiencies meet or exceed those in Table 310.4.5.2. TABLE 310.4.5.2 Appliance efficiency Type of appliance Minimum Efficiency Gas forced-air central furnace 96% AFUE Electric central air conditioner 14 SEER Electric heat pump (air-source, heating mode) 8.8 HSPF Electric heat pump (air-source, cooling mode) 14 SEER Gas-fired storage water heater 0.57 EF Electric storage water heater 0.95 EF"
new_310.4.6,Section 310 Residential Group R,More Than Sixteen Occupants in a Boarding House or Congregate Living,BuildingElementProxy|Door|Slab,Residential (R),concept|sd|dd,occupancy_classification,architect,A boarding house or congregate living building for more than sixteen persons is classified as Group R-2.
310.5,Section 310 Residential Group R,Residential Group R-4,Wall|Door|Slab,Residential (R),concept|sd|dd|cd,occupancy_classification,architect,"Residential Group R-4 occupancy includes buildings, structures or portions thereof for more than five but not more than 16 persons, excluding staff, who reside in a supervised residential environment and receive care. This group includes, but is not limited to, the following: Alcohol and drug centers Assisted living facilities Congregate care facilities Group homes Halfway houses Residential board and care facilities Social rehabilitation facilities Where Group R-4 design criteria is not provided in this code, the construction requirements for Group R-3 apply."
new_310.5.1,Section 310 Residential Group R,Occupancy Conditions,BuildingElementProxy|Wall|Door,Residential (R),sd|dd|cd,occupancy_classification,architect,Buildings of Group R-4 are classified as one of the occupancy conditions specified in Section 310.5.1.1 or 310.5.1.2.
new_310.5.1.1,Section 310 Residential Group R,Condition 1,Door|Stair|Ramp|RampFlight|Slab,Institutional (I),sd|dd|cd,occupancy_classification,architect,"This occupancy condition includes buildings in which all persons receiving custodial care, without any assistance, are capable of responding to an emergency situation to complete building evacuation."
new_310.5.1.2,Section 310 Residential Group R,Condition 2,Door|Ramp|Stair|Wall,Institutional (I),sd|dd|cd,occupancy_classification,architect,This occupancy condition includes buildings in which there are any persons receiving custodial care who require limited verbal or physical assistance while responding to an emergency situation to complete building evacuation.
311.1,Section 311 Storage Group S,Storage Group S,Wall|Slab|Door,Storage (S),concept|sd|dd|cd,occupancy_classification,architect,"Storage Group S occupancy includes, among others, the use of a building or structure, or a portion thereof, for storage that is not classified as a hazardous occupancy."
311.1.1,Section 311 Storage Group S,Accessory Storage Spaces,Wall|Door|Slab,Assembly (A)|Business (B)|Educational (E)|Factory and Industrial (F)|Residential (R),sd|dd|cd,occupancy_classification,architect,A room or space used for storage purposes that is accessory to another occupancy shall be classified as part of that occupancy.
311.1.2,Section 311 Storage Group S,Combustible Storage,Slab|Roof|Wall,Storage (S)|Factory and Industrial (F)|Mercantile (M),sd|dd|cd,hazardous_materials,architect,"High-piled stock or rack storage, or attic, under-floor and concealed spaces used for storage of combustible materials, shall be in accordance with Section 413."
311.2,Section 311 Storage Group S,"Moderate-Hazard Storage, Group S-1",Wall|Slab|Door,Storage (S),concept|sd|dd|cd,occupancy_classification,architect,"Storage Group S-1 occupancies are buildings occupied for storage uses that are not classified as Group S-2, including, but not limited to, storage of the following:Aerosol products, Levels 2 and 3Aircraft hangar (storage and repair)Bags: cloth, burlap and paperBamboos and rattanBasketsBelting: canvas and leatherBeverages over 16-percent alcohol contentBooks and paper in rolls or packsBoots and shoesButtons, including cloth covered, pearl or boneCardboard and cardboard boxesClothing, woolen wearing apparelCordageDry boat storage (indoor)FurnitureFursGlues, mucilage, pastes and sizeGrainsHorns and combs, other than celluloidLeatherLinoleumLumberMotor vehicle repair garages complying with the maximum allowable quantities of hazardous materials specified in Table 307.1(1) (see Section 406.8)Photo engravingsResilient flooringSelf-service storage facility (mini-storage)SilksSoapsSugarTires, bulk storage ofTobacco, cigars, cigarettes and snuffUpholstery and mattressesWax candles"
311.2.1,Section 311 Storage Group S,Aircraft Hangers,BuildingElementProxy|Slab|Roof|Door,Storage (S)|Factory and Industrial (F),sd|dd|cd,occupancy_classification,architect,Aircraft hangars used for storage or repair shall comply with Section 412.3.
311.2.2,Section 311 Storage Group S,Motor Vehicle Repair Garages,Wall|Door|Slab,Factory and Industrial (F),sd|dd|cd,occupancy_classification,architect,Motor vehicle repair garages shall comply with Section 406.8.
311.3,Section 311 Storage Group S,"Low-Hazard Storage, Group S-2",Wall|Slab|Door|Window,Storage (S),concept|sd|dd|cd,occupancy_classification,architect,"Storage Group S-2 occupancies include, among others, buildings used for the storage of noncombustible materials such as products on wood pallets or in paper cartons with or without single thickness divisions; or in paper wrappings. Such products are permitted to have a negligible amount of plastic trim, such as knobs, handles or film wrapping. Group S-2 storage uses shall include, but not be limited to, storage of the following:AsbestosBeverages up to and including 16-percent alcohol Cement in bagsChalk and crayonsDairy products in nonwaxed coated paper containersDry cell batteriesElectrical coilsElectrical motorsEmpty cansFood productsFoods in noncombustible containersFresh fruits and vegetables in nonplastic trays or containersFrozen foodsGlassGlass bottles, empty or filled with noncombustible liquidsGypsum boardInert pigmentsIvoryMeatsMetal cabinetsMetal desks with plastic tops and trimMetal partsMetalsMirrorsOil-filled and other types of distribution transformersPublic parking garages, open or enclosedPorcelain and potteryStovesTalc and soapstonesWashers and dryers"
311.3.1,Section 311 Storage Group S,Public Parking Garages,Slab|Ramp|Wall|Column|Door,Storage (S),sd|dd|cd,occupancy_classification,architect,Public parking garages shall comply with Section 406.4 and the additional requirements of Section 406.5 for open parking garages or Section 406.6 for enclosed parking garages.
312.1,Section 312 Utility and Miscellaneous Group U,General,BuildingElementProxy|Wall|Roof|Slab|Column,Utility and Miscellaneous (U),sd|dd|cd,occupancy_classification,architect,"Buildings and structures of an accessory character and miscellaneous structures not classified in any specific occupancy are to be constructed, equipped and maintained to conform to the requirements of this code commensurate with the fire and life hazard incidental to their occupancy. Group U includes, but is not limited to, the following: Agricultural buildings* Barns* Carports Communication equipment structures with a gross floor area of less than 1,500 square feet (139 m2) Fences more than 7 feet (2.134 m) in height Grain silos, accessory to a residential occupancy* Livestock shelters* Private garages Retaining walls (see exceptions in Section 101.2) Sheds* Stables* Tanks associated with building services equipment Towers (see exceptions in Section 101.2) *Not used for agricultural purposes as defined in section 3781.06 of the Revised Code."
312.1.1,Section 312 Utility and Miscellaneous Group U,Greenhouses,BuildingElementProxy|Roof|Slab|Wall|Door,Utility and Miscellaneous (U),concept|sd|dd|cd,occupancy_classification,architect,Greenhouses not classified as another occupancy shall be classified as Use Group U.
312.2,Section 312 Utility and Miscellaneous Group U,Private Garages and Carports,Wall|Slab|Roof|Door,Residential (R)|Utility and Miscellaneous (U),sd|dd|cd,occupancy_classification,architect,Private garages and carports shall comply with Section 406.3.
312.3,Section 312 Utility and Miscellaneous Group U,Residential Aircraft Hangars,Slab|Wall|Roof|Door,Residential (R)|Utility and Miscellaneous (U),sd|dd|cd,occupancy_classification,architect,Aircraft hangars accessory to a one- or two-family residence shall comply with Section 412.4.
