id,section,title,ifc_type,occupancy,design_phase,code_category,primary_responsibility,body
15,,Exhaust Systems,BuildingElementProxy|Covering,Residential (R)|Assembly (A)|Business (B),sd|dd|cd,mechanical_systems,mechanical_engineer,"User notes:About this chapter: Chapter 15 is specific to exhaust systems related to clothes dryers, domestic cooking, toilet rooms, bathrooms and whole-house ventilation systems. Included are requirements for exhaust discharge locations, protection of exhaust ducts from damage, exhaust duct construction, duct length limits, and exhaust termination clearances. This chapter contains prohibitions for exhaust recirculation and discharge locations and addresses the design of whole-house ventilation systems required by Chapter 3."
M1501.1,Chapter 15 Exhaust Systems,Outdoor Discharge,Covering|Roof,Residential (R),sd|dd|cd,mechanical_systems,mechanical_engineer,"The air removed by every mechanical exhaust system shall be discharged to the outdoors in accordance with Section M1504.3. Air shall not be exhausted into an attic, soffit, ridge vent or crawl space.Exception: Whole-house ventilation-type attic fans that discharge into the attic space of dwelling units having private attics shall be permitted."
M1502.1,Chapter 15 Exhaust Systems,General,BuildingElementProxy|MechanicalSystem,Residential (R)|Institutional (I)|Mercantile (M)|Utility and Miscellaneous (U),sd|dd|cd,mechanical_systems,mechanical_engineer,Clothes dryers shall be exhausted in accordance with the manufacturer's instructions.
M1502.2,Chapter 15 Exhaust Systems,Independent Exhaust Systems,BuildingElementProxy|Wall|Slab,Residential (R)|Institutional (I)|Business (B),sd|dd|cd,mechanical_systems,mechanical_engineer,Dryer exhaust systems shall be independent of all other systems and shall convey the moisture to the outdoors.Exception: This section shall not apply to listed and labeled condensing (ductless) clothes dryers.
M1502.3,Chapter 15 Exhaust Systems,Duct Termination,BuildingElementProxy,Residential (R)|Business (B)|Institutional (I)|Mercantile (M),sd|dd|cd,mechanical_systems,mechanical_engineer,"Exhaust ducts shall terminate on the outside of the building. Exhaust duct terminations shall be in accordance with the dryer manufacturer's installation instructions. If the manufacturer's instructions do not specify a termination location, the exhaust duct shall terminate not less than 3 feet (914 mm) in any direction from openings into buildings, including openings in ventilated soffits. Exhaust duct terminations shall be equipped with a backdraft damper. Screens shall not be installed at the duct termination."
M1502.3.1,Chapter 15 Exhaust Systems,Exhaust Termination Outlet and Passageway Size,BuildingElementProxy|Wall|Slab,Residential (R)|Institutional (I)|Assembly (A),sd|dd|cd,mechanical_systems,mechanical_engineer,The passageway of dryer exhaust duct terminals shall be undiminished in size and shall provide an open area of not less than 12.5 square inches (8065 mm2).
M1502.4,Chapter 15 Exhaust Systems,Dryer Exhaust Ducts,BuildingElementProxy,Residential (R)|Assembly (A)|Institutional (I)|Business (B)|Mercantile (M),sd|dd|cd,mechanical_systems,mechanical_engineer,Dryer exhaust ducts shall conform to the requirements of Sections M1502.4.1 through M1502.4.8.
M1502.4.1,Chapter 15 Exhaust Systems,Material and Size,BuildingElementProxy,Residential (R)|Business (B)|Assembly (A)|Mercantile (M),dd|cd,mechanical_systems,mechanical_engineer,Exhaust ducts shall have a smooth interior finish and shall be constructed of metal not less than 0.0157 inch (0.3950 mm) in thickness (No. 28 gage). The duct shall be 4 inches (102 mm) nominal in diameter.
M1502.4.2,Chapter 15 Exhaust Systems,Duct Installation,Wall|Slab|BuildingElementProxy,Residential (R)|Business (B)|Assembly (A)|Institutional (I),sd|dd|cd,mechanical_systems,mechanical_engineer,"Exhaust ducts shall be supported at intervals not to exceed 12 feet (3658 mm) and shall be secured in place. The insert end of the duct shall extend into the adjoining duct or fitting in the direction of airflow. Exhaust duct joints shall be sealed in accordance with Section M1601.4.1 and shall be mechanically fastened. Ducts shall not be joined with screws or similar fasteners that protrude more than 1/8 inch (3.2 mm) into the inside of the duct. Where dryer exhaust ducts are enclosed in wall or ceiling cavities, such cavities shall allow the installation of the duct without deformation."
M1502.4.3,Chapter 15 Exhaust Systems,Transition Duct,BuildingElementProxy|Slab|Wall,Residential (R)|Business (B)|Mercantile (M),dd|cd,mechanical_systems,mechanical_engineer,Transition ducts used to connect the dryer to the exhaust duct system shall be a single length that is listed and labeled in accordance with UL 2158A. Transition ducts shall be not greater than 8 feet (2438 mm) in length. Transition ducts shall not be concealed within construction.
M1502.4.4,Chapter 15 Exhaust Systems,Dryer Exhaust Duct Power Ventilators,MechanicalSystem,Residential (R)|Business (B)|Institutional (I)|Mercantile (M),sd|dd|cd,mechanical_systems,mechanical_engineer,Domestic dryer exhaust duct power ventilators shall conform to UL 705 for use in dryer exhaust duct systems. The dryer exhaust duct power ventilator shall be installed in accordance with the manufacturer's instructions.
M1502.4.5,Chapter 15 Exhaust Systems,Booster Fans Prohibited,MechanicalSystem|BuildingElementProxy,Residential (R)|Institutional (I)|Assembly (A),sd|dd|cd,mechanical_systems,mechanical_engineer,Domestic booster fans shall not be installed in dryer exhaust systems.
M1502.4.6,Chapter 15 Exhaust Systems,Duct Length,Duct|Wall|Slab,Residential (R)|Business (B)|Institutional (I),sd|dd|cd,mechanical_systems,mechanical_engineer,The maximum allowable exhaust duct length shall be determined by one of the methods specified in Sections M1502.4.6.1 through M1502.4.6.3.
M1502.4.6.1,Chapter 15 Exhaust Systems,Specified Length,BuildingElementProxy,Residential (R)|Business (B)|Institutional (I)|Mercantile (M),sd|dd|cd,mechanical_systems,mechanical_engineer,"The maximum length of the exhaust duct shall be 35 feet (10 668 mm) from the connection to the transition duct from the dryer to the outlet terminal. Where fittings are used, the maximum length of the exhaust duct shall be reduced in accordance with Table M1502.4.6.1. The maximum length of the exhaust duct does not include the transition duct. TABLE M1502.4.6.1DRYER EXHAUST DUCT FITTING EQUIVALENT LENGTH DRYER EXHAUST DUCT FITTING TYPE EQUIVALENT LENGTH 4-inch radius mitered 45-degree elbow 2 feet 6 inches 4-inch radius mitered 90-degree elbow 5 feet 6-inch radius smooth 45-degree elbow 1 foot 6-inch radius smooth 90-degree elbow 1 foot 9 inches 8-inch radius smooth 45-degree elbow 1 foot 8-inch radius smooth 90-degree elbow 1 foot 7 inches 10-inch radius smooth 45-degree elbow 9 inches 10-inch radius smooth 90-degree elbow 1 foot 6 inches For SI: 1 inch = 25.4 mm, 1 foot = 304.8 mm, 1 degree = 0.0175 rad."
M1502.4.6.2,Chapter 15 Exhaust Systems,Manufacturer's Instructions,BuildingElementProxy,Residential (R)|Business (B)|Institutional (I),cd|ca,mechanical_systems,mechanical_engineer,"The size and maximum length of the exhaust duct shall be determined by the dryer manufacturer's installation instructions. The code official shall be provided with a copy of the installation instructions for the make and model of the dryer at the concealment inspection. In the absence of fitting equivalent length calculations from the clothes dryer manufacturer, Table M1502.4.6.1 shall be used."
M1502.4.6.3,Chapter 15 Exhaust Systems,Dryer Exhaust Duct Power Ventilator,BuildingElementProxy,Residential (R)|Institutional (I)|Assembly (A),sd|dd|cd,mechanical_systems,mechanical_engineer,The maximum length of the exhaust duct shall be determined in accordance with the manufacturer's instructions for the dryer exhaust duct power ventilator.
M1502.4.7,Chapter 15 Exhaust Systems,Length Identification,BuildingElementProxy,Residential (R)|Business (B)|Assembly (A)|Institutional (I)|Mercantile (M),cd|ca,mechanical_systems,mechanical_engineer,"Where the exhaust duct equivalent length exceeds 35 feet (10 668 mm), the equivalent length of the exhaust duct shall be identified on a permanent label or tag. The label or tag shall be located within 6 feet (1829 mm) of the exhaust duct connection."
M1502.4.8,Chapter 15 Exhaust Systems,Exhaust Duct Required,Covering|Wall|Slab,Residential (R)|Institutional (I)|Assembly (A)|Business (B),sd|dd|cd,mechanical_systems,mechanical_engineer,"Where space for a clothes dryer is provided, an exhaust duct system shall be installed. Where the clothes dryer is not installed at the time of occupancy the exhaust duct shall be capped or plugged in the space in which it originates and identified and marked ""future use.""Exception: Where a listed condensing clothes dryer is installed prior to occupancy of the structure."
M1502.5,Chapter 15 Exhaust Systems,Protection Required,Wall|Covering|Slab,Residential (R)|Business (B)|Institutional (I),dd|cd,mechanical_systems,mechanical_engineer,"Protective shield plates shall be placed where nails or screws from finish or other work are likely to penetrate the clothes dryer exhaust duct. Shield plates shall be placed on the finished face of framing members where there is less than 11/4 inches (32 mm) between the duct and the finished face of the framing member. Protective shield plates shall be constructed of steel, shall have a minimum thickness of 0.062 inch (1.6 mm) and shall extend not less than 2 inches (51 mm) above sole plates and below top plates."
M1502.6,Chapter 15 Exhaust Systems,Makeup Air,BuildingElementProxy,Residential (R)|Mercantile (M)|Business (B),sd|dd|cd,mechanical_systems,mechanical_engineer,Installations exhausting more than 200 cubic feet per minute (0.09 m3/s) shall be provided with makeup air.
M1502.6.1,Chapter 15 Exhaust Systems,Closet Installation,Wall|Door|Slab,Residential (R),sd|dd|cd,mechanical_systems,mechanical_engineer,"Where a closet is designed for the installation of a clothes dryer, makeup air shall be provided in accordance with the dryer manufacturer's installation instructions. If the manufacturer's installation instructions do not include specifications for provision of makeup air, one or more permanent openings having a total area of not less than 100 square inches (645 mm2) shall be provided in the closet enclosure, or makeup air shall be provided by other approved means."
M1503.1,Chapter 15 Exhaust Systems,General,Covering|BuildingElementProxy,Residential (R)|Assembly (A)|Business (B),sd|dd|cd,mechanical_systems,mechanical_engineer,Domestic cooking exhaust equipment shall comply with the requirements of this section.
M1503.2,Chapter 15 Exhaust Systems,Domestic Cooking Exhaust,Door|Covering,Residential (R)|Business (B)|Assembly (A),sd|dd|cd,mechanical_systems,mechanical_engineer,"Where domestic cooking exhaust equipment is provided, it shall comply with one of the following:The fan for overhead range hoods and downdraft exhaust equipment not integral with the cooking appliance shall be listed and labeled in accordance with UL 507.Overhead range hoods and downdraft exhaust equipment with integral fans shall comply with UL 507.Domestic cooking appliances with integral downdraft exhaust equipment shall be listed and labeled in accordance with ANSI Z21.1 or UL 858.Microwave ovens with integral exhaust for installation over the cooking surface shall be listed and labeled in accordance with UL 923."
M1503.2.1,Chapter 15 Exhaust Systems,Open-Top Broiler Exhaust,Covering|BuildingElementProxy,Residential (R)|Assembly (A),sd|dd|cd,mechanical_systems,mechanical_engineer,"Domestic open-top broiler units shall be provided with a metal exhaust hood having a thickness of not less than 0.0157 inch (0.3950 mm) (No. 28 gage). Such hoods shall be installed with a clearance of not less than 1/4 inch (6.4 mm) between the hood and the underside of combustible material and cabinets. A clearance of not less than 24 inches (610 mm) shall be maintained between the cooking surface and combustible material and cabinets. The hood width shall be not less than the width of the broiler unit and shall extend over the entire unit. Exception: Broiler units that incorporate an integral exhaust system, and that are listed and labeled for use without an exhaust hood, shall not be required to have an exhaust hood."
M1503.3,Chapter 15 Exhaust Systems,Exhaust Discharge,BuildingElementProxy|Covering|Slab,Residential (R)|Assembly (A)|Business (B),sd|dd|cd,mechanical_systems,mechanical_engineer,"Domestic cooking exhaust equipment shall discharge to the outdoors through a duct. The duct shall have a smooth interior surface, shall be airtight, shall be equipped with a backdraft damper and shall be independent of all other exhaust systems. Ducts serving domestic cooking exhaust equipment shall not terminate in an attic or crawl space or areas inside the building.Exception: Where installed in accordance with the manufacturer's instructions, and where mechanical or natural ventilation is otherwise provided, listed and labeled ductless range hoods shall not be required to discharge to the outdoors."
M1503.4,Chapter 15 Exhaust Systems,Duct Material,BuildingElementProxy,Residential (R)|Business (B)|Assembly (A),sd|dd|cd,mechanical_systems,mechanical_engineer,"Ducts serving domestic cooking exhaust equipment shall be constructed of galvanized steel, stainless steel or copper. Exception: Ducts for domestic kitchen cooking appliances equipped with down-draft exhaust systems shall be permitted to be constructed of schedule 40 PVC pipe and fittings provided that the installation complies with all of the following: The duct is installed under a concrete slab poured on grade. The underfloor trench in which the duct is installed is completely backfilled with sand or gravel. The PVC duct extends not more than 1 inch (25 mm) above the indoor concrete floor surface. The PVC duct extends not more than 1 inch (25 mm) above grade outside of the building. The PVC ducts are solvent cemented."
M1503.5,Chapter 15 Exhaust Systems,Kitchen Exhaust Rates,Covering,Residential (R)|Assembly (A)|Business (B),sd|dd|cd,mechanical_systems,mechanical_engineer,"Where domestic kitchen cooking appliances are equipped with ducted range hoods or down-draft exhaust systems, the exhaust rate shall equal or exceed the airflow required in Table M1505.5 at one or more speed settings."
M1503.6,Chapter 15 Exhaust Systems,Makeup Air Required,BuildingElementProxy|Slab|Window,Residential (R),sd|dd|cd,mechanical_systems,mechanical_engineer,"Where one or more gas, liquid or solid fuel-burning appliance that is neither direct-vent nor uses a mechanical draft venting system is located within a dwelling unit's air barrier, each exhaust system capable of exhausting in excess of 400 cubic feet per minute (0.19 m3/s) shall be mechanically or passively provided with makeup air at a rate approximately equal to the exhaust air rate. Such makeup air systems shall be equipped with not fewer than one outdoor air duct and damper complying with Section M1503.6.2.Exception: Makeup air is not required for exhaust systems installed for the exclusive purpose of space cooling and intended to be operated only when windows or other air inlets are open."
M1503.6.1,Chapter 15 Exhaust Systems,Location,BuildingElementProxy|Door|Slab,Residential (R)|Assembly (A)|Business (B),sd|dd|cd,mechanical_systems,mechanical_engineer,Kitchen exhaust makeup air that is ducted from the outdoors shall be discharged into the same room in which the exhaust system is located or into rooms or duct systems that communicate through one or more permanent openings with the room in which such exhaust system is located. Such permanent openings shall have a net cross-sectional area not less than the required area of the makeup air supply openings.
M1503.6.2,Chapter 15 Exhaust Systems,Makeup Air Dampers,MechanicalSystem|BuildingElementProxy,Residential (R)|Business (B)|Assembly (A)|Mercantile (M),sd|dd|cd,mechanical_systems,mechanical_engineer,"Where makeup air is required by Section M1503.6, makeup air dampers shall comply with this section. Each damper shall be a gravity damper or an electrically operated damper that automatically opens when the exhaust system operates. Dampers shall be located to allow access for inspection, service, repair and replacement without removing permanent construction or any other ducts not connected to the damper being inspected, serviced, repaired or replaced. Gravity or barometric dampers shall not be used in passive makeup air systems except where the dampers are rated to provide the design makeup airflow at a pressure differential of 0.01 in. w.c. (3 Pa) or less."
M1504.1,Chapter 15 Exhaust Systems,Duct Construction,BuildingElementProxy,Assembly (A)|Business (B)|Educational (E)|Factory and Industrial (F)|Residential (R),sd|dd|cd,mechanical_systems,mechanical_engineer,"Where exhaust duct construction is not specified in this chapter, construction shall comply with Chapter 16."
M1504.2,Chapter 15 Exhaust Systems,Duct Length,BuildingElementProxy,Residential (R)|Business (B)|Educational (E)|Assembly (A),sd|dd|cd,mechanical_systems,mechanical_engineer,"The length of exhaust and supply ducts used with ventilating equipment shall not exceed the lengths determined in accordance with Table M1504.2. Exception: Duct length shall not be limited where the duct system complies with the manufacturer's design criteria or where the flow rate of the installed ventilating equipment is verified by the installer or approved third party using a flow hood, flow grid or other airflow measuring device. TABLE M1504.2DUCT LENGTH DUCT TYPE FLEX DUCT SMOOTH-WALL DUCT Fan airflow rating (CFM @ 0.25 inch wca) 50 80 100 125 150 200 250 300 50 80 100 125 150 200 250 300 Diameterb (inches) Maximum lengthc, d, e (feet) 3 X X X X X X X X 5 X X X X X X X 4 56 4 X X X X X X 114 31 10 X X X X X 5 NL 81 42 16 2 X X X NL 152 91 51 28 4 X X 6 NL NL 158 91 55 18 1 X NL NL NL 168 112 53 25 9 7 NL NL NL NL 161 78 40 19 NL NL NL NL NL 148 88 54 8 and above NL NL NL NL NL 189 111 69 NL NL NL NL NL NL 198 133 For SI: 1 inch = 25.4 mm, 1 foot = 304.8 mm. Fan airflow rating shall be in accordance with ANSI/AMCA 210-ANSI/ASHRAE 51. For noncircular ducts, calculate the diameter as four times the cross-sectional area divided by the perimeter. This table assumes that elbows are not used. Fifteen feet of allowable duct length shall be deducted for each elbow installed in the duct run. NL = no limit on duct length of this size. X = not allowed. Any length of duct of this size with assumed turns and fittings will exceed the rated pressure drop."
M1504.3,Chapter 15 Exhaust Systems,Exhaust Openings,Wall|Window|Door|BuildingElementProxy,Residential (R)|Business (B)|Assembly (A),sd|dd|cd,mechanical_systems,mechanical_engineer,"Air exhaust openings shall terminate as follows: Not less than 3 feet (914 mm) from property lines. Not less than 3 feet (914 mm) from gravity air intake openings, operable windows and doors except where the exhaust opening is located not less than 1 foot (305 mm) above the gravity air intake opening, operable windows and doors. Not less than 10 feet (3048 mm) from mechanical air intake openings except where either of the following apply: The exhaust opening is located not less than 3 feet (914 mm) above the air intake opening. The exhaust opening is part of a factory-built intake/exhaust combination termination fitting installed in accordance with the fan manufacturer's instructions, and the exhaust air is drawn from a living space. In accordance with Sections R303.5.2 and R303.6."
M1505.1,Chapter 15 Exhaust Systems,General,MechanicalSystem,Residential (R)|Business (B)|Assembly (A)|Educational (E)|Institutional (I),sd|dd|cd,mechanical_systems,mechanical_engineer,"Where local exhaust or whole-house mechanical ventilation is provided, the ventilation system shall be designed in accordance with this section."
M1505.2,Chapter 15 Exhaust Systems,Recirculation of Air,Wall|Slab|Door,Residential (R),sd|dd|cd,mechanical_systems,mechanical_engineer,"Exhaust air from bathrooms and toilet rooms shall not be recirculated within a residence or circulated to another dwelling unit and shall be exhausted directly to the outdoors. Exhaust air from bathrooms, toilet rooms and kitchens shall not discharge into an attic, crawl space or other areas inside the building. This section shall not prohibit the installation of ductless range hoods in accordance with the exception to Section M1503.3."
M1505.3,Chapter 15 Exhaust Systems,Exhaust Equipment,BuildingElementProxy,Residential (R)|Business (B)|Institutional (I)|Assembly (A),sd|dd|cd,mechanical_systems,mechanical_engineer,Exhaust fans and whole-house mechanical ventilation fans shall be listed and labeled as providing the minimum required airflow in accordance with ANSI/AMCA 210-ANSI/ASHRAE 51 or HVI 916.
M1505.4,Chapter 15 Exhaust Systems,Whole-House Mechanical Ventilation System,BuildingElementProxy,Residential (R)|Institutional (I)|Business (B),sd|dd|cd,mechanical_systems,mechanical_engineer,Whole-house mechanical ventilation systems shall be designed in accordance with Sections M1505.4.1 through M1505.5.
M1505.4.1,Chapter 15 Exhaust Systems,System Design,BuildingElementProxy,Residential (R),sd|dd|cd,mechanical_systems,mechanical_engineer,The whole-house ventilation system shall be a balanced ventilation system consisting of supply and exhaust fans and associated ducts and controls. The whole house ventilation system shall be in accordance with Section R403.6.1 of the Energy Conservation Construction Code of New York State. Exception: Owner-occupied one-family dwellings not supplied with electrical power in accordance with Section E3401.2.1.
M1505.4.2,Chapter 15 Exhaust Systems,System Controls,MechanicalSystem,Residential (R)|Assembly (A)|Educational (E)|Business (B)|Institutional (I),sd|dd|cd,mechanical_systems,mechanical_engineer,The whole-house mechanical ventilation system shall be provided with controls that enable manual override. Controls shall include text or a symbol indicating their function.
M1505.4.3,Chapter 15 Exhaust Systems,Mechanical Ventilation Rate,MechanicalSystem|BuildingElementProxy,Residential (R),sd|dd|cd,mechanical_systems,mechanical_engineer,"The whole-house mechanical ventilation system shall provide outdoor air at a continuous rate not less than that determined in accordance with Table M1505.4.3(1) or not less than that determined by Equation 15-1. Ventilation rate in cubic feet = (0.01 × total square foot area of house) + [7.5 × (number of bedrooms + 1)] Equation 15-1 Exceptions: Ventilation rate credit. The minimum mechanical ventilation rate determined in accordance with Table M1505.4.3(1) or Equation 15-1 shall be reduced by 30 percent, provided that both of the following conditions apply: A ducted system supplies ventilation air directly to each bedroom and to one or more of the following rooms: Living room. Dining room. Kitchen. The whole-house ventilation system is a balanced ventilation system. Programmed intermittent operation. The whole-house mechanical ventilation system is permitted to operate intermittently where the system has controls that enable operation for not less than 25 percent of each 4-hour segment and the ventilation rate prescribed in Table M1505.4.3(1), by Equation 15-1 or by Exception 1 is multiplied by the factor determined in accordance with Table M1505.4.3(2). TABLE M1505.4.3(1)CONTINUOUS WHOLE-HOUSE MECHANICAL VENTILATION SYSTEM AIRFLOW RATE REQUIREMENTS DWELLING UNIT FLOOR AREA (square feet) NUMBER OF BEDROOMS 0—1 2—3 4—5 6—7 &gt; 7 Airflow in CFM &lt; 1,500 30 45 60 75 90 1,501—3,000 45 60 75 90 105 3,001—4,500 60 75 90 105 120 4,501—6,000 75 90 105 120 135 6,001—7,500 90 105 120 135 150 &gt; 7,500 105 120 135 150 165 For SI: 1 square foot = 0.0929 m2, 1 cubic foot per minute = 0.0004719 m3/s. TABLE M1505.4.3(2)INTERMITTENT WHOLE-HOUSE MECHANICAL VENTILATION RATE FACTORSa, b RUN-TIME PERCENTAGE IN EACH 4-HOUR SEGMENT 25% 33% 50% 66% 75% 100% Factora 4 3 2 1.5 1.3 1.0 For ventilation system run-time values between those given, the factors are permitted to be determined by interpolation. Extrapolation beyond the table is prohibited."
M1505.5,Chapter 15 Exhaust Systems,Local Exhaust Rates,BuildingElementProxy,Residential (R),sd|dd|cd,mechanical_systems,mechanical_engineer,"Local exhaust systems shall be designed to have the capacity to exhaust the minimum airflow rate determined in accordance with Table M1505.5 at one or more speed settings. The listed exhaust airflow rate for a bathroom or toilet room exhaust fan shall equal or exceed the exhaust airflow rate in Table M1505.5 at a minimum static pressure of 0.25 inch wc at one or more speed settings in accordance with Section M1505.3. [NY] TABLE M1505.5MINIMUM REQUIRED LOCAL EXHAUST RATES FOR ONE- AND TWO-FAMILY DWELLINGS AREA TO BE EXHAUSTED EXHAUST RATES Kitchens 100 cfm intermittent or 25 cfm continuous Bathrooms-Toilet Roomsa Mechanical exhaust capacity of 50 cfm intermittent or 20 cfm continuous For SI: 1 cubic foot per minute = 0.0004719 m3/s, 1 inch water column = 0.2488 kPa. [NY] The listed exhaust rate for bathrooms-toilet rooms shall equal or exceed the exhaust rate at a minimum static pressure of 0.25 inch wc in accordance with Section M1505.3."
