id,section,title,ifc_type,occupancy,design_phase,code_category,primary_responsibility,body
5,,Prescriptive Compliance Method,Wall|Slab|Roof,Assembly (A)|Business (B)|Residential (R),sd|dd|cd,building_height_area_limits,architect,"User notes:About this chapter: Chapter 5 provides details for the prescriptive compliance method—one of the three main options of compliance available in this code for buildings and structures undergoing alteration, addition or change of occupancy."
501.1,Section 501 General,Scope,Wall|Slab|Door,Assembly (A)|Business (B)|Residential (R),sd|dd|cd,occupancy_classification,architect,"The provisions of this section shall control the alteration, addition and change of occupancy of existing buildings and structures, including historic buildings and structures as referenced in Section 301.3.1."
501.1.1,Section 501 General,Compliance With Other Methods,Wall|Door|Slab,Assembly (A)|Business (B)|Residential (R),sd|dd|cd,occupancy_classification,architect,"Alterations, additions and changes of occupancy to existing buildings and structures shall comply with the provisions of this section or with one of the methods provided in Section 301.3."
501.2,Section 501 General,Fire-Resistance Ratings,Wall|Slab|Door,Assembly (A)|Business (B)|Educational (E)|Residential (R)|Institutional (I),dd|cd,fire_resistance_smoke_protection,architect,"Where approved, in buildings where an automatic sprinkler system installed in accordance with Section 903.3.1.1 or 903.3.1.2 has been added, and the building is now sprinklered throughout, the required fire-resistance ratings of building elements and materials shall be permitted to meet the requirements of the current building code. The building is required to meet the other applicable requirements of this code for new construction. Plans, investigation and evaluation reports, and other data shall be submitted indicating which building elements and materials the applicant is requesting the building official to review and approve for determination of applying the current building code fire-resistance ratings. Any special construction features, including fire-resistance-rated assemblies and smoke-resistive assemblies, conditions of occupancy, means of egress conditions, approved modifications or approved alternative materials, design and methods of construction, and equipment applying to the building that impact required fire-resistance ratings shall be identified in the evaluation reports submitted."
502.1,Section 502 Additions,General,Wall|Slab|Roof|Stair|Elevator,Assembly (A)|Business (B)|Educational (E)|Residential (R)|Mercantile (M),sd|dd|cd,building_height_area_limits,architect,"Additions to any building or structure shall comply with the requirements of this code for new construction. Alterations to the existing building or structure shall be made to ensure that the existing building or structure together with the addition are not less compliant with the provisions of this code for new construction than the existing building or structure was prior to the addition except that the structural elements need only comply with Sections 502.2 through 502.3. An existing building together with its additions shall comply with the height and area provisions of Chapter 5. Where a new occupiable roof is added to a building or structure, the occupiable roof shall comply with the provisions of this code. Exception: In-filling of floor openings and nonoccupiable appendages such as elevator and exit stairway shafts shall be permitted beyond that permitted by this code."
502.1.1,Section 502 Additions,Risk Category Assignment,BuildingElementProxy,Assembly (A)|Business (B)|Educational (E)|Factory and Industrial (F)|Residential (R),sd|dd|cd,occupancy_classification,architect,"Where the addition and the existing building have different occupancies, the risk category of each existing and added occupancy shall be determined in accordance with Section 1604.5.1. Where application of that section results in a higher risk category for the existing building compared with the risk category for the existing building before the addition, such a change shall be considered a change of occupancy and shall comply with Section 506. Where application of that section results in a higher risk category for the addition compared with the risk category for the addition by itself, the addition and any systems in the existing building required to serve the addition shall comply with the requirements of this code for new construction for the higher risk category."
502.1.2,Section 502 Additions,Creation or Extension of Nonconformity,Wall|Slab|Column|Roof|BuildingElementProxy,Assembly (A)|Business (B)|Educational (E)|Residential (R)|Mercantile (M),sd|dd|cd,special_construction,architect,"An addition shall not create or extend any nonconformity in the existing building to which the addition is being made with regard to accessibility, structural strength, supports and attachments for nonstructural components, fire safety, means of egress or the capacity of mechanical, plumbing or electrical systems. Exception: Nonconforming supports and attachments for nonstructural components that serve the addition from within the existing building need not be altered to comply with Section 1613 unless the components are part of the addition's life-safety system or are required to serve an addition assigned to Risk Category IV."
502.2,Section 502 Additions,Flood Hazard Areas,Footing|Slab|Wall|Column,Assembly (A)|Business (B)|Educational (E)|Residential (R)|Storage (S),sd|dd|cd,site_planning,architect,"For buildings and structures in flood hazard areas established by the flood plain administrator, any addition that constitutes substantial improvement of the existing structure shall comply with the flood design requirements for new construction, and all aspects of the existing structure shall be brought into compliance with the requirements for new construction for flood design. For new foundations, foundations raised or extended upward, and replacement foundations, the foundations shall be in compliance with the requirements for new construction for flood design. For buildings and structures in flood hazard areas established by the flood plain administrator, any additions that do not constitute substantial improvement of the existing structure are not required to comply with the flood design requirements for new construction, provided that both of the following apply: The addition shall not create or extend a nonconformity of the existing building or structure with the flood-resistant construction requirements. The lowest floor of the addition shall be at or above the lower of the lowest floor of the existing building or structure or the lowest floor elevation required in Section 1612."
502.3,Section 502 Additions,Existing Structural Elements Carrying Gravity Load,Beam|Column|Footing|Slab|Wall,Residential (R)|Assembly (A)|Business (B)|Educational (E)|Factory and Industrial (F),sd|dd|cd,structural_design,structural_engineer,Any existing gravity load-carrying structural element for which an addition and its related alterations cause an increase in design gravity load of more than 5 percent shall be replaced or altered as needed to carry the design gravity loads required by this code for new structures. Any existing gravity load-carrying structural element whose vertical load-carrying capacity is decreased as part of the addition and its related alterations shall be considered to be an altered element subject to the requirements of Section 503.3. Any existing element that will form part of the lateral load path for any part of the addition shall be considered to be an existing lateral load-carrying structural element subject to the requirements of Section 502.3.
502.4,Section 502 Additions,Existing Structural Elements Carrying Lateral Load,Wall|Beam|Column|Slab,Residential (R),sd|dd|cd,structural_design,structural_engineer,"Where the addition is structurally independent of the existing structure, existing lateral load-carrying structural elements shall be permitted to remain unaltered. Where the addition is not structurally independent of the existing structure, the lateral force-resisting system of the existing structure and its addition acting together as a single structure shall comply with Section 1609 and with Section 304.3.1. Exception: Any existing lateral load-carrying structural element whose demand-capacity ratio with the addition considered is not more than 10 percent greater than its demand-capacity ratio with the addition ignored shall be permitted to remain unaltered. For purposes of calculating demand-capacity ratios, the demand shall consider applicable load combinations with design lateral loads or forces in accordance with Sections 1609 and 1613. When calculating demand-capacity ratios for wind, the date of original construction shall be permitted to be taken as the date of completion of a prior addition, alteration or repair in compliance with Section 1609 or the code wind forces in effect at the time. When calculating demand-capacity ratios for earthquake, the date of original construction shall be permitted to be taken as the date of completion of a prior addition, alteration or repair in compliance with Section 304.3.1 or the full seismic forces in effect at the time."
502.5,Section 502 Additions,"Smoke Barriers in Group I-1, Condition 2",Wall|Door|BuildingElementProxy,Institutional (I),sd|dd|cd,fire_resistance_smoke_protection,architect,"Where an addition to an existing Group I-1, Condition 2 building adds sleeping areas that result in more than 50 care recipients on a story, smoke barriers shall be provided to subdivide such story into not fewer than two smoke compartments in accordance with Section 420.6. Exception: Where the existing building is divided into smoke compartments and the addition does not result in any individual smoke compartment exceeding the size and travel distance requirements in Section 420.6, additional smoke barriers are not required."
502.6,Section 502 Additions,Enhanced Classroom Acoustics,Wall|Slab|Roof,Educational (E),sd|dd|cd,interior_environment,architect,"In Group E occupancies, enhanced classroom acoustics shall be provided in all classrooms in the addition with a volume of 20,000 cubic feet (565 m3) or less. Enhanced classroom acoustics shall comply with the reverberation time in Section 808 of ICC A117.1."
503.1,Section 503 Alterations,General,Stair|Railing|Slab|Wall,Assembly (A)|Business (B)|Educational (E)|Mercantile (M)|Residential (R),sd|dd|cd,means_of_egress,architect,"Alterations to any building or structure shall comply with the requirements of this code for new construction. Alterations shall be such that the existing building or structure is not less compliant with the provisions of this code for new construction than the existing building or structure was prior to the alteration, except that the structural elements need only comply with Sections 503.2 through 503.4. Exceptions: An existing stairway shall not be required to comply with the requirements of Section 1011 where the existing space and construction does not allow a reduction in pitch or slope. Handrails otherwise required to comply with Section 1011.11 shall not be required to comply with the requirements of Section 1014.7 regarding full extension of the handrails where such extensions would be hazardous because of plan configuration. Where provided in below-grade transportation stations, existing and new escalators shall be permitted to have a clear width of less than 32 inches (815 mm)."
503.2,Section 503 Alterations,Flood Hazard Areas,Slab|Wall|Footing|Roof|Door,Assembly (A)|Business (B)|Educational (E)|Residential (R)|Mercantile (M),sd|dd|cd,site_planning,architect,"For buildings and structures in flood hazard areas established by the flood plain administrator, any alteration that constitutes substantial improvement of the existing structure shall comply with the flood design requirements of this code for new construction, and all aspects of the existing structure shall be brought into compliance with the requirements of this code for new construction for flood design. For buildings and structures in flood hazard areas established in Section 1612.3, any alterations that do not constitute substantial improvement of the existing structure are not required to comply with the flood design requirements of this code for new construction."
503.3,Section 503 Alterations,Existing Structural Elements Carrying Gravity Load,Beam|Column|Slab|Roof|Footing,Residential (R)|Business (B)|Assembly (A),sd|dd|cd,structural_design,structural_engineer,Any existing gravity load-carrying structural element for which an alteration causes an increase in design gravity loads of more than 5 percent shall be replaced or altered as needed to carry the gravity loads required by this code for new structures. Any existing gravity load-carrying structural element whose gravity load-carrying capacity is decreased as part of the alteration shall be shown to have the capacity to resist the applicable design gravity loads required by this code for new structures. Exception: Buildings in which the increased dead load is due entirely to the addition of a second layer of roof covering weighing 3 pounds per square foot (0.1437 kN/m2) or less over an existing single layer of roof covering.
503.4,Section 503 Alterations,Existing Structural Elements Carrying Lateral Load,Wall|Column|Beam|Slab|BuildingElementProxy,Assembly (A)|Business (B)|Educational (E)|Residential (R)|Mercantile (M),sd|dd|cd,structural_design,structural_engineer,"Except as permitted by Section 503.13, where the alteration increases design lateral loads, results in a prohibited structural irregularity as defined in ASCE 7, or decreases the capacity of any existing lateral load-carrying structural element, the lateral force-resisting system of the altered building or structure shall meet the requirements of Section 1609 and Section 304.3.2. Exceptions: Any existing lateral load-carrying structural element whose demand-capacity ratio with the alteration considered is not more than 10 percent greater than its demand-capacity ratio with the alteration ignored shall be permitted to remain unaltered. For purposes of calculating demand-capacity ratios, the demand shall consider applicable load combinations with design lateral loads or forces in accordance with Section 1609 and Section 304.3.1 or 304.3.2. The same methodology shall be used for the altered and unaltered structures. When calculating demand-capacity ratios for wind, the date of original construction shall be permitted to be taken as the date of completion of a prior addition, alteration or repair in compliance with Section 1609 or the code wind forces in effect at the time. When calculating demand-capacity ratios for earthquake, the date of original construction shall be permitted to be taken as the date of completion of a prior addition, alteration or repair in compliance with Section 304.3.1 or 304.3.2, Item 1 or 3, or the full or reduced seismic forces in effect at the time. Buildings in which the increase in the demand-capacity ratio is due entirely to the addition of rooftop-supported mechanical equipment individually having an operating weight less than 400 pounds (181.4 kg) and where the total additional weight of all rooftop equipment placed after initial construction of the building is less than 10 percent of the roof dead load. For purposes of this exception, ""roof"" shall mean the roof level above a particular story. Increases in the demand-capacity ratio due to lateral loads from seismic forces need not be evaluated for the installation of rooftop photovoltaic panel systems where the additional roof dead load due to the system, including ballast where applicable, does not exceed 5 pounds per square foot (psf) (0.2394 kN/m2) and does not exceed 10 percent of the dead load of the existing roof."
503.13,Section 503 Alterations,Voluntary Lateral Force-Resisting System Alterations,Beam|Column|Slab|Wall,Assembly (A)|Business (B)|Educational (E)|Factory and Industrial (F)|Residential (R),sd|dd|cd,structural_design,structural_engineer,"Structural alterations that are intended exclusively to improve the lateral force-resisting system and are not required by other sections of this chapter shall not be subject to the structural requirements of Section 503, provided that all of the following apply: With the alteration complete, the capacity of existing structural systems to resist forces is not reduced. New structural elements are detailed and connected to existing or new structural elements as required by the selected design criteria. Exception: New lateral force-resisting systems designed in accordance with the new construction provisions of this code are permitted to be of a type designated as ""Ordinary"" or ""Intermediate"" where ASCE 7 Table 12.2-1 states these types of systems are not permitted. Supports and attachments for nonstructural elements removed and reinstalled to facilitate the work comply with this code for new construction. The alterations do not create a structural irregularity as defined in ASCE 7 or make an existing structural irregularity more severe. Exception: Condition 4 need not be satisfied where the work complies with Section 304.3.2, Item 3."
503.14,Section 503 Alterations,Smoke Compartments,Wall,Institutional (I),sd|dd|cd,fire_resistance_smoke_protection,architect,"In Group I-2 occupancies where the alteration is on a story used for sleeping rooms for more than 30 care recipients, the story shall be divided into not less than two compartments by smoke barrier walls in accordance with Section 407.5 as required for new construction."
503.16,Section 503 Alterations,Conditions for Group I-1 Occupancies,Wall|Door|Slab,Institutional (I),sd|dd|cd,occupancy_classification,architect,Group I-1 occupancies that are being altered and where the work area is greater than 50 percent of the aggregate building area shall be classified as Condition 1 or Condition 2 in accordance with Section 308.2.
503.16.1,Section 503 Alterations,"Smoke Barriers in Group I-1, Condition 2",Wall,Institutional (I),sd|dd|cd,fire_resistance_smoke_protection,architect,"In Group I-1, Condition 2 occupancies where the work area is on a story used for sleeping rooms for more than 30 care recipients, the story shall be divided into not less than two compartments by smoke barrier walls in accordance with Section 420.6."
503.17,Section 503 Alterations,Ambulatory Care Facilities,Wall|Door|Slab,Institutional (I),sd|dd|cd,fire_resistance_smoke_protection,architect,"Where a work area exceeds 50 percent of the building area and the work area includes an existing ambulatory care facility, the following shall be provided: A smoke compartment in accordance with Section 422.3 where the alteration results in an ambulatory care facility greater than 10,000 square feet on one story. Separation from adjacent spaces in accordance with Section 422.2, where any such facility has the potential for four or more care recipients are to be incapable of self-preservation at any time."
503.18,Section 503 Alterations,Enhanced Classroom Acoustics,Wall|Slab|Ceiling|BuildingElementProxy,Educational (E),sd|dd|cd,interior_environment,architect,"In Group E occupancies, where the work area exceeds 50 percent of the building area, enhanced classroom acoustics shall be provided in all classrooms with a volume of 20,000 cubic feet (565 m3) or less. Enhanced classroom acoustics shall comply with the reverberation time in Section 808 of ICC A117.1."
503.19,Section 503 Alterations,Locking Arrangements in Educational Occupancies,Door,Educational (E)|Business (B)|Institutional (I),sd|dd|cd,means_of_egress,architect,"In Group E occupancies, Group B educational occupancies and Group I-4 occupancies, egress doors with locking arrangements designed to keep intruders from entering the room shall comply with Section 1010.2.8."
503.20,Section 503 Alterations,Two-Way Communications Systems,Elevator|BuildingElementProxy,Assembly (A)|Business (B)|Educational (E)|Institutional (I)|Residential (R),sd|dd|cd,accessibility,architect,"Where the work area for alterations exceeds 50 percent of the building area and the building has elevator service, a two-way communication system shall be provided where required by Section 1009.8."
504.1,Section 504 Fire Escapes,Where Permitted,Stair|StairFlight|Railing|Door,Assembly (A)|Business (B)|Educational (E)|Residential (R)|Institutional (I),sd|dd|cd,means_of_egress,architect,Fire escapes shall be permitted only as provided for in Sections 504.1.1 through 504.1.4.
504.1.1,Section 504 Fire Escapes,New Buildings,Stair|StairFlight|BuildingElementProxy,Assembly (A)|Business (B)|Educational (E)|Factory and Industrial (F)|Residential (R),sd|dd|cd,means_of_egress,architect,Fire escapes shall not constitute any part of the required means of egress in new buildings.
504.1.2,Section 504 Fire Escapes,Existing Fire Escapes,Stair|BuildingElementProxy,Assembly (A)|Business (B)|Educational (E)|Factory and Industrial (F)|Residential (R),sd|dd|cd,means_of_egress,architect,Existing fire escapes shall continue to be accepted as a component in the means of egress in existing buildings only.
504.1.3,Section 504 Fire Escapes,New Fire Escapes,Stair|Railing|Door,Assembly (A)|Business (B)|Educational (E)|Factory and Industrial (F)|Residential (R),sd|dd|cd,means_of_egress,architect,"New fire escapes for existing buildings shall be permitted only where exterior stairways cannot be utilized because of lot lines limiting stairway size or because of sidewalks, alleys or roads at grade level. New fire escapes shall not incorporate ladders or access by windows."
504.1.4,Section 504 Fire Escapes,Limitations,Stair|StairFlight,Assembly (A)|Business (B)|Educational (E)|Factory and Industrial (F)|Residential (R),sd|dd|cd,means_of_egress,architect,Fire escapes shall comply with this section and shall not constitute more than 50 percent of the required number of exits nor more than 50 percent of the required exit capacity.
504.2,Section 504 Fire Escapes,Location,Stair|StairFlight|Slab,Assembly (A)|Business (B)|Residential (R)|Mercantile (M),sd|dd|cd,means_of_egress,architect,"Where located on the front of the building and where projecting beyond the building line, the lowest landing shall be not less than 7 feet (2134 mm) or more than 12 feet (3658 mm) above grade, and shall be equipped with a counterbalanced stairway to the street. In alleyways and thoroughfares less than 30 feet (9144 mm) wide, the clearance under the lowest landing shall be not less than 12 feet (3658 mm)."
504.3,Section 504 Fire Escapes,Construction,Stair|Railing|Slab,Assembly (A)|Business (B)|Educational (E)|Residential (R)|Institutional (I),sd|dd|cd,fire_resistance_smoke_protection,architect,The fire escape shall be designed to support a live load of 100 pounds per square foot (4788 Pa) and shall be constructed of steel or other approved noncombustible materials. Fire escapes constructed of wood not less than nominal 2 inches (51 mm) thick are permitted on buildings of Type V construction. Walkways and railings located over or supported by combustible roofs in buildings of Type III and IV construction are permitted to be of wood not less than nominal 2 inches (51 mm) thick.
504.4,Section 504 Fire Escapes,Dimensions,Stair|StairFlight|Slab|Door,Assembly (A)|Business (B)|Educational (E)|Factory and Industrial (F)|Residential (R),sd|dd|cd,means_of_egress,architect,"Stairways shall be not less than 22 inches (559 mm) wide with risers not more than, and treads not less than, 8 inches (203 mm) and landings at the foot of stairways not less than 40 inches (1016 mm) wide by 36 inches (914 mm) long, located not more than 8 inches (203 mm) below the door."
504.5,Section 504 Fire Escapes,Opening Protectives,Door|Window|Stair,Assembly (A)|Business (B)|Educational (E)|Institutional (I)|Residential (R),sd|dd|cd,fire_resistance_smoke_protection,architect,Doors and windows within 10 feet (3048 mm) of fire escape stairways shall be protected with 3/4-hour opening protectives.Exception: Opening protection shall not be required in buildings equipped throughout with an approved automatic sprinkler system.
505.1,Section 505 Windows and Emergency Escape Openings,Replacement Windows,Window,Assembly (A)|Business (B)|Educational (E)|Residential (R)|Mercantile (M),sd|dd|cd,assemblies_envelope,architect,The installation or replacement of windows shall be as required for new installations.
505.2,Section 505 Windows and Emergency Escape Openings,Window Fall Prevention on Replacement Windows,Window,Residential (R),sd|dd|cd,fire_resistance_smoke_protection,architect,"In Group R-2 or R-3 buildings containing dwelling units, window opening control devices or other window fall prevention devices complying with ASTM F2090 shall be installed where an existing window is replaced and where all of the following apply to the replacement window: The window is operable. One of the following applies: The window replacement includes replacement of the sash and frame. The window replacement includes the sash only where the existing frame remains. In Group R-2 or R-3 buildings containing dwelling units, the bottom of the clear opening of the window opening is at a height less than 36 inches (915 mm) above the finished floor. The window will permit openings that will allow passage of a 4-inch-diameter (102 mm) sphere when the window is in its largest opened position. The vertical distance from the bottom of the clear opening of the window opening to the finished grade or other surface below, on the exterior of the building, is greater than 72 inches (1829 mm). Exception: Operable windows where the bottom of the clear opening of the window opening is located more than 75 feet (22 860 mm) above the finished grade or other surface below, on the exterior of the room, space or building, and that are provided with window fall prevention devices that comply with ASTM F2006."
505.3,Section 505 Windows and Emergency Escape Openings,Replacement Window Emergency Escape and Rescue Openings,Window,Residential (R),sd|dd|cd,means_of_egress,architect,"Where windows are required to provide emergency escape and rescue openings in Group R-2 and R-3 occupancies, replacement windows shall be exempt from the requirements of Section 1031.3 provided that the replacement window is the manufacturer's largest standard size window that will fit within the existing frame or existing rough opening. The replacement window shall be permitted to be of the same operating style as the existing window or a style that provides for an equal or greater window opening area than the existing window."
505.3.1,Section 505 Windows and Emergency Escape Openings,Control Devices,Window,Residential (R)|Institutional (I)|Educational (E)|Assembly (A)|Business (B),sd|dd|cd,means_of_egress,architect,"Window opening control devices or fall prevention devices complying with ASTM F2090 shall be permitted for use on windows required to provide emergency escape and rescue openings. After operation to release the control device allowing the window to fully open, the control device shall not reduce the net clear opening area of the window unit. Emergency escape and rescue openings shall be operational from the inside of the room without the use of keys or tools."
505.4,Section 505 Windows and Emergency Escape Openings,"Bars, Grilles, Covers or Screens",Window|Covering,Residential (R),sd|dd|cd,means_of_egress,architect,"Bars, grilles, covers, screens or similar devices are permitted to be placed over emergency escape and rescue openings, bulkhead enclosure or window wells that serve such openings, provided all of the following conditions are met: The minimum net clear opening size complies with the code that was in effect at the time of construction. Such devices shall be releasable or removable from the inside without the use of a key, tool or force greater than that which is required for normal operation of the escape and rescue opening. Where such devices are installed, they shall not reduce the net clear opening of the emergency escape and rescue openings. Smoke alarms shall be installed in accordance with Section 907.2.11."
506.1,Section 506 Change of Occupancy,Compliance,BuildingElementProxy,Assembly (A)|Business (B)|Educational (E)|Factory and Industrial (F)|Residential (R),sd|dd|cd,occupancy_classification,architect,"A change of occupancy shall not be made in any building unless that building is made to comply with the new construction requirements of this code for the use or occupancy. Changes of occupancy in a building or portion thereof shall be such that the existing building is not less compliant with the provisions of this code than the existing building or structure was prior to the change. Subject to the approval of the building official, changes of occupancy shall be permitted without complying with all of the requirements of this code for the new occupancy, provided that the new occupancy is not more hazardous, based on life and fire risk, than the existing occupancy. Unless additions or alterations are made to the building or facility, change of occupancy alone shall not require compliance with the provisions of Chapter 11. Changes in occupancy resulting in multifamily dwellings need not comply with accessible design requirements for covered multifamily dwellings, except where an addition occurs, in accordance with Section 306. Exception: The building need not be made to comply with Chapter 16 unless required by Section 506.5."
506.1.1,Section 506 Change of Occupancy,Change in the Character of Use,BuildingElementProxy,Assembly (A)|Business (B)|Educational (E)|Factory and Industrial (F)|High Hazard (H),sd|dd|cd,occupancy_classification,architect,"A change of occupancy with no change of occupancy classification shall not be made to any structure that will subject the structure to any special provisions of this code, without approval of the building official. Compliance shall be only as necessary to meet the specific provisions and is not intended to require the entire building be brought into compliance."
506.2,Section 506 Change of Occupancy,Certificate of Occupancy,BuildingElementProxy,Assembly (A)|Business (B)|Educational (E)|Factory and Industrial (F)|Residential (R),cd|ca,occupancy_classification,architect,A certificate of occupancy shall be issued where it has been determined that the requirements for the new occupancy classification have been met.
506.3,Section 506 Change of Occupancy,Stairways,Stair|StairFlight,Assembly (A)|Business (B)|Educational (E)|Factory and Industrial (F)|Residential (R),sd|dd|cd,means_of_egress,architect,An existing stairway shall not be required to comply with the requirements of Section 1011 where the existing space and construction does not allow a reduction in pitch or slope.
506.4,Section 506 Change of Occupancy,Existing Emergency Escape and Rescue Openings,Window,Residential (R)|Institutional (I)|Assembly (A)|Educational (E)|Business (B),sd|dd|cd,means_of_egress,architect,"Where a change of occupancy would require an emergency escape and rescue opening in accordance with Section 1031.1, operable windows serving as the emergency escape and rescue opening shall comply with the following: An existing operable window shall provide a minimum net clear opening of 4 square feet (0.38 m2) with a minimum net clear opening height of 22 inches (559 mm) and a minimum net clear opening width of 20 inches (508 mm). A replacement window where such window complies with both of the following: The replacement window meets the size requirements in Item 1. The replacement window is the manufacturer's largest standard size window that will fit within the existing frame or existing rough opening. The replacement window shall be permitted to be of the same operating style as the existing window or a style that provides for an equal or greater window opening area than the existing window."
506.5,Section 506 Change of Occupancy,Structural,Wall|Beam|Column|Slab|Roof,Assembly (A)|Business (B)|Educational (E)|Factory and Industrial (F)|Residential (R),sd|dd|cd,structural_design,structural_engineer,Any building undergoing a change of occupancy shall satisfy the requirements of this section.
506.5.1,Section 506 Change of Occupancy,Live Loads,Beam|Column|Slab|Footing|Wall,Assembly (A)|Business (B)|Educational (E)|Mercantile (M)|Residential (R),sd|dd|cd,structural_design,structural_engineer,Structural elements carrying tributary live loads from an area with a change of occupancy shall satisfy the requirements of Section 1607. Design live loads for areas of new occupancy shall be based on Section 1607. Design live loads for other areas shall be permitted to use previously approved design live loads. Exception: Structural elements whose demand-capacity ratio considering the change of occupancy is not more than 5 percent greater than the demand-capacity ratio based on previously approved live loads need not comply with this section.
506.5.2,Section 506 Change of Occupancy,Snow and Wind Loads,Wall|Roof|Slab|Column|Beam,Assembly (A)|Business (B)|Educational (E)|Residential (R)|Institutional (I),sd|dd|cd,structural_design,structural_engineer,"Where a change of occupancy results in a structure being assigned to a higher risk category, the entire structure shall satisfy the requirements of Sections 1608 and 1609 for the new risk category. Exception: Where the area of the new occupancy is less than 10 percent of the building area, compliance with this section is not required."
506.5.3,Section 506 Change of Occupancy,Seismic Loads (Seismic Force-Resisting System),Wall|Column|Beam|Slab|BuildingElementProxy,Storage (S)|Utility and Miscellaneous (U)|Assembly (A)|Business (B)|Institutional (I),sd|dd|cd,structural_design,structural_engineer,"Where a change of occupancy results in a building being assigned to a higher risk category, or where the change is from a Group S or Group U occupancy to any occupancy other than Group S or Group U, the lateral force-resisting system of the building shall comply with Section 304.3.1 for the new risk category. Where a change of occupancy results in a building being assigned to Risk Category IV and Seismic Design Category D or F, nonstructural components serving any portion of the building changed to Risk Category IV shall comply with the requirements of Section 1613 or shall comply with ASCE 41 using an objective of Operational nonstructural performance with the BSE-1N earthquake hazard level. Exceptions: Where the area of the new occupancy is less than 10 percent of the building area, the occupancy is not changing from a Group S or Group U occupancy, and the new occupancy is not assigned to Risk Category IV, compliance with this section is not required. Where a change of use results in a building being reclassified from Risk Category I or II to Risk Category III and the seismic coefficient, SDS, is less than 0.33, compliance with this section is not required. Where the change is from a Group S or Group U occupancy and there is no change of risk category, compliance with Section 304.3.2 shall be permitted."
new_507.1,Section 507 Historic Buildings,General,Wall|Roof|Slab|Door|Window,Assembly (A)|Business (B)|Educational (E)|Residential (R)|Mercantile (M),sd|dd|cd,special_construction,architect,"Alterations and additions necessary for the preservation, restoration, rehabilitation or continued use of a building or structure may be made without conformance to all the requirements of this code when authorized by the building official, provided that: The building or structure has been designated by official action of the legally constituted authority of the municipality as having special historical or architectural significance. Any unsafe conditions are corrected. The restored building or structure will be no more hazardous based on life safety, fire safety and sanitation than the existing building. The building official seeks the advice of the State of Oregon historic preservation officer. In case of appeals related to historic buildings, the local appeals board or the appropriate state appeals board shall seek the advice of the State of Oregon historic preservation officer."
507.3,Section 507 Historic Buildings,Flood Hazard Areas,BuildingElementProxy|Slab|Wall|Footing,Assembly (A)|Business (B)|Educational (E)|Factory and Industrial (F)|Residential (R),sd|dd|cd,site_planning,architect,"Within flood hazard areas established by the flood plain administrator, where the work proposed constitutes substantial improvement, the building shall be brought into compliance with Section 1612. Exception: Historic buildings meeting any of the following criteria need not be brought into compliance: Listed or preliminarily determined to be eligible for listing in the National Register of Historic Places. Determined by the Secretary of the US Department of Interior as contributing to the historical significance of a registered historic district or a district preliminarily determined to qualify as an historic district. Designated as historic under a state or local historic preservation program that is approved by the Department of Interior."
507.4,Section 507 Historic Buildings,Structural,Wall|Beam|Column|Slab|Footing,Assembly (A)|Business (B)|Educational (E)|Factory and Industrial (F)|Residential (R),dd|cd,structural_design,structural_engineer,Historic buildings shall comply with the applicable structural provisions of Chapter 5. Exception: The building official shall be authorized to accept existing floors and existing live loads and to approve operational controls that limit the live load on any floor.
new_507.5,Section 507 Historic Buildings,Substantial Structural Damage,Wall|Beam|Column|Slab|Footing,Assembly (A)|Business (B)|Educational (E)|Residential (R)|Institutional (I),cd|ca,structural_design,structural_engineer,Repair of substantial structural damage is not required to comply with Sections 405.2.3 and 405.2.4. Substantial structural damage shall be repaired in accordance with Section 405.2.1.
