id,section,title,ifc_type,occupancy,design_phase,code_category,primary_responsibility,body
2,,Definitions,BuildingElementProxy,Assembly (A)|Business (B)|Educational (E)|Factory and Industrial (F)|Residential (R),concept|sd|dd|cd|ca,occupancy_classification,architect,"User notes:About this chapter: Codes, by their very nature, are technical documents. Every word, term and punctuation mark can add to or change the meaning of a technical requirement. It is necessary to maintain a consensus on the specific meaning of each term contained in the code. Chapter 2 performs this function by stating clearly what specific terms mean for the purpose of the code."
201.1,Section 201 General,Scope,BuildingElementProxy,Assembly (A)|Business (B)|Educational (E)|Factory and Industrial (F)|Residential (R),concept|sd|dd|cd,occupancy_classification,architect,"Unless otherwise expressly stated, the following words and terms shall, for the purposes of this code, have the meanings shown in this chapter."
201.2,Section 201 General,Interchangeability,BuildingElementProxy,Assembly (A)|Business (B)|Educational (E)|Factory and Industrial (F)|Residential (R),concept|sd|dd|cd,occupancy_classification,architect,"Words used in the present tense include the future; words stated in the masculine gender include the feminine and neuter; the singular number includes the plural and the plural, the singular."
201.3,Section 201 General,Terms Defined in Other Codes,BuildingElementProxy,Assembly (A)|Business (B)|Educational (E)|Factory and Industrial (F)|High Hazard (H),cd,occupancy_classification,architect,"Where terms are not defined in this code and are defined in the other International Codes, such terms shall have the meanings ascribed to them in those codes."
201.4,Section 201 General,Terms Not Defined,BuildingElementProxy,Assembly (A)|Business (B)|Educational (E)|Factory and Industrial (F)|Residential (R),concept|sd|dd|cd,occupancy_classification,architect,"Where terms are not defined through the methods authorized by this chapter, such terms shall have ordinarily accepted meanings such as the context implies."
addition_,Section 202 General Definitions,Addition,Wall|Slab|Column|Roof,Assembly (A)|Business (B)|Educational (E)|Factory and Industrial (F)|Residential (R),sd|dd|cd,building_height_area_limits,architect,"An extension or increase in floor area, number of stories, or height of a building or structure."
alteration_,Section 202 General Definitions,Alteration,Wall|Slab|Door|Window|Roof,Assembly (A)|Business (B)|Educational (E)|Residential (R)|Mercantile (M),sd|dd|cd,occupancy_classification,architect,Any construction or renovation to an existing structure other than a repair or addition.
ambulatory_care_facility_,Section 202 General Definitions,Ambulatory Care Facility,Wall|Door|Slab,Institutional (I),concept|sd|dd|cd,occupancy_classification,architect,"Buildings or portions thereof used to provide medical, surgical, psychiatric, nursing or similar care on a less than 24-hour basis to persons who are rendered incapable of self-preservation by the services provided or staff has accepted responsibility for care recipients already incapable."
approved_,Section 202 General Definitions,Approved,BuildingElementProxy,Assembly (A)|Business (B)|Educational (E)|Factory and Industrial (F)|Residential (R),cd|ca,special_construction,architect,Acceptable to the code official.
approved_agency_,Section 202 General Definitions,Approved Agency,BuildingElementProxy,Assembly (A)|Business (B)|Educational (E)|Factory and Industrial (F)|Residential (R),cd|ca,special_construction,architect,"An established and recognized organization that is regularly engaged in conducting tests, furnishing inspection services or furnishing product evaluation or certification where such organization has been approved by the code official."
BUILDING_,Section 202 General Definitions,Building,Wall|Roof|Slab|Column|BuildingElementProxy,Assembly (A)|Business (B)|Educational (E)|Residential (R)|Storage (S),concept|sd|dd|cd,occupancy_classification,architect,Any structure utilized or intended for supporting or sheltering any occupancy.
change_of_occupancy_,Section 202 General Definitions,Change of Occupancy,BuildingElementProxy,Assembly (A)|Business (B)|Educational (E)|Residential (R)|Mercantile (M),sd|dd|cd,occupancy_classification,architect,"Any of the following shall be considered as a change of occupancy where the current International Building Code requires a greater degree of safety, accessibility, structural strength, fire protection, means of egress, ventilation or sanitation than is existing in the current building or structure: Any change in the occupancy classification of a building or structure. Any change in the purpose of, or a change in the level of activity within, a building or structure. A change of use."
change_of_use_,Section 202 General Definitions,Change of Use,BuildingElementProxy,Assembly (A)|Business (B)|Educational (E)|Factory and Industrial (F)|High Hazard (H),sd|dd|cd,occupancy_classification,architect,"A change in the use of a building or a portion of a building, within the same group classification, for which there is a change in application of the code requirements."
code_official_,Section 202 General Definitions,Code Official,BuildingElementProxy,Assembly (A)|Business (B)|Educational (E)|Factory and Industrial (F)|Residential (R),cd|ca,occupancy_classification,owner,The officer or other designated authority charged with the administration and enforcement of this code.
dangerous_,Section 202 General Definitions,Dangerous,Wall|Column|Roof|Slab|BuildingElementProxy,Assembly (A)|Business (B)|Educational (E)|Factory and Industrial (F)|Residential (R),sd|dd|cd|ca,structural_design,structural_engineer,"Any building, structure or portion thereof that meets any of the conditions described below shall be deemed dangerous: The building or structure has collapsed, has partially collapsed, has moved off its foundation or lacks the necessary support of the ground. There exists a significant risk of collapse, detachment or dislodgement of any portion, member, appurtenance or ornamentation of the building or structure under permanent, routine or frequent loads; under actual loads already in effect; or under snow, wind, rain, flood, earthquake aftershock or other environmental loads when such loads are imminent."
deferred_submittal_,Section 202 General Definitions,Deferred Submittal,BuildingElementProxy,Assembly (A)|Business (B)|Educational (E)|Factory and Industrial (F)|Residential (R),cd|ca,special_construction,architect,Those portions of the design that are not submitted at the time of the application and that are to be submitted to the code official within a specified period.
disproportionate_earthquake_damage_,Section 202 General Definitions,Disproportionate Earthquake Damage,Column|Wall|Beam,Assembly (A)|Business (B)|Educational (E)|Residential (R)|Institutional (I),sd|dd|cd,structural_design,structural_engineer,"A condition of earthquake-related damage where both of the following occur: The 0.3-second spectral acceleration at the building site for the earthquake in question, as estimated by one of the following, is less than 30 percent of the mapped acceleration parameter SS: The United States Geological Survey's algorithm for the data point closest to the site. As determined from peer-reviewed seismograph records from the site or from locations closer to the site than the algorithm-provided data points. The vertical elements of the lateral force-resisting system have suffered damage such that the lateral load-carrying capacity of any story in any horizontal direction has been reduced by more than 10 percent from its pre-earthquake condition."
emergency_escape_and_rescue_opening_,Section 202 General Definitions,Emergency Escape and Rescue Opening,Window|Door|Wall,Residential (R)|Institutional (I)|Educational (E),sd|dd|cd,means_of_egress,architect,"An operable exterior window, door or other similar device that provides for a means of escape and access for rescue in the event of an emergency."
equipment_or_fixture_,Section 202 General Definitions,Equipment or Fixture,BuildingElementProxy|Elevator,Business (B)|Factory and Industrial (F)|Institutional (I)|Mercantile (M)|Residential (R),sd|dd|cd,mechanical_systems,mechanical_engineer,"Any plumbing, heating, electrical, ventilating, air conditioning, refrigerating and fire protection equipment; and elevators, dumbwaiters, escalators, boilers, pressure vessels and other mechanical facilities; or installations that are related to building services. Equipment or fixture shall not include manufacturing, production or process equipment, but shall include connections from building service to process equipment."
existing_building_,Section 202 General Definitions,Existing Building,BuildingElementProxy,Assembly (A)|Business (B)|Educational (E)|Factory and Industrial (F)|Residential (R),concept|sd|dd|cd,occupancy_classification,architect,"A building erected prior to the date of adoption of the appropriate code, or one for which a legal building permit has been issued."
existing_structure_,Section 202 General Definitions,Existing Structure,BuildingElementProxy,Assembly (A)|Business (B)|Educational (E)|Factory and Industrial (F)|High Hazard (H),concept|sd|dd|cd,occupancy_classification,architect,"A structure erected prior to the date of adoption of the appropriate code, or one for which a legal building permit has been issued."
exterior_wall_covering_,Section 202 General Definitions,Exterior Wall Covering,Covering|Wall,Assembly (A)|Business (B)|Educational (E)|Residential (R)|Mercantile (M),sd|dd|cd,assemblies_envelope,architect,"A material or assembly of materials applied on the exterior side of exterior walls for the purpose of providing a weather-resisting barrier, insulation or for aesthetics, including but not limited to, veneers, siding, exterior insulation and finish systems, architectural trim and embellishments, such as cornices, soffits, facias, gutters and leaders."
exterior_wall_envelope_,Section 202 General Definitions,Exterior Wall Envelope,Wall|Slab|Roof|Covering|BuildingElementProxy,Assembly (A)|Business (B)|Educational (E)|Factory and Industrial (F)|Residential (R),sd|dd|cd,assemblies_envelope,architect,"A system or assembly of exterior wall components, including exterior wall finish materials, that provides protection of the building structural members, including framing and sheathing materials, and conditioned interior space from the detrimental effects of the exterior environment."
facility_,Section 202 General Definitions,Facility,BuildingElementProxy|Wall|Door|Ramp|Slab,Assembly (A)|Business (B)|Educational (E)|Mercantile (M)|Residential (R),concept|sd|dd|cd,accessibility,architect,"All or any portion of buildings, structures, site improvements, elements and pedestrian or vehicular routes located on a site."
flood_hazard_area_,Section 202 General Definitions,Flood Hazard Area,BuildingElementProxy,Assembly (A)|Business (B)|Educational (E)|Factory and Industrial (F)|Residential (R),concept|sd|dd,site_planning,civil_engineer,"The greater of the following two areas: The area within a flood plain subject to a 1-percent or greater chance of flooding in any year. The area designated as a flood hazard area on a community's flood hazard map, or otherwise legally designated."
historic_building_,Section 202 General Definitions,Historic Building,BuildingElementProxy,Assembly (A)|Business (B)|Educational (E)|Residential (R)|Mercantile (M),concept|sd|dd|cd,special_construction,architect,"Any building or structure that is one or more of the following: Listed, or certified as eligible for listing, by the State Historic Preservation Officer or the Keeper of the National Register of Historic Places, in the National Register of Historic Places. Designated as historic under an applicable state or local law. Certified as a contributing resource within a National Register, state designated or locally designated historic district."
listed_,Section 202 General Definitions,Listed,BuildingElementProxy,Assembly (A)|Business (B)|Educational (E)|Factory and Industrial (F)|High Hazard (H),cd,finishes_materials,architect,"Equipment, materials, products or services included in a list published by an organization acceptable to the code official and concerned with evaluation of products or services that maintains periodic inspection of production of listed equipment or materials or periodic evaluation of services and whose listing states either that the equipment, material, product or service meets identified standards or has been tested and found suitable for a specified purpose. Terms that are used to identify listed equipment, products or materials include ""listed,"" ""certified,""""classified"" or other terms as determined appropriate by the listing organization."
lowest_floor_,Section 202 General Definitions,Lowest Floor,Slab|Wall|Door,Residential (R)|Assembly (A)|Business (B),sd|dd|cd,site_planning,architect,"The lowest floor of the lowest enclosed area, including basement, but excluding any unfinished or flood-resistant enclosure, usable solely for vehicle parking, building access or limited storage provided that such enclosure is not built so as to render the structure in violation of Section 1612 of the International Building Code or Section R322 of the International Residential Code, as applicable."
noncombustible_material_,Section 202 General Definitions,Noncombustible Material,Wall|Roof|Slab|Column|Beam,Assembly (A)|Business (B)|Residential (R),sd|dd|cd,finishes_materials,architect,"A material that, under the conditions anticipated, will not ignite or burn when subjected to fire or heat. Materials that pass ASTM E136 are considered noncombustible materials."
occupiable_roof_,Section 202 General Definitions,Occupiable Roof,Roof|Slab|Railing|Stair|Door,Assembly (A)|Business (B)|Residential (R),sd|dd|cd,means_of_egress,architect,"An exterior space on a roof that is designed for human occupancy, other than maintenance or repair, and which is equipped with a means of egress system meeting the requirements of this code."
peer_review_,Section 202 General Definitions,Peer Review,BuildingElementProxy,Assembly (A)|Business (B)|Educational (E)|Residential (R)|Institutional (I),cd,special_construction,owner,An independent and objective technical review conducted by an approved third party.
photovoltaic_panel_system_,Section 202 General Definitions,Photovoltaic Panel System,BuildingElementProxy|Roof|Slab|Covering,Business (B)|Educational (E)|Factory and Industrial (F)|Residential (R)|Mercantile (M),sd|dd|cd,special_construction,architect,"A system that incorporates discrete photovoltaic panels, that converts solar radiation into electricity, including rack support systems."
primary_function_,Section 202 General Definitions,Primary Function,Door|Slab|Wall|BuildingElementProxy,Assembly (A)|Business (B)|Educational (E)|Mercantile (M),concept|sd|dd|cd,accessibility,architect,"A primary function is a major activity for which the facility is intended. Areas that contain a primary function include, but are not limited to, the customer services lobby of a bank, the dining area of a cafeteria, the meeting rooms in a conference center, as well as offices and other work areas in which the activities of the public accommodation or other private entity using the facility are carried out. Mechanical rooms, boiler rooms, supply storage rooms, employee lounges or locker rooms, janitorial closets, entrances, corridors and restrooms are not areas containing a primary function."
registered_design_professional_in_responsible_charge_,Section 202 General Definitions,Registered Design Professional in Responsible Charge,BuildingElementProxy,Assembly (A)|Business (B)|Educational (E)|Factory and Industrial (F)|Residential (R),sd|dd|cd,occupancy_classification,architect,"A registered design professional engaged by the owner or the owner's authorized agent to review and coordinate certain aspects of the project, as determined by the code official, for compatibility with the design of the building or structure, including submittal documents prepared by others, deferred submittal documents and phased submittal documents."
relocatable_building_,Section 202 General Definitions,Relocatable Building,BuildingElementProxy|Wall|Roof|Slab|Door,Business (B)|Educational (E)|Assembly (A)|Residential (R)|Utility and Miscellaneous (U),concept|sd|dd|cd,special_construction,architect,A partially or completely assembled building constructed and designed to be reused multiple times and transported to different building sites.
repair_,Section 202 General Definitions,Repair,Wall|Roof|Slab|Door|Window,Assembly (A)|Business (B)|Educational (E)|Residential (R)|Mercantile (M),sd|dd|cd,special_construction,architect,"The reconstruction, replacement or renewal of any part of an existing building for the purpose of its maintenance or to correct damage."
reroofing_,Section 202 General Definitions,Reroofing,Roof|Covering,Assembly (A)|Business (B)|Educational (E)|Residential (R)|Mercantile (M),sd|dd|cd,assemblies_envelope,architect,"The process of recovering or replacing an existing roof covering. See ""Roof recover"" and ""Roof replacement."""
risk_category_,Section 202 General Definitions,Risk Category,BuildingElementProxy|Column|Wall|Slab|Roof,Assembly (A)|Business (B)|Educational (E)|Residential (R)|Institutional (I),sd|dd|cd,structural_design,structural_engineer,"A categorization of buildings and other structures for determination of flood, wind, snow, ice and earthquake loads based on the risk associated with unacceptable performance, as provided in Section 1604.5 of the International Building Code."
roof_coating_,Section 202 General Definitions,Roof Coating,Roof|Covering,Assembly (A)|Business (B)|Educational (E)|Factory and Industrial (F)|High Hazard (H),dd|cd,finishes_materials,architect,"A fluid-applied adhered coating used for roof maintenance, roof repair or as a component of a roof covering system or roof assembly."
roof_recover_,Section 202 General Definitions,Roof Recover,Roof|Slab|Covering,Assembly (A)|Business (B)|Educational (E)|Factory and Industrial (F)|Residential (R),sd|dd|cd,assemblies_envelope,architect,The process of installing an additional roof covering over a prepared existing roof covering without removing the existing roof covering.
roof_repair_,Section 202 General Definitions,Roof Repair,Roof,Assembly (A)|Business (B)|Educational (E)|Residential (R)|Mercantile (M),sd|dd|cd,assemblies_envelope,architect,Reconstruction or renewal of any part of an existing roof for the purpose of correcting damage or restoring the predamage condition.
roof_replacement_,Section 202 General Definitions,Roof Replacement,Roof|Slab|Covering,Assembly (A)|Business (B)|Educational (E)|Residential (R)|Mercantile (M),sd|dd|cd,assemblies_envelope,architect,"The process of removing the existing roof covering, repairing any damaged substrate and installing a new roof covering."
storm_shelter_,Section 202 General Definitions,Storm Shelter,Wall|Roof|Slab|Door|Window,Assembly (A)|Educational (E)|Institutional (I),sd|dd|cd,special_construction,architect,"A building, structure or portions thereof, constructed in accordance with ICC 500, designated for use during hurricanes, tornadoes or other severe windstorms."
substantial_damage_,Section 202 General Definitions,Substantial Damage,BuildingElementProxy,Assembly (A)|Business (B)|Educational (E)|Factory and Industrial (F)|Residential (R),sd|dd|cd,site_planning,architect,"For the purpose of determining compliance with the flood provisions of this code, damage of any origin sustained by a structure whereby the cost of restoring the structure to its before-damaged condition would equal or exceed 50 percent of the market value of the structure before the damage occurred."
substantial_improvement_,Section 202 General Definitions,Substantial Improvement,Wall|Roof|Slab|Door|Window,Business (B)|Residential (R)|Assembly (A)|Mercantile (M)|Institutional (I),sd|dd|cd,site_planning,architect,"For the purpose of determining compliance with the flood provisions of this code, any repair, alteration, addition or improvement of a building or structure, the cost of which equals or exceeds 50 percent of the market value of the structure, before the improvement or repair is started. If the structure has sustained substantial damage, any repairs are considered substantial improvement regardless of the actual repair work performed. The term does not, however, include either of the following: Any project for improvement of a building required to correct existing health, sanitary or safety code violations identified by the code official and that is the minimum necessary to ensure safe living conditions. Any alteration of a historic structure, provided that the alteration will not preclude the structure's continued designation as a historic structure."
substantial_structural_alteration_,Section 202 General Definitions,Substantial Structural Alteration,Beam|Column|Slab|Roof|Footing,Assembly (A)|Business (B)|Educational (E)|Factory and Industrial (F)|Residential (R),sd|dd|cd,structural_design,structural_engineer,"An alteration in which the gravity load-carrying structural elements altered within a 5-year period support more than 30 percent of the total floor and roof area of the building or structure. The areas to be counted toward the 30 percent shall include mezzanines, penthouses, and in-filled courts and shafts tributary to the altered structural elements."
substantial_structural_damage_,Section 202 General Definitions,Substantial Structural Damage,Column|Beam|Slab|Wall|Roof,Assembly (A)|Business (B)|Educational (E)|Residential (R)|Institutional (I),sd|dd|cd,structural_design,structural_engineer,"A condition where any of the following apply: The vertical elements of the lateral force-resisting system have suffered damage such that the lateral load-carrying capacity of any story in any horizontal direction has been reduced by more than 33 percent from its predamage condition. The capacity of any vertical component carrying gravity load, or any group of such components, that has a tributary area more than 30 percent of the total area of the structure's floor(s) and roof(s) has been reduced more than 20 percent from its predamage condition, and the remaining capacity of such affected elements, with respect to all dead and live loads, is less than 75 percent of that required by the International Building Code for new buildings of similar structure, purpose and location. The capacity of any structural component carrying snow load, or any group of such components, that supports more than 30 percent of the roof area of similar construction has been reduced more than 20 percent from its predamage condition, and the remaining capacity with respect to dead, live and snow loads is less than 75 percent of that required by the International Building Code for new buildings of similar structure, purpose and location. For purposes of this definition, work done to implement repairs shall not be considered damage that reduces structural capacity."
technically_infeasible_,Section 202 General Definitions,Technically Infeasible,Wall|Column|Bearing|BuildingElementProxy,Assembly (A)|Business (B)|Educational (E)|Mercantile (M)|Residential (R),sd|dd|cd,accessibility,architect,"An alteration of a facility that has little likelihood of being accomplished because the existing structural conditions require the removal or alteration of a load-bearing member that is an essential part of the structural frame, or because other existing physical or site constraints prohibit modification or addition of elements, spaces or features which are in full and strict compliance with the minimum requirements for new construction and which are necessary to provide accessibility."
unsafe_,Section 202 General Definitions,Unsafe,Wall|Door|Window|Slab|Roof,Assembly (A)|Business (B)|Educational (E)|Residential (R)|Mercantile (M),sd|dd|cd,fire_resistance_smoke_protection,architect,"Buildings, structures or equipment that are unsanitary, or that are deficient due to inadequate means of egress facilities, inadequate light and ventilation, or that constitute a fire hazard, or in which the structure or individual structural members meet the definition of ""Dangerous,"" or that are otherwise dangerous to human life or the public welfare, or that involve illegal or improper occupancy or inadequate maintenance shall be deemed unsafe. A vacant structure that is not secured against entry shall be deemed unsafe."
work_area_,Section 202 General Definitions,Work Area,BuildingElementProxy,Assembly (A)|Business (B)|Educational (E)|Factory and Industrial (F)|Residential (R),sd|dd|cd,occupancy_classification,architect,That portion or portions of a building consisting of all reconfigured spaces as indicated on the construction documents. Work area excludes other portions of the building where incidental work entailed by the intended work must be performed and portions of the building where work not initially intended by the owner is specifically required by this code.
