id,section,title,ifc_type,occupancy,design_phase,code_category,primary_responsibility,body
1,,Scope and Administration,BuildingElementProxy,Assembly (A)|Business (B)|Educational (E)|Factory and Industrial (F)|High Hazard (H),concept|sd|dd|cd,occupancy_classification,architect,"User notes:About this chapter: Chapter 1 establishes the limits of applicability of the code and describes how the code is to be applied and enforced. Chapter 1 is in two parts: Part 1—Scope and Application (Sections 101—102) and Part 2—Administration and Enforcement (Sections 103—116). Section 101 identifies which buildings and structures come under its purview and references other I-Codes as applicable. Standards and codes are scoped to the extent referenced (see Section 102.4).This code is intended to be adopted as a legally enforceable document and it cannot be effective without adequate provisions for its administration and enforcement. The provisions of Chapter 1 establish the authority and duties of the code official appointed by the authority having jurisdiction and also establish the rights and privileges of the design professional, contractor and property owner. Chapter 1 is largely concerned with maintaining ""due process of law"" in enforcing the building performance criteria contained in the body of the code.Code development reminder: Code change proposals to this chapter will be considered by the Administrative Code Development Committee during the 2025 (Group B) Code Development Cycle.Section 104 was revised for the 2024 edition. For complete information, see the Relocations table in the Preface of this code.QR code use: A QR code is placed at the beginning of any section that has undergone technical revision. To see those revisions, scan the QR code with a smart device or enter the 7-digit code beneath the QR code at the end of the following URL: qr.iccsafe.org/ (see Formatting Changes to the 2024 International Codes for more information)."
101.1,Section 101 Scope and General Requirements,Title,BuildingElementProxy,Assembly (A)|Business (B)|Educational (E)|Factory and Industrial (F)|High Hazard (H),concept|sd|dd|cd,occupancy_classification,architect,"These regulations shall be known as the Building Code of [name of jurisdiction], hereinafter referred to as ""this code."""
101.2,Section 101 Scope and General Requirements,Scope,Wall|Roof|Slab|Door|Window,Assembly (A)|Business (B)|Educational (E)|Factory and Industrial (F)|Residential (R),concept|sd|dd|cd,occupancy_classification,architect,"The provisions of this code shall apply to the construction, alteration, relocation, enlargement, replacement, repair, equipment, use and occupancy, location, maintenance, removal and demolition of every building or structure or any appurtenances connected or attached to such buildings or structures.Exception: Detached one- and two-family dwellings and townhouses not more than three stories above grade plane in height with a separate means of egress, and their accessory structures not more than three stories above grade plane in height, shall comply with this code or the International Residential Code."
101.2.1,Section 101 Scope and General Requirements,Appendices,BuildingElementProxy,Assembly (A)|Business (B)|Educational (E)|Factory and Industrial (F)|High Hazard (H),cd,occupancy_classification,architect,Provisions in the appendices shall not apply unless specifically adopted.
101.3,Section 101 Scope and General Requirements,Purpose,Wall|Door|Slab|Window|Roof,Assembly (A)|Business (B)|Educational (E)|Residential (R)|Storage (S),concept|sd|dd|cd,occupancy_classification,architect,"The purpose of this code is to establish the minimum requirements to provide a reasonable level of safety, health and general welfare through structural strength, means of egress, stability, sanitation, light and ventilation, energy conservation, and for providing a reasonable level of life safety and property protection from the hazards of fire, explosion or dangerous conditions, and to provide a reasonable level of safety to fire fighters and emergency responders during emergency operations."
101.4,Section 101 Scope and General Requirements,Referenced Codes,BuildingElementProxy,Assembly (A)|Business (B)|Educational (E)|Factory and Industrial (F)|Residential (R),concept|sd|dd|cd,occupancy_classification,architect,The other codes specified in Sections 101.4.1 through 101.4.7 and referenced elsewhere in this code shall be considered to be part of the requirements of this code to the prescribed extent of each such reference.
101.4.1,Section 101 Scope and General Requirements,Gas,BuildingElementProxy,Residential (R)|Business (B)|Mercantile (M),sd|dd|cd,mechanical_systems,mechanical_engineer,"The provisions of the International Fuel Gas Code shall apply to the installation of gas piping from the point of delivery, gas appliances and related accessories as covered in this code. These requirements apply to gas piping systems extending from the point of delivery to the inlet connections of appliances and the installation and operation of residential and commercial gas appliances and related accessories."
101.4.2,Section 101 Scope and General Requirements,Mechanical,BuildingElementProxy|Covering|Slab|Roof,Assembly (A)|Business (B)|Educational (E)|Factory and Industrial (F)|Residential (R),sd|dd|cd,mechanical_systems,mechanical_engineer,"The provisions of the International Mechanical Code shall apply to the installation, alterations, repairs and replacement of mechanical systems, including equipment, appliances, fixtures, fittings and appurtenances, including ventilating, heating, cooling, air-conditioning and refrigeration systems, incinerators and other energy-related systems."
101.4.3,Section 101 Scope and General Requirements,Plumbing,BuildingElementProxy,Assembly (A)|Business (B)|Educational (E)|Institutional (I)|Residential (R),sd|dd|cd,plumbing_systems,mechanical_engineer,"The provisions of the International Plumbing Code shall apply to the installation, alteration, repair and replacement of plumbing systems, including equipment, appliances, fixtures, fittings and appurtenances, and where connected to a water or sewage system and all aspects of a medical gas system. The provisions of the International Private Sewage Disposal Code shall apply to private sewage disposal systems."
101.4.4,Section 101 Scope and General Requirements,Property Maintenance,Wall|Roof|Door|Window|Slab,Assembly (A)|Business (B)|Residential (R)|Mercantile (M)|Storage (S),ca,interior_environment,owner,"The provisions of the International Property Maintenance Code shall apply to existing structures and premises; equipment and facilities; light, ventilation, space heating, sanitation, life and fire safety hazards; responsibilities of owners, operators and occupants; and occupancy of existing premises and structures."
101.4.5,Section 101 Scope and General Requirements,Fire Prevention,Wall|Slab|Roof|Door|BuildingElementProxy,Assembly (A)|Business (B)|Residential (R)|Institutional (I)|Storage (S),sd|dd|cd,fire_protection_alarm_systems,fire_protection_engineer,"The provisions of the International Fire Code shall apply to matters affecting or relating to structures, processes and premises from the hazard of fire and explosion arising from the storage, handling or use of structures, materials or devices; from conditions hazardous to life, property or public welfare in the occupancy of structures or premises; and from the construction, extension, repair, alteration or removal of fire suppression, automatic sprinkler systems and alarm systems or fire hazards in the structure or on the premises from occupancy or operation."
101.4.6,Section 101 Scope and General Requirements,Energy,Wall|Roof|Slab|Window|Door,Assembly (A)|Business (B)|Educational (E)|Residential (R)|Mercantile (M),sd|dd|cd,assemblies_envelope,architect,The provisions of the International Energy Conservation Code shall apply to all matters governing the design and construction of buildings for energy efficiency.
101.4.7,Section 101 Scope and General Requirements,Existing Buildings,Wall|Slab|Roof,Assembly (A)|Business (B)|Residential (R),sd|dd|cd,occupancy_classification,architect,"The provisions of the International Existing Building Code shall apply to matters governing the repair, alteration, change of occupancy, addition to and relocation of existing buildings."
102.1,Section 102 Applicability,General,BuildingElementProxy,Assembly (A)|Business (B)|Educational (E)|Factory and Industrial (F)|High Hazard (H),cd,occupancy_classification,architect,"Where there is a conflict between a general requirement and a specific requirement, the specific requirement shall be applicable. Where, in any specific case, different sections of this code specify different materials, methods of construction or other requirements, the most restrictive shall govern."
102.2,Section 102 Applicability,Other Laws,BuildingElementProxy,Assembly (A)|Business (B)|Educational (E)|Factory and Industrial (F)|Residential (R),cd,occupancy_classification,architect,"The provisions of this code shall not be deemed to nullify any provisions of local, state or federal law."
102.3,Section 102 Applicability,Application of References,BuildingElementProxy,Assembly (A)|Business (B)|Educational (E)|Factory and Industrial (F)|Residential (R),cd,occupancy_classification,architect,"References to chapter or section numbers, or to provisions not specifically identified by number, shall be construed to refer to such chapter, section or provision of this code."
102.4,Section 102 Applicability,Referenced Codes and Standards,BuildingElementProxy,Assembly (A)|Business (B)|Educational (E)|Factory and Industrial (F)|High Hazard (H),concept|sd|dd|cd,occupancy_classification,architect,The codes and standards referenced in this code shall be considered to be part of the requirements of this code to the prescribed extent of each such reference and as further regulated in Sections 102.4.1 and 102.4.2.
102.4.1,Section 102 Applicability,Conflicts,BuildingElementProxy,Assembly (A)|Business (B)|Educational (E)|Factory and Industrial (F)|Residential (R),cd,occupancy_classification,architect,"Where conflicts occur between provisions of this code and referenced codes and standards, the provisions of this code shall apply."
102.4.2,Section 102 Applicability,Provisions in Referenced Codes and Standards,BuildingElementProxy,Assembly (A)|Business (B)|Educational (E)|Factory and Industrial (F)|High Hazard (H),cd,occupancy_classification,architect,"Where the extent of the reference to a referenced code or standard includes subject matter that is within the scope of this code or the International Codes specified in Section 101.4, the provisions of this code or the International Codes specified in Section 101.4, as applicable, shall take precedence over the provisions in the referenced code or standard."
102.5,Section 102 Applicability,Partial Invalidity,BuildingElementProxy,Assembly (A)|Business (B)|Educational (E)|Factory and Industrial (F)|Residential (R),concept|sd|dd|cd|ca,occupancy_classification,architect,"In the event that any part or provision of this code is held to be illegal or void, this shall not have the effect of making void or illegal any of the other parts or provisions."
102.6,Section 102 Applicability,Existing Structures,BuildingElementProxy,Assembly (A)|Business (B)|Educational (E)|Factory and Industrial (F)|Residential (R),sd|dd|cd,occupancy_classification,architect,"The legal occupancy of any structure existing on the date of adoption of this code shall be permitted to continue without change, except as otherwise specifically provided in this code, the International Existing Building Code, the International Property Maintenance Code or the International Fire Code."
102.6.1,Section 102 Applicability,Buildings Not Previously Occupied,Wall|Slab|Door,Assembly (A)|Business (B)|Residential (R),sd|dd|cd,occupancy_classification,architect,"A building or portion of a building that has not been previously occupied or used for its intended purpose in accordance with the laws in existence at the time of its completion shall comply with the provisions of this code or the International Residential Code, as applicable, for new construction or with any current permit for such occupancy."
102.6.2,Section 102 Applicability,Buildings Previously Occupied,BuildingElementProxy,Assembly (A)|Business (B)|Educational (E)|Factory and Industrial (F)|High Hazard (H),concept|sd|dd,occupancy_classification,architect,"The legal occupancy of any building existing on the date of adoption of this code shall be permitted to continue without change, except as otherwise specifically provided in this code, the International Fire Code or International Property Maintenance Code, or as is deemed necessary by the building official for the general safety and welfare of the occupants and the public."
103.1,Section 103 Code Compliance Agency,Creation of Enforcement Agency,BuildingElementProxy,Assembly (A)|Business (B)|Educational (E)|Factory and Industrial (F)|Residential (R),concept|sd|dd|cd|ca,occupancy_classification,owner,"The [insert name of department] is hereby created and the official in charge thereof shall be known as the building official. The function of the agency shall be the implementation, administration and enforcement of the provisions of this code."
103.2,Section 103 Code Compliance Agency,Appointment,BuildingElementProxy,Assembly (A)|Business (B)|Educational (E)|Factory and Industrial (F)|High Hazard (H),concept,site_planning,owner,The building official shall be appointed by the chief appointing authority of the jurisdiction.
103.3,Section 103 Code Compliance Agency,Deputies,BuildingElementProxy,Assembly (A)|Business (B)|Educational (E)|Factory and Industrial (F)|Residential (R),cd,occupancy_classification,owner,"In accordance with the prescribed procedures of this jurisdiction and with the concurrence of the appointing authority, the building official shall have the authority to appoint a deputy building official, other related technical officers, inspectors and other employees. Such employees shall have powers as delegated by the building official."
104.1,Section 104 Duties and Powers of Building Official,General,BuildingElementProxy,Assembly (A)|Business (B)|Educational (E)|Factory and Industrial (F)|Residential (R),cd|ca,occupancy_classification,owner,The building official is hereby authorized and directed to enforce the provisions of this code.
104.2,Section 104 Duties and Powers of Building Official,Determination of Compliance,BuildingElementProxy,Assembly (A)|Business (B)|Educational (E)|Factory and Industrial (F)|Residential (R),cd,occupancy_classification,architect,"The building official shall have the authority to determine compliance with this code, to render interpretations of this code and to adopt policies and procedures in order to clarify the application of its provisions. Such interpretations, policies and procedures: Shall be in compliance with the intent and purpose of this code.Shall not have the effect of waiving requirements specifically provided for in this code."
104.2.1,Section 104 Duties and Powers of Building Official,Listed Compliance,BuildingElementProxy,Assembly (A)|Business (B)|Educational (E)|Factory and Industrial (F)|Residential (R),cd|ca,finishes_materials,architect,"Where this code or a referenced standard requires equipment, materials, products or services to be listed and a listing standard is specified, the listing shall be based on the specified standard. Where a listing standard is not specified, the listing shall be based on an approved listing criteria. Listings shall be germane to the provision requiring the listing. Installation shall be in accordance with the listing and the manufacturer's instructions, and where required to verify compliance, the listing standard and manufacturer's instructions shall be made available to the building official."
104.2.2,Section 104 Duties and Powers of Building Official,Technical Assistance,BuildingElementProxy,Assembly (A)|Business (B)|Educational (E)|Factory and Industrial (F)|Residential (R),cd|ca,special_construction,owner,"To determine compliance with this code, the building official is authorized to require the owner or owner's authorized agent to provide a technical opinion and report."
104.2.2.1,Section 104 Duties and Powers of Building Official,Cost,BuildingElementProxy,Assembly (A)|Business (B)|Educational (E)|Factory and Industrial (F)|High Hazard (H),cd,special_construction,architect,A technical opinion and report shall be provided without charge to the jurisdiction.
104.2.2.2,Section 104 Duties and Powers of Building Official,Preparer Qualifications,BuildingElementProxy,Assembly (A)|Business (B)|Educational (E)|Factory and Industrial (F)|Residential (R),cd,special_construction,architect,"The technical opinion and report shall be prepared by a qualified engineer, specialist, laboratory or specialty organization acceptable to the building official. The building official is authorized to require design submittals to be prepared by, and bear the stamp of, a registered design professional."
104.2.2.3,Section 104 Duties and Powers of Building Official,Content,BuildingElementProxy,Assembly (A)|Business (B)|Educational (E)|Residential (R)|Mercantile (M),sd|dd|cd,site_planning,architect,"The technical opinion and report shall analyze the properties of the design, operation or use of the building or premises and the facilities and appurtenances situated thereon to identify and propose necessary recommendations."
104.2.2.4,Section 104 Duties and Powers of Building Official,Tests,BuildingElementProxy,Assembly (A)|Business (B)|Educational (E)|Factory and Industrial (F)|Residential (R),cd|ca,special_construction,architect,"Where there is insufficient evidence of compliance with the provisions of this code, the building official shall have the authority to require tests as evidence of compliance. Test methods shall be as specified in this code or by other recognized test standards. In the absence of recognized test standards, the building official shall approve the testing procedures. Such tests shall be performed by a party acceptable to the building official."
104.2.3,Section 104 Duties and Powers of Building Official,"Alternative Materials, Design and Methods of Construction and Equipment",BuildingElementProxy,Assembly (A)|Business (B)|Educational (E)|Factory and Industrial (F)|Residential (R),sd|dd|cd,special_construction,architect,"The provisions of this code are not intended to prevent the installation of any material or to prohibit any design or method of construction not specifically prescribed by this code, provided that any such alternative is not specifically prohibited by this code and has been approved. Exception: Performance-based alternative materials, designs or methods of construction and equipment complying with the International Code Council Performance Code. This exception shall not apply to alternative structural materials or to alternative structural designs."
104.2.3.1,Section 104 Duties and Powers of Building Official,Approval Authority,BuildingElementProxy,Assembly (A)|Business (B)|Educational (E)|Factory and Industrial (F)|Residential (R),sd|dd|cd,special_construction,architect,"An alternative material, design or method of construction shall be approved where the building official finds that the proposed alternative is satisfactory and complies with Sections 104.2.3 through 104.2.3.7, as applicable."
104.2.3.2,Section 104 Duties and Powers of Building Official,Application and Disposition,BuildingElementProxy,Assembly (A)|Business (B)|Educational (E)|Factory and Industrial (F)|Residential (R),sd|dd|cd,special_construction,architect,"Where required, a request to use an alternative material, design or method of construction shall be submitted in writing to the building official for approval. Where the alternative material, design or method of construction is not approved, the building official shall respond in writing, stating the reasons the alternative was not approved."
104.2.3.3,Section 104 Duties and Powers of Building Official,Compliance With Code Intent,BuildingElementProxy,Assembly (A)|Business (B)|Educational (E)|Factory and Industrial (F)|Residential (R),sd|dd|cd,special_construction,architect,"An alternative material, design or method of construction shall comply with the intent of the provisions of this code."
104.2.3.4,Section 104 Duties and Powers of Building Official,Equivalency Criteria,Wall|Slab|Roof,Assembly (A)|Business (B)|Residential (R),sd|dd|cd,special_construction,architect,"An alternative material, design or method of construction shall, for the purpose intended, be not less than the equivalent of that prescribed in this code with respect to all of the following, as applicable: Quality.Strength.Effectiveness.Durability.Safety, other than fire safety.Fire safety."
104.2.3.5,Section 104 Duties and Powers of Building Official,Tests,BuildingElementProxy,Assembly (A)|Business (B)|Educational (E)|Factory and Industrial (F)|Residential (R),sd|dd|cd,special_construction,architect,"Tests conducted to demonstrate equivalency in support of an alternative material, design or method of construction application shall be of a scale that is sufficient to predict performance of the end use configuration. Tests shall be performed by a party acceptable to the building official."
104.2.3.5.1,Section 104 Duties and Powers of Building Official,Fire Tests,Wall|Slab|Roof,Assembly (A)|Business (B)|Educational (E)|Residential (R)|Institutional (I),dd|cd,fire_resistance_smoke_protection,fire_protection_engineer,"Tests conducted to demonstrate equivalent fire safety in support of an alternative material, design or method of construction application shall be of a scale that is sufficient to predict fire safety performance of the end use configuration. Tests shall be performed by a party acceptable to the building official."
104.2.3.6,Section 104 Duties and Powers of Building Official,Reports,BuildingElementProxy,Assembly (A)|Business (B)|Educational (E)|Factory and Industrial (F)|Residential (R),cd,special_construction,architect,"Supporting data, where necessary to assist in the approval of materials or assemblies not specifically provided for in this code, shall comply with Sections 104.2.3.6.1 and 104.2.3.6.2."
104.2.3.6.1,Section 104 Duties and Powers of Building Official,Evaluation Reports,BuildingElementProxy,Assembly (A)|Business (B)|Educational (E)|Factory and Industrial (F)|Residential (R),cd|ca,special_construction,architect,"Evaluation reports shall be issued by an approved agency and use of the evaluation report shall require approval by the building official for the installation. The alternate material, design or method of construction and product evaluated shall be within the scope of the building official's recognition of the approved agency. Criteria used for the evaluation shall be identified within the report and, where required, provided to the building official."
104.2.3.6.2,Section 104 Duties and Powers of Building Official,Other Reports,BuildingElementProxy,Assembly (A)|Business (B)|Educational (E)|Factory and Industrial (F)|Residential (R),cd,special_construction,architect,"Reports not complying with Section 104.2.3.6.1 shall describe criteria, including but not limited to any referenced testing or analysis, used to determine compliance with code intent and justify code equivalence. The report shall be prepared by a qualified engineer, specialist, laboratory or specialty organization acceptable to the building official. The building official is authorized to require design submittals to be prepared by, and bear the stamp of, a registered design professional."
104.2.3.7,Section 104 Duties and Powers of Building Official,Peer Review,BuildingElementProxy,Assembly (A)|Business (B)|Educational (E)|Factory and Industrial (F)|Residential (R),sd|dd|cd,special_construction,architect,"The building official is authorized to require submittal of a peer review report in conjunction with a request to use an alternative material, design or method of construction, prepared by a peer reviewer that is approved by the building official."
104.2.4,Section 104 Duties and Powers of Building Official,Modifications,BuildingElementProxy,Assembly (A)|Business (B)|Educational (E)|Factory and Industrial (F)|Residential (R),cd|ca,occupancy_classification,architect,"Where there are practical difficulties involved in carrying out the provisions of this code, the building official shall have the authority to grant modifications for individual cases, provided that the building official shall first find that one or more special individual reasons make the strict letter of this code impractical, and that the modification is in compliance with the intent and purpose of this code and that such modification does not lessen health, accessibility, life and fire safety or structural requirements. The details of the written request for and action granting modifications shall be recorded and entered in the files of the department of building safety."
104.2.4.1,Section 104 Duties and Powers of Building Official,Flood Hazard Areas,Slab|Wall|Footing,Residential (R)|Business (B)|Assembly (A),sd|dd|cd,site_planning,architect,"The building official shall not grant modifications to any provision required in flood hazard areas as established by Section 1612.3 unless a determination has been made that:A showing of good and sufficient cause that the unique characteristics of the size, configuration or topography of the site render the elevation standards of Section 1612 inappropriate.A determination that failure to grant the variance would result in exceptional hardship by rendering the lot undevelopable.A determination that the granting of a variance will not result in increased flood heights, additional threats to public safety or extraordinary public expense; cause fraud on or victimization of the public; or conflict with existing laws or ordinances.A determination that the variance is the minimum necessary to afford relief, considering the flood hazard.Submission to the applicant of written notice specifying the difference between the design flood elevation and the elevation to which the building is to be built, stating that the cost of flood insurance will be commensurate with the increased risk resulting from the reduced floor elevation, and stating that construction below the design flood elevation increases risks to life and property."
104.3,Section 104 Duties and Powers of Building Official,Applications and Permits,BuildingElementProxy,Assembly (A)|Business (B)|Educational (E)|Factory and Industrial (F)|Residential (R),sd|dd|cd,occupancy_classification,architect,"The building official shall receive applications, review construction documents, issue permits, inspect the premises for which such permits have been issued and enforce compliance with the provisions of this code."
104.3.1,Section 104 Duties and Powers of Building Official,Determination of Substantially Improved or Substantially Damaged Existing Buildings and Structures in Flood Hazard Areas,BuildingElementProxy,Assembly (A)|Business (B)|Educational (E)|Factory and Industrial (F)|Residential (R),sd|dd|cd,site_planning,architect,"For applications for reconstruction, rehabilitation, repair, alteration, addition or other improvement of existing buildings or structures located in flood hazard areas, the building official shall determine if the proposed work constitutes substantial improvement or repair of substantial damage. Where the building official determines that the proposed work constitutes substantial improvement or repair of substantial damage, and where required by this code, the building official shall require the building to meet the requirements of Section 1612, or Section R306 of the International Residential Code, as applicable."
104.4,Section 104 Duties and Powers of Building Official,Right of Entry,BuildingElementProxy,Assembly (A)|Business (B)|Educational (E)|Factory and Industrial (F)|Residential (R),cd,site_planning,owner,"Where it is necessary to make an inspection to enforce the provisions of this code, or where the building official has reasonable cause to believe that there exists in a structure or on a premises a condition that is contrary to or in violation of this code that makes the structure or premises unsafe, dangerous or hazardous, the building official is authorized to enter the structure or premises at all reasonable times to inspect or to perform the duties imposed by this code. If such structure or premises is occupied, the building official shall present credentials to the occupant and request entry. If such structure or premises is unoccupied, the building official shall first make a reasonable effort to locate the owner, the owner's authorized agent or other person having charge or control of the structure or premises and request entry. If entry is refused, the building official shall have recourse to every remedy provided by law to secure entry."
104.4.1,Section 104 Duties and Powers of Building Official,Warrant,BuildingElementProxy,Assembly (A)|Business (B)|Educational (E)|Factory and Industrial (F)|Residential (R),ca,site_planning,owner,"Where the building official has first obtained a proper inspection warrant or other remedy provided by law to secure entry, an owner, the owner's authorized agent, occupant or person having charge, care or control of the structure or premises shall not fail or neglect, after a proper request is made as herein provided, to permit entry therein by the building official for the purposes of inspection and examination pursuant to this code."
104.5,Section 104 Duties and Powers of Building Official,Identification,BuildingElementProxy,Assembly (A)|Business (B)|Educational (E)|Factory and Industrial (F)|Residential (R),ca,site_planning,owner,The building official shall carry proper identification when inspecting structures or premises in the performance of duties under this code.
104.6,Section 104 Duties and Powers of Building Official,Notices and Orders,BuildingElementProxy,Assembly (A)|Business (B)|Educational (E)|Factory and Industrial (F)|Residential (R),cd|ca,occupancy_classification,architect,The building official shall issue necessary notices or orders to ensure compliance with this code. Notices of violations shall be in accordance with Section 114.
104.7,Section 104 Duties and Powers of Building Official,Official Records,BuildingElementProxy,Assembly (A)|Business (B)|Educational (E)|Factory and Industrial (F)|High Hazard (H),cd|ca,site_planning,owner,"The building official shall keep official records as required by Sections 104.7.1 through 104.7.5. Such official records shall be retained for not less than 5 years or for as long as the building or structure to which such records relate remains in existence, unless otherwise provided by other regulations."
104.7.1,Section 104 Duties and Powers of Building Official,Approvals,BuildingElementProxy,Assembly (A)|Business (B)|Educational (E)|Factory and Industrial (F)|Residential (R),cd|ca,site_planning,owner,A record of approvals shall be maintained by the building official and shall be available for public inspection during business hours in accordance with applicable laws.
104.7.2,Section 104 Duties and Powers of Building Official,Inspections,BuildingElementProxy,Assembly (A)|Business (B)|Educational (E)|Factory and Industrial (F)|Residential (R),ca,special_construction,owner,"The building official shall keep a record of each inspection made, including notices and orders issued, showing the findings and disposition of each."
104.7.3,Section 104 Duties and Powers of Building Official,Code Alternatives and Modifications,BuildingElementProxy,Assembly (A)|Business (B)|Educational (E)|Factory and Industrial (F)|Residential (R),cd,special_construction,architect,"Application for alternative materials, design and methods of construction and equipment in accordance with Section 104.2.3; modifications in accordance with Section 104.2.4; and documentation of the final decision of the building official for either shall be in writing and shall be retained in the official records."
104.7.4,Section 104 Duties and Powers of Building Official,Tests,BuildingElementProxy,Assembly (A)|Business (B)|Educational (E)|Residential (R)|Mercantile (M),cd|ca,special_construction,architect,The building official shall keep a record of tests conducted to comply with Sections 104.2.2.4 and 104.2.3.5.
104.7.5,Section 104 Duties and Powers of Building Official,Fees,BuildingElementProxy,Assembly (A)|Business (B)|Educational (E)|Factory and Industrial (F)|High Hazard (H),concept|sd|dd|cd|ca,site_planning,owner,The building official shall keep a record of fees collected and refunded in accordance with Section 109.
104.8,Section 104 Duties and Powers of Building Official,Liability,BuildingElementProxy,Assembly (A)|Business (B)|Educational (E)|Factory and Industrial (F)|Residential (R),cd,special_construction,owner,"The building official, member of the board of appeals or employee charged with the enforcement of this code, while acting for the jurisdiction in good faith and without malice in the discharge of the duties required by this code or other pertinent law or ordinance, shall not thereby be rendered personally liable, either civilly or criminally, and is hereby relieved from personal liability for any damage accruing to persons or property as a result of any act or by reason of any act or omission in the discharge of official duties."
104.8.1,Section 104 Duties and Powers of Building Official,Legal Defense,BuildingElementProxy,Assembly (A)|Business (B)|Educational (E)|Factory and Industrial (F)|Residential (R),cd|ca,special_construction,owner,"Any suit or criminal complaint instituted against any officer or employee because of an act performed by that officer or employee in the lawful discharge of duties under the provisions of this code or other laws or ordinances implemented through the enforcement of this code shall be defended by legal representatives of the jurisdiction until the final termination of the proceedings. The building official or any subordinate shall not be liable for costs in an action, suit or proceeding that is instituted in pursuance of the provisions of this code."
104.9,Section 104 Duties and Powers of Building Official,Approved Materials and Equipment,BuildingElementProxy,Assembly (A)|Business (B)|Educational (E)|Factory and Industrial (F)|Residential (R),sd|dd|cd,finishes_materials,architect,"Materials, equipment and devices approved by the building official shall be constructed and installed in accordance with such approval."
104.9.1,Section 104 Duties and Powers of Building Official,Materials and Equipment Reuse,BuildingElementProxy|Door|Window|Roof|Slab,Assembly (A)|Business (B)|Educational (E)|Residential (R)|Mercantile (M),sd|dd|cd,finishes_materials,architect,"Materials, equipment and devices shall not be reused unless such elements are in good working condition and approved."
105.1,Section 105 Permits,Required,BuildingElementProxy,Assembly (A)|Business (B)|Educational (E)|Factory and Industrial (F)|Residential (R),concept|sd|dd|cd,site_planning,owner,"Any owner or owner's authorized agent who intends to construct, enlarge, alter, repair, move, demolish or change the occupancy of a building or structure, or to erect, install, enlarge, alter, repair, remove, convert or replace any electrical, gas, mechanical or plumbing system, the installation of which is regulated by this code, or to cause any such work to be performed, shall first make application to the building official and obtain the required permit."
105.1.1,Section 105 Permits,Annual Permit,BuildingElementProxy,Business (B)|Factory and Industrial (F)|High Hazard (H)|Institutional (I)|Mercantile (M),cd,mechanical_systems,mechanical_engineer,"Instead of an individual permit for each alteration to an already approved electrical, gas, mechanical or plumbing installation, the building official is authorized to issue an annual permit upon application therefor to any person, firm or corporation regularly employing one or more qualified tradespersons in the building, structure or on the premises owned or operated by the applicant for the permit."
105.1.2,Section 105 Permits,Annual Permit Records,BuildingElementProxy,Assembly (A)|Business (B)|Educational (E)|Factory and Industrial (F)|Residential (R),ca,special_construction,owner,The person to whom an annual permit is issued shall keep a detailed record of alterations made under such annual permit. The building official shall have access to such records at all times or such records shall be filed with the building official as designated.
105.2,Section 105 Permits,Work Exempt From Permit,BuildingElementProxy|Wall|Slab|Window|Covering,Residential (R)|Utility and Miscellaneous (U),sd|dd,site_planning,architect,"Exemptions from permit requirements of this code shall not be deemed to grant authorization for any work to be done in any manner in violation of the provisions of this code or any other laws or ordinances of this jurisdiction. Permits shall not be required for the following: Building: One-story detached accessory structures used as tool and storage sheds, playhouses and similar uses, provided that the floor area is not greater than 120 square feet (11 m2). Fences, other than swimming pool barriers, not over 7 feet (2134 mm) high. Oil derricks. Retaining walls that are not over 4 feet (1219 mm) in height measured from the bottom of the footing to the top of the wall, unless supporting a surcharge or impounding Class I, II or IIIA liquids. Water tanks supported directly on grade if the capacity is not greater than 5,000 gallons (18 925 L) and the ratio of height to diameter or width is not greater than 2:1. Sidewalks and driveways not more than 30 inches (762 mm) above adjacent grade, and not over any basement or story below and are not part of an accessible route. Painting, papering, tiling, carpeting, cabinets, counter tops and similar finish work. Temporary motion picture, television and theater stage sets and scenery. Prefabricated swimming pools accessory to a Group R-3 occupancy that are less than 24 inches (610 mm) deep, are not greater than 5,000 gallons (18 925 L) and are installed entirely above ground. Shade cloth structures constructed for nursery or agricultural purposes, not including service systems. Swings and other playground equipment accessory to detached one- and two-family dwellings. Window awnings in Group R-3 and U occupancies, supported by an exterior wall that do not project more than 54 inches (1372 mm) from the exterior wall and do not require additional support. Nonfixed and movable fixtures, cases, racks, counters and partitions not over 5 feet 9 inches (1753 mm) in height. Electrical: Repairs and maintenance: Minor repair work, including the replacement of lamps or the connection of approved portable electrical equipment to approved permanently installed receptacles. Radio and television transmitting stations: The provisions of this code shall not apply to electrical equipment used for radio and television transmissions, but do apply to equipment and wiring for a power supply and the installations of towers and antennas. Temporary testing systems: A permit shall not be required for the installation of any temporary system required for the testing or servicing of electrical equipment or apparatus. Gas: Portable heating appliance. Replacement of any minor part that does not alter approval of equipment or make such equipment unsafe. Mechanical: Portable heating appliance. Portable ventilation equipment. Portable cooling unit. Steam, hot or chilled water piping within any heating or cooling equipment regulated by this code. Replacement of any part that does not alter its approval or make it unsafe. Portable evaporative cooler. Self-contained refrigeration system containing 10 pounds (4.54 kg) or less of refrigerant and actuated by motors of 1 horsepower (0.75 kW) or less. Plumbing: The stopping of leaks in drains, water, soil, waste or vent pipe, provided, however, that if any concealed trap, drain pipe, water, soil, waste or vent pipe becomes defective and it becomes necessary to remove and replace the same with new material, such work shall be considered as new work and a permit shall be obtained and inspection made as provided in this code. The clearing of stoppages or the repairing of leaks in pipes, valves or fixtures and the removal and reinstallation of water closets, provided that such repairs do not involve or require the replacement or rearrangement of valves, pipes or fixtures."
105.2.1,Section 105 Permits,Emergency Repairs,BuildingElementProxy,Assembly (A)|Business (B)|Educational (E)|Factory and Industrial (F)|Residential (R),ca,special_construction,architect,"Where equipment replacements and repairs must be performed in an emergency situation, the permit application shall be submitted within the next working business day to the building official."
105.2.2,Section 105 Permits,Public Service Agencies,ElectricalSystem|BuildingElementProxy,Utility and Miscellaneous (U),cd|ca,electrical_systems,electrical_engineer,"A permit shall not be required for the installation, alteration or repair of generation, transmission, distribution or metering or other related equipment that is under the ownership and control of public service agencies by established right."
105.3,Section 105 Permits,Application for Permit,BuildingElementProxy,Assembly (A)|Business (B)|Educational (E)|Factory and Industrial (F)|High Hazard (H),concept|sd,site_planning,architect,"To obtain a permit, the applicant shall first file an application therefor in writing on a form furnished by the department of building safety for that purpose. Such application shall:Identify and describe the work to be covered by the permit for which application is made.Describe the land on which the proposed work is to be done by legal description, street address or similar description that will readily identify and definitely locate the proposed building or work.Indicate the use and occupancy for which the proposed work is intended.Be accompanied by construction documents and other information as required in Section 107.State the valuation of the proposed work.Be signed by the applicant, or the applicant's authorized agent.Give such other data and information as required by the building official."
105.3.1,Section 105 Permits,Action on Application,BuildingElementProxy,Assembly (A)|Business (B)|Educational (E)|Factory and Industrial (F)|Residential (R),sd|dd|cd,occupancy_classification,architect,"The building official shall examine or cause to be examined applications for permits and amendments thereto within a reasonable time after filing. If the application or the construction documents do not conform to the requirements of pertinent laws, the building official shall reject such application in writing, stating the reasons therefor. If the building official is satisfied that the proposed work conforms to the requirements of this code and laws and ordinances applicable thereto, the building official shall issue a permit therefor as soon as practicable."
105.3.2,Section 105 Permits,Time Limitation of Application,BuildingElementProxy,Assembly (A)|Business (B)|Educational (E)|Factory and Industrial (F)|High Hazard (H),concept|sd|dd|cd,site_planning,architect,"An application for a permit for any proposed work shall be deemed to have been abandoned 180 days after the date of filing, unless such application has been pursued in good faith or a permit has been issued; except that the building official is authorized to grant one or more extensions of time for additional periods not exceeding 90 days each. The extension shall be requested in writing and justifiable cause demonstrated."
105.4,Section 105 Permits,Validity of Permit,BuildingElementProxy,Assembly (A)|Business (B)|Educational (E)|Factory and Industrial (F)|Residential (R),cd|ca,occupancy_classification,architect,"The issuance or granting of a permit shall not be construed to be a permit for, or an approval of, any violation of any of the provisions of this code or of any other ordinance of the jurisdiction. Permits presuming to give authority to violate or cancel the provisions of this code or other ordinances of the jurisdiction shall not be valid. The issuance of a permit based on construction documents and other data shall not prevent the building official from requiring the correction of errors in the construction documents and other data. The building official is authorized to prevent occupancy or use of a structure where in violation of this code or of any other ordinances of this jurisdiction."
105.5,Section 105 Permits,Expiration,BuildingElementProxy,Assembly (A)|Business (B)|Educational (E)|Factory and Industrial (F)|Residential (R),sd|dd|cd,site_planning,owner,"Every permit issued shall become invalid unless the work on the site authorized by such permit is commenced within 180 days after its issuance, or if the work authorized on the site by such permit is suspended or abandoned for a period of 180 days after the time the work is commenced. The building official is authorized to grant, in writing, one or more extensions of time, for periods not more than 180 days each. The extension shall be requested in writing and justifiable cause demonstrated."
105.6,Section 105 Permits,Suspension or Revocation,BuildingElementProxy,Assembly (A)|Business (B)|Educational (E)|Factory and Industrial (F)|Residential (R),cd|ca,site_planning,architect,"The building official is authorized to suspend or revoke a permit issued under the provisions of this code wherever the permit is issued in error or on the basis of incorrect, inaccurate or incomplete information, or in violation of any ordinance or regulation or any of the provisions of this code."
105.7,Section 105 Permits,Placement of Permit,BuildingElementProxy,Assembly (A)|Business (B)|Educational (E)|Factory and Industrial (F)|High Hazard (H),cd|ca,site_planning,owner,The building permit or copy shall be kept on the site of the work until the completion of the project.
106.1,Section 106 Floor and Roof Design Loads,Live Loads Posted,Slab,Business (B)|Factory and Industrial (F),cd|ca,structural_design,owner,"In commercial or industrial buildings, for each floor or portion thereof designed for live loads exceeding 50 psf (2.40 kN/m2), such design live loads shall be conspicuously posted by the owner or the owner's authorized agent in that part of each story in which they apply, using durable signs. It shall be unlawful to remove or deface such notices."
106.2,Section 106 Floor and Roof Design Loads,Issuance of Certificate of Occupancy,Slab|Beam|Column,Assembly (A)|Business (B)|Educational (E)|Factory and Industrial (F)|Residential (R),cd|ca,means_of_egress,architect,"A certificate of occupancy required by Section 111 shall not be issued until the floor load signs, required by Section 106.1, have been installed."
106.3,Section 106 Floor and Roof Design Loads,Restrictions on Loading,Slab|Roof|Beam|Column,Assembly (A)|Business (B)|Residential (R)|Educational (E)|Mercantile (M),sd|dd|cd,structural_design,structural_engineer,"It shall be unlawful to place, or cause or permit to be placed, on any floor or roof of a building, structure or portion thereof, a load greater than is permitted by this code."
107.1,Section 107 Construction Documents,General,BuildingElementProxy,Assembly (A)|Business (B)|Educational (E)|Factory and Industrial (F)|Residential (R),sd|dd|cd,special_construction,architect,"Submittal documents consisting of construction documents, statement of special inspections, geotechnical report and other data shall be submitted in two or more sets, or in a digital format where allowed by the building official, with each permit application. The construction documents shall be prepared by a registered design professional where required by the statutes of the jurisdiction in which the project is to be constructed. Where special conditions exist, the building official is authorized to require additional construction documents to be prepared by a registered design professional.Exception: The building official is authorized to waive the submission of construction documents and other data not required to be prepared by a registered design professional if it is found that the nature of the work applied for is such that review of construction documents is not necessary to obtain compliance with this code."
107.2,Section 107 Construction Documents,Construction Documents,BuildingElementProxy,Assembly (A)|Business (B)|Educational (E)|Factory and Industrial (F)|High Hazard (H),cd,special_construction,architect,Construction documents shall be in accordance with Sections 107.2.1 through 107.2.8.
107.2.1,Section 107 Construction Documents,Information on Construction Documents,BuildingElementProxy,Assembly (A)|Business (B)|Educational (E)|Factory and Industrial (F)|Residential (R),sd|dd|cd,site_planning,architect,"Construction documents shall be dimensioned and drawn on suitable material. Electronic media documents are permitted to be submitted where approved by the building official. Construction documents shall be of sufficient clarity to indicate the location, nature and extent of the work proposed and show in detail that it will conform to the provisions of this code and relevant laws, ordinances, rules and regulations, as determined by the building official."
107.2.2,Section 107 Construction Documents,Fire Protection System Shop Drawings,BuildingElementProxy,Assembly (A)|Business (B)|Educational (E)|Factory and Industrial (F)|Residential (R),cd|ca,fire_protection_alarm_systems,fire_protection_engineer,Shop drawings for the fire protection systems shall be submitted to indicate conformance to this code and the construction documents and shall be approved prior to the start of system installation. Shop drawings shall contain all information as required by the referenced installation standards in Chapter 9.
107.2.3,Section 107 Construction Documents,Means of Egress,Door|Stair|Ramp|Slab|Wall,Assembly (A)|Business (B)|Educational (E)|Factory and Industrial (F)|Mercantile (M),sd|dd|cd,means_of_egress,architect,"The construction documents shall show in sufficient detail the location, construction, size and character of all portions of the means of egress including the path of the exit discharge to the public way in compliance with the provisions of this code. In other than occupancies in Groups R-2, R-3, and I-1, the construction documents shall designate the number of occupants to be accommodated on every floor, and in all rooms and spaces."
107.2.4,Section 107 Construction Documents,Exterior Wall Envelope,Wall|Covering|Slab|Window|Roof,Assembly (A)|Business (B)|Educational (E)|Factory and Industrial (F)|Residential (R),dd|cd,assemblies_envelope,architect,"Construction documents for all buildings shall describe the exterior wall assembly in sufficient detail to determine compliance with this code. The construction documents shall provide details of the exterior wall assembly as required, including flashing, intersections with dissimilar materials, corners, end details, control joints, intersections at roof, eaves or parapets, means of drainage, water-resistive barrier and details around openings. The construction documents shall include manufacturer's installation instructions that provide supporting documentation that the proposed penetration and opening details described in the construction documents maintain the weather resistance of the exterior wall assembly. The supporting documentation shall fully describe the exterior wall assembly that was tested, where applicable, as well as the test procedure used."
107.2.5,Section 107 Construction Documents,Exterior Balconies and Elevated Walking Surfaces,Slab|Railing|Covering,Assembly (A)|Business (B)|Educational (E)|Residential (R),sd|dd|cd,assemblies_envelope,architect,"Where balconies or other elevated walking surfaces have weather-exposed surfaces, and the structural framing is protected by an impervious moisture barrier, the construction documents shall include details for all elements of the impervious moisture barrier system. The construction documents shall include manufacturer's installation instructions."
107.2.6,Section 107 Construction Documents,Site Plan,BuildingElementProxy,Assembly (A)|Business (B)|Educational (E)|Factory and Industrial (F)|Residential (R),sd|dd|cd,site_planning,architect,"The construction documents submitted with the application for permit shall be accompanied by a site plan showing to scale the size and location of new construction and existing structures on the site, distances from lot lines, the established street grades and the proposed finished grades and, as applicable, flood hazard areas, floodways, and design flood elevations; and it shall be drawn in accordance with an accurate boundary line survey. In the case of demolition, the site plan shall show construction to be demolished and the location and size of existing structures and construction that are to remain on the site or plot. The building official is authorized to waive or modify the requirement for a site plan where the application for permit is for alteration or repair or where otherwise warranted."
107.2.6.1,Section 107 Construction Documents,Design Flood Elevations,Slab|Wall|Footing,Assembly (A)|Business (B)|Residential (R)|Mercantile (M)|Storage (S),sd|dd|cd,site_planning,civil_engineer,"Where design flood elevations are not specified, they shall be established in accordance with Section 1612.3.1."
107.2.7,Section 107 Construction Documents,Structural Information,Wall|Beam|Column|Slab|Footing,Assembly (A)|Business (B)|Educational (E)|Factory and Industrial (F)|Residential (R),cd,structural_design,structural_engineer,The construction documents shall provide the information specified in Section 1603.
107.2.8,Section 107 Construction Documents,Relocatable Buildings,BuildingElementProxy,Assembly (A)|Business (B)|Educational (E)|Residential (R)|Mercantile (M),sd|dd|cd,special_construction,architect,Construction documents for relocatable buildings shall comply with Section 3112.
107.3,Section 107 Construction Documents,Examination of Documents,BuildingElementProxy,Assembly (A)|Business (B)|Educational (E)|Institutional (I)|Residential (R),sd|dd|cd,occupancy_classification,architect,The building official shall examine or cause to be examined the accompanying submittal documents and shall ascertain by such examinations whether the construction indicated and described is in accordance with the requirements of this code and other pertinent laws or ordinances.
107.3.1,Section 107 Construction Documents,Approval of Construction Documents,BuildingElementProxy,Assembly (A)|Business (B)|Educational (E)|Factory and Industrial (F)|High Hazard (H),cd|ca,site_planning,architect,"When the building official issues a permit, the construction documents shall be approved, in writing or by stamp, as ""Reviewed for Code Compliance."" One set of construction documents so reviewed shall be retained by the building official. The other set shall be returned to the applicant, shall be kept at the site of work and shall be open to inspection by the building official or a duly authorized representative."
107.3.2,Section 107 Construction Documents,Previous Approvals,BuildingElementProxy,Assembly (A)|Business (B)|Educational (E)|Factory and Industrial (F)|High Hazard (H),cd,occupancy_classification,architect,"This code shall not require changes in the construction documents, construction or designated occupancy of a structure for which a lawful permit has been heretofore issued or otherwise lawfully authorized, and the construction of which has been pursued in good faith within 180 days after the effective date of this code and has not been abandoned."
107.3.3,Section 107 Construction Documents,Phased Approval,Footing|Slab|Wall|Column,Assembly (A)|Business (B)|Educational (E)|Factory and Industrial (F)|Residential (R),cd|ca,site_planning,architect,"The building official is authorized to issue a permit for the construction of foundations or any other part of a building or structure before the construction documents for the whole building or structure have been submitted, provided that adequate information and detailed statements have been filed complying with pertinent requirements of this code. The holder of such permit for the foundation or other parts of a building or structure shall proceed at the holder's own risk with the building operation and without assurance that a permit for the entire structure will be granted."
107.3.4,Section 107 Construction Documents,Design Professional in Responsible Charge,BuildingElementProxy,Assembly (A)|Business (B)|Educational (E)|Factory and Industrial (F)|Residential (R),sd|dd|cd,occupancy_classification,architect,"Where it is required that documents be prepared by a registered design professional, the building official shall be authorized to require the owner or the owner's authorized agent to engage and designate on the building permit application a registered design professional who shall act as the registered design professional in responsible charge. If the circumstances require, the owner or the owner's authorized agent shall designate a substitute registered design professional in responsible charge who shall perform the duties required of the original registered design professional in responsible charge. The building official shall be notified in writing by the owner or the owner's authorized agent if the registered design professional in responsible charge is changed or is unable to continue to perform the duties.The registered design professional in responsible charge shall be responsible for reviewing and coordinating submittal documents prepared by others, including phased and deferred submittal items, for compatibility with the design of the building."
107.3.4.1,Section 107 Construction Documents,Deferred Submittals,BuildingElementProxy,Assembly (A)|Business (B)|Educational (E)|Factory and Industrial (F)|Residential (R),cd|ca,special_construction,architect,Deferral of any submittal items shall have the prior approval of the building official. The registered design professional in responsible charge shall list the deferred submittals on the construction documents for review by the building official.Documents for deferred submittal items shall be submitted to the registered design professional in responsible charge who shall review them and forward them to the building official with a notation indicating that the deferred submittal documents have been reviewed and found to be in general conformance to the design of the building. The deferred submittal items shall not be installed until the deferred submittal documents have been approved by the building official.
107.4,Section 107 Construction Documents,Amended Construction Documents,BuildingElementProxy,Assembly (A)|Business (B)|Educational (E)|Factory and Industrial (F)|Residential (R),cd|ca,special_construction,architect,"Work shall be installed in accordance with the approved construction documents, and any changes made during construction that are not in compliance with the approved construction documents shall be resubmitted for approval as an amended set of construction documents."
107.5,Section 107 Construction Documents,Retention of Construction Documents,BuildingElementProxy,Assembly (A)|Business (B)|Educational (E)|Factory and Industrial (F)|High Hazard (H),cd|ca,special_construction,owner,"One set of approved construction documents shall be retained by the building official for a period of not less than 180 days from date of completion of the permitted work, or as required by state or local laws."
108.1,"Section 108 Temporary Structures, Equipment and Systems",General,BuildingElementProxy,Utility and Miscellaneous (U),sd|dd|cd,special_construction,architect,"The building official is authorized to issue a permit for temporary structures, equipment or systems. Such permits shall be limited as to time of service, but shall not be permitted for more than 180 days. The building official is authorized to grant extensions for demonstrated cause. Structures designed to comply with Section 3103.6 shall not be in service for a period of more than 1 year unless an extension of time is granted."
108.2,"Section 108 Temporary Structures, Equipment and Systems",Conformance,BuildingElementProxy|Wall|Roof,Utility and Miscellaneous (U),sd|dd|cd,special_construction,architect,Temporary structures shall comply with the requirements in Section 3103.
108.3,"Section 108 Temporary Structures, Equipment and Systems",Temporary Service Utilities,BuildingElementProxy,Assembly (A)|Business (B)|Educational (E)|Factory and Industrial (F)|Mercantile (M),cd|ca,electrical_systems,electrical_engineer,The building official is authorized to give permission to temporarily supply service utilities in accordance with Section 112.
108.4,"Section 108 Temporary Structures, Equipment and Systems",Termination of Approval,BuildingElementProxy,Assembly (A)|Business (B)|Educational (E)|Factory and Industrial (F)|Mercantile (M),cd|ca,special_construction,architect,"The building official is authorized to terminate such permit for a temporary structure, equipment or system and to order the same to be discontinued."
109.1,Section 109 Fees,Payment of Fees,BuildingElementProxy,Assembly (A)|Business (B)|Educational (E)|Factory and Industrial (F)|High Hazard (H),sd|dd|cd,site_planning,owner,"A permit shall not be valid until the fees prescribed by law have been paid, nor shall an amendment to a permit be released until the additional fee, if any, has been paid."
109.2,Section 109 Fees,Schedule of Permit Fees,BuildingElementProxy,Assembly (A)|Business (B)|Educational (E)|Factory and Industrial (F)|Residential (R),concept|sd|dd|cd,site_planning,architect,"Where a permit is required, a fee for each permit shall be paid as required, in accordance with the schedule as established by the applicable governing authority."
109.3,Section 109 Fees,Permit Valuations,BuildingElementProxy,Assembly (A)|Business (B)|Educational (E)|Factory and Industrial (F)|High Hazard (H),cd,site_planning,owner,"The applicant for a permit shall provide an estimated value of the work for which the permit is being issued at time of application. Such estimated valuations shall include the total value of work, including materials and labor, for which the permit is being issued, such as electrical, gas, mechanical, plumbing equipment and permanent systems. Where, in the opinion of the building official, the valuation is underestimated, the permit shall be denied, unless the applicant can show detailed estimates acceptable to the building official. The building official shall have the authority to adjust the final valuation for permit fees."
109.4,Section 109 Fees,Work Commencing Before Permit Issuance,BuildingElementProxy,Assembly (A)|Business (B)|Educational (E)|Factory and Industrial (F)|High Hazard (H),concept|sd,site_planning,architect,Any person who commences any work before obtaining the necessary permits shall be subject to a fee established by the building official that shall be in addition to the required permit fees.
109.5,Section 109 Fees,Related Fees,BuildingElementProxy,Assembly (A)|Business (B)|Educational (E)|Factory and Industrial (F)|Residential (R),concept|sd,site_planning,architect,"The payment of the fee for the construction, alteration, removal or demolition for work done in connection to or concurrently with the work authorized by a building permit shall not relieve the applicant or holder of the permit from the payment of other fees that are prescribed by law."
109.6,Section 109 Fees,Refunds,BuildingElementProxy,Assembly (A)|Business (B)|Educational (E)|Factory and Industrial (F)|High Hazard (H),cd,site_planning,owner,The building official is authorized to establish a refund policy.
110.1,Section 110 Inspections,General,Wall|Slab|Roof,Assembly (A)|Business (B)|Educational (E)|Residential (R)|Mercantile (M),ca,special_construction,owner,Construction or work for which a permit is required shall be subject to inspection by the building official and such construction or work shall remain visible and able to be accessed for inspection purposes until approved. Approval as a result of an inspection shall not be construed to be an approval of a violation of the provisions of this code or of other ordinances of the jurisdiction. Inspections presuming to give authority to violate or cancel the provisions of this code or of other ordinances of the jurisdiction shall not be valid. It shall be the duty of the owner or the owner's authorized agent to cause the work to remain visible and able to be accessed for inspection purposes. Neither the building official nor the jurisdiction shall be liable for expense entailed in the removal or replacement of any material required to allow inspection.
110.2,Section 110 Inspections,Preliminary Inspection,BuildingElementProxy|Site,Assembly (A)|Business (B)|Educational (E)|Factory and Industrial (F)|Residential (R),concept|sd,site_planning,architect,"Before issuing a permit, the building official is authorized to examine or cause to be examined buildings, structures and sites for which an application has been filed."
110.3,Section 110 Inspections,Required Inspections,Wall|Slab|Roof,Assembly (A)|Business (B)|Educational (E)|Residential (R)|Mercantile (M),cd|ca,special_construction,architect,"The building official, upon notification, shall make the inspections set forth in Sections 110.3.1 through 110.3.12."
110.3.1,Section 110 Inspections,Footing and Foundation Inspection,Footing|DeepFoundation,Assembly (A)|Business (B)|Educational (E)|Factory and Industrial (F)|Residential (R),cd|ca,structural_design,structural_engineer,"Footing and foundation inspections shall be made after excavations for footings are complete and any required reinforcing steel is in place. For concrete foundations, any required forms shall be in place prior to inspection. Materials for the foundation shall be on the job, except where concrete is ready mixed in accordance with ASTM C94, the concrete need not be on the job."
110.3.2,Section 110 Inspections,Concrete Slab and Under-Floor Inspection,Slab|Footing,Assembly (A)|Business (B)|Educational (E)|Factory and Industrial (F)|High Hazard (H),cd|ca,structural_design,structural_engineer,"Concrete slab and under-floor inspections shall be made after in-slab or under-floor reinforcing steel and building service equipment, conduit, piping accessories and other ancillary equipment items are in place, but before any concrete is placed or floor sheathing installed, including the subfloor."
110.3.3,Section 110 Inspections,Lowest Floor Elevation,Slab|Footing,Assembly (A)|Business (B)|Educational (E)|Residential (R)|Storage (S),sd|dd|cd,site_planning,civil_engineer,"In flood hazard areas, upon placement of the lowest floor, including the basement, and prior to further vertical construction, the elevation certification required in Section 1612.4 or the International Residential Code, as applicable, shall be submitted to the building official."
110.3.4,Section 110 Inspections,Frame Inspection,Wall|Beam|Column|Roof|Slab,Assembly (A)|Business (B)|Educational (E)|Residential (R),cd|ca,structural_design,structural_engineer,"Framing inspections shall be made after the roof deck or sheathing, all framing, fire-blocking and bracing are in place and pipes, chimneys and vents to be concealed are complete and the rough electrical, plumbing, heating wires, pipes and ducts are approved."
110.3.5,Section 110 Inspections,"Types IV-A, IV-B and IV-C Connection Protection Inspection",Beam|Column|Covering,Assembly (A)|Business (B)|Educational (E)|Factory and Industrial (F)|Residential (R),cd|ca,fire_resistance_smoke_protection,architect,"In buildings of Types IV-A, IV-B and IV-C construction, where connection fire-resistance ratings are provided by wood cover calculated to meet the requirements of Section 2304.10.1, inspection of the wood cover shall be made after the cover is installed, but before any other coverings or finishes are installed."
110.3.6,Section 110 Inspections,Lath and Gypsum Panel Product Inspection,Wall|Covering|Slab,Assembly (A)|Business (B)|Educational (E)|Residential (R)|Institutional (I),cd|ca,finishes_materials,architect,"Lath and gypsum panel product inspections shall be made after lathing and gypsum panel products, interior and exterior, are in place, but before any plastering is applied or gypsum panel product joints and fasteners are taped and finished.Exception: Gypsum panel products that are not part of a fire-resistance-rated assembly or a shear assembly."
110.3.7,Section 110 Inspections,Weather-Exposed Balcony and Walking Surface Waterproofing,Slab|Covering|Railing,Assembly (A)|Business (B)|Educational (E)|Residential (R)|Mercantile (M),cd|ca,assemblies_envelope,architect,"Where balconies or other elevated walking surfaces have weather-exposed surfaces, and the structural framing is protected by an impervious moisture barrier, all elements of the impervious moisture barrier system shall not be concealed until inspected and approved.Exception: Where special inspections are provided in accordance with Section 1705.1.1, Item 3."
110.3.8,Section 110 Inspections,Fire- And Smoke-Resistant Penetrations,Wall|Slab|Door,Assembly (A)|Business (B)|Institutional (I)|Residential (R),cd|ca,fire_resistance_smoke_protection,architect,"Protection of joints and penetrations in fire-resistance-rated assemblies, smoke barriers and smoke partitions shall not be concealed from view until inspected and approved."
110.3.9,Section 110 Inspections,Energy Efficiency Inspections,Slab|Wall|Roof|Window|Covering,Assembly (A)|Business (B)|Educational (E)|Factory and Industrial (F)|Residential (R),cd|ca,assemblies_envelope,architect,"Inspections shall be made to determine compliance with Chapter 13 and shall include, but not be limited to, inspections for: building thermal envelope insulation R- and U-values, fenestration U-value, duct system R-value, and HVAC and water-heating equipment efficiency."
110.3.10,Section 110 Inspections,Other Inspections,BuildingElementProxy,Assembly (A)|Business (B)|Educational (E)|Factory and Industrial (F)|Residential (R),ca,special_construction,architect,"In addition to the inspections specified in Sections 110.3.1 through 110.3.9, the building official is authorized to make or require other inspections of any construction work to ascertain compliance with the provisions of this code and other laws that are enforced by the department of building safety."
110.3.11,Section 110 Inspections,Special Inspections,StructuralElement|Slab|Column|Beam|Footing,Assembly (A)|Business (B)|Educational (E)|Factory and Industrial (F)|Residential (R),cd|ca,structural_design,structural_engineer,"For special inspections, see Chapter 17."
110.3.12,Section 110 Inspections,Final Inspection,BuildingElementProxy,Assembly (A)|Business (B)|Educational (E)|Factory and Industrial (F)|Residential (R),ca,special_construction,architect,The final inspection shall be made after all work required by the building permit is completed.
110.3.12.1,Section 110 Inspections,Flood Hazard Documentation,Slab|Footing|Wall,Assembly (A)|Business (B)|Educational (E)|Residential (R)|Storage (S),cd|ca,site_planning,civil_engineer,"If located in a flood hazard area, documentation of the elevation of the lowest floor or the elevation of dry floodproofing, if applicable, as required in Section 1612.4 shall be submitted to the building official prior to the final inspection."
110.4,Section 110 Inspections,Inspection Agencies,BuildingElementProxy,Assembly (A)|Business (B)|Educational (E)|Factory and Industrial (F)|Residential (R),cd|ca,special_construction,owner,"The building official is authorized to accept reports of approved inspection agencies, provided that such agencies satisfy the requirements as to qualifications and reliability."
110.5,Section 110 Inspections,Inspection Requests,BuildingElementProxy,Assembly (A)|Business (B)|Educational (E)|Factory and Industrial (F)|Residential (R),ca,site_planning,owner,It shall be the duty of the holder of the building permit or their duly authorized agent to notify the building official when work is ready for inspection. It shall be the duty of the permit holder to provide access to and means for inspections of such work that are required by this code.
110.6,Section 110 Inspections,Approval Required,BuildingElementProxy,Assembly (A)|Business (B)|Educational (E)|Factory and Industrial (F)|Residential (R),ca,special_construction,architect,"Work shall not be done beyond the point indicated in each successive inspection without first obtaining the approval of the building official. The building official, upon notification, shall make the requested inspections and shall either indicate the portion of the construction that is satisfactory as completed, or notify the permit holder or the permit holder's agent wherein the same fails to comply with this code. Any portions that do not comply shall be corrected and such portion shall not be covered or concealed until authorized by the building official."
111.1,Section 111 Certificate of Occupancy,Change of Occupancy,BuildingElementProxy,Assembly (A)|Business (B)|Educational (E)|Factory and Industrial (F)|Residential (R),sd|dd|cd,occupancy_classification,architect,"A building or structure shall not be used or occupied in whole or in part, and a change of occupancy of a building or structure or portion thereof shall not be made, until the building official has issued a certificate of occupancy therefor as provided herein. Issuance of a certificate of occupancy shall not be construed as an approval of a violation of the provisions of this code or of other ordinances of the jurisdiction. Certificates presuming to give authority to violate or cancel the provisions of this code or other ordinances of the jurisdiction shall not be valid.Exception: Certificates of occupancy are not required for work exempt from permits in accordance with Section 105.2."
111.2,Section 111 Certificate of Occupancy,Certificate Issued,BuildingElementProxy,Assembly (A)|Business (B)|Educational (E)|Factory and Industrial (F)|High Hazard (H),ca,occupancy_classification,architect,"After the building official inspects the building or structure and does not find violations of the provisions of this code or other laws that are enforced by the department, the building official shall issue a certificate of occupancy that contains the following:The permit number.The address of the structure.The name and address of the owner or the owner's authorized agent.A description of that portion of the structure for which the certificate is issued.A statement that the described portion of the structure has been inspected for compliance with the requirements of this code.The name of the building official.The edition of the code under which the permit was issued.The use and occupancy, in accordance with the provisions of Chapter 3.The type of construction as defined in Chapter 6.The design occupant load.Where an automatic sprinkler system is provided, whether the sprinkler system is required.Any special stipulations and conditions of the building permit."
111.3,Section 111 Certificate of Occupancy,Temporary Occupancy,BuildingElementProxy,Assembly (A)|Business (B)|Educational (E)|Factory and Industrial (F)|Residential (R),ca,occupancy_classification,architect,"The building official is authorized to issue a temporary certificate of occupancy before the completion of the entire work covered by the permit, provided that such portion or portions shall be occupied safely. The building official shall set a time period during which the temporary certificate of occupancy is valid."
111.4,Section 111 Certificate of Occupancy,Revocation,BuildingElementProxy,Assembly (A)|Business (B)|Educational (E)|Factory and Industrial (F)|Residential (R),cd|ca,occupancy_classification,architect,"The building official is authorized to suspend or revoke a certificate of occupancy or completion issued under the provisions of this code, in writing, wherever the certificate is issued in error, or on the basis of incorrect information supplied, or where it is determined that the building or structure or portion thereof is in violation of the provisions of this code or other ordinance of the jurisdiction."
112.1,Section 112 Service Utilities,Connection of Service Utilities,BuildingElementProxy,Business (B)|Residential (R)|Mercantile (M)|Institutional (I)|Assembly (A),cd|ca,mechanical_systems,mechanical_engineer,"A person shall not make connections from a utility, a source of energy, fuel, or power, or a water system or sewer system to any building or system that is regulated by this code for which a permit is required, until approved by the building official."
112.2,Section 112 Service Utilities,Temporary Connection,BuildingElementProxy,Assembly (A)|Business (B)|Educational (E)|Factory and Industrial (F)|Residential (R),cd|ca,mechanical_systems,mechanical_engineer,"The building official shall have the authority to authorize the temporary connection of the building or system to the utility, the source of energy, fuel, or power, or the water system or sewer system for the purpose of testing systems or for use under a temporary approval."
112.3,Section 112 Service Utilities,Authority to Disconnect Service Utilities,BuildingElementProxy,Assembly (A)|Business (B)|Educational (E)|Factory and Industrial (F)|Residential (R),cd|ca,electrical_systems,electrical_engineer,"The building official shall have the authority to authorize disconnection of utility service to the building, structure or system regulated by this code and the referenced codes and standards in case of emergency where necessary to eliminate an immediate hazard to life or property or where such utility connection has been made without the approval required by Section 112.1 or 112.2. The building official shall notify the serving utility, and wherever possible the owner or the owner's authorized agent and occupant of the building, structure or service system of the decision to disconnect prior to taking such action. If not notified prior to disconnecting, the owner or the owner's authorized agent or occupant of the building, structure or service system shall be notified in writing, as soon as practical thereafter."
113.1,Section 113 Means of Appeals,General,BuildingElementProxy,Assembly (A)|Business (B)|Educational (E)|Residential (R)|Mercantile (M),cd,occupancy_classification,owner,"In order to hear and decide appeals of orders, decisions or determinations made by the building official relative to the application and interpretation of this code, there shall be and is hereby created a board of appeals. The board of appeals shall be appointed by the applicable governing authority and shall hold office at its pleasure. The board shall adopt rules of procedure for conducting its business and shall render all decisions and findings in writing to the appellant with a duplicate copy to the building official."
113.2,Section 113 Means of Appeals,Limitations on Authority,BuildingElementProxy,Assembly (A)|Business (B)|Educational (E)|Factory and Industrial (F)|Residential (R),cd,special_construction,architect,"An application for appeal shall be based on a claim that the true intent of this code or the rules legally adopted thereunder have been incorrectly interpreted, the provisions of this code do not fully apply or an equivalent or better form of construction is proposed. The board shall not have authority to waive requirements of this code."
113.3,Section 113 Means of Appeals,Qualifications,BuildingElementProxy,Assembly (A)|Business (B)|Educational (E)|Factory and Industrial (F)|Residential (R),cd,occupancy_classification,owner,The board of appeals shall consist of members who are qualified by experience and training on matters pertaining to the provisions of this code and who are not employees of the jurisdiction.
113.4,Section 113 Means of Appeals,Administration,BuildingElementProxy,Assembly (A)|Business (B)|Educational (E)|Factory and Industrial (F)|High Hazard (H),cd,site_planning,owner,The building official shall take action without delay in accordance with the decision of the board.
114.1,Section 114 Violations,Unlawful Acts,BuildingElementProxy,Assembly (A)|Business (B)|Educational (E)|Residential (R)|Mercantile (M),sd|dd|cd|ca,occupancy_classification,architect,"It shall be unlawful for any person, firm or corporation to erect, construct, alter, extend, repair, move, remove, demolish or occupy any building, structure or equipment regulated by this code, or cause same to be done, in conflict with or in violation of any of the provisions of this code."
114.2,Section 114 Violations,Notice of Violation,BuildingElementProxy,Assembly (A)|Business (B)|Educational (E)|Factory and Industrial (F)|High Hazard (H),cd|ca,occupancy_classification,owner,"The building official is authorized to serve a notice of violation or order on the person responsible for the erection, construction, alteration, extension, repair, moving, removal, demolition or occupancy of a building or structure in violation of the provisions of this code, or in violation of a permit or certificate issued under the provisions of this code. Such order shall direct the discontinuance of the illegal action or condition and the abatement of the violation."
114.3,Section 114 Violations,Prosecution of Violation,BuildingElementProxy,Assembly (A)|Business (B)|Educational (E)|Factory and Industrial (F)|Residential (R),cd|ca,occupancy_classification,owner,"If the notice of violation is not complied with promptly, the building official is authorized to request the legal counsel of the jurisdiction to institute the appropriate proceeding at law or in equity to restrain, correct or abate such violation, or to require the removal or termination of the unlawful occupancy of the building or structure in violation of the provisions of this code or of the order or direction made pursuant thereto."
114.4,Section 114 Violations,Violation Penalties,BuildingElementProxy,Assembly (A)|Business (B)|Educational (E)|Factory and Industrial (F)|Residential (R),cd|ca,special_construction,owner,"Any person who violates a provision of this code or fails to comply with any of the requirements thereof or who erects, constructs, alters or repairs a building or structure in violation of the approved construction documents or directive of the building official, or of a permit or certificate issued under the provisions of this code, shall be subject to penalties as prescribed by law."
115.1,Section 115 Stop Work Order,Authority,BuildingElementProxy,Assembly (A)|Business (B)|Educational (E)|Factory and Industrial (F)|Residential (R),cd|ca,special_construction,architect,"Where the building official finds any work regulated by this code being performed in a manner contrary to the provisions of this code or in a dangerous or unsafe manner, the building official is authorized to issue a stop work order."
115.2,Section 115 Stop Work Order,Issuance,BuildingElementProxy,Assembly (A)|Business (B)|Educational (E)|Factory and Industrial (F)|Residential (R),ca,site_planning,owner,"The stop work order shall be in writing and shall be given to the owner of the property, the owner's authorized agent or the person performing the work. Upon issuance of a stop work order, the cited work shall immediately cease. The stop work order shall state the reason for the order and the conditions under which the cited work is authorized to resume."
115.3,Section 115 Stop Work Order,Emergencies,BuildingElementProxy,Assembly (A)|Business (B)|Educational (E)|Factory and Industrial (F)|Residential (R),cd|ca,special_construction,owner,"Where an emergency exists, the building official shall not be required to give a written notice prior to stopping the work."
115.4,Section 115 Stop Work Order,Failure to Comply,BuildingElementProxy,Assembly (A)|Business (B)|Educational (E)|Factory and Industrial (F)|High Hazard (H),ca,special_construction,owner,"Any person who shall continue any work after having been served with a stop work order, except such work as that person is directed to perform to remove a violation or unsafe condition, shall be subject to fines established by the authority having jurisdiction."
116.1,Section 116 Unsafe Structures and Equipment,Unsafe Conditions,Wall|Door|Window|Slab|Roof,Assembly (A)|Business (B)|Residential (R)|Institutional (I)|Mercantile (M),sd|dd|cd,fire_resistance_smoke_protection,architect,"Structures or existing equipment that are or hereafter become unsafe, insanitary or deficient because of inadequate means of egress facilities, inadequate light and ventilation, or that constitute a fire hazard, or are otherwise dangerous to human life or the public welfare, or that involve illegal or improper occupancy or inadequate maintenance, shall be deemed an unsafe condition. Unsafe structures shall be taken down and removed or made safe, as the building official deems necessary and as provided for in this section. A vacant structure that is not secured against unauthorized entry shall be deemed unsafe."
116.2,Section 116 Unsafe Structures and Equipment,Record,BuildingElementProxy,Assembly (A)|Business (B)|Educational (E)|Factory and Industrial (F)|Residential (R),ca,occupancy_classification,architect,The building official shall cause a report to be filed on an unsafe condition. The report shall state the occupancy of the structure and the nature of the unsafe condition.
116.3,Section 116 Unsafe Structures and Equipment,Notice,BuildingElementProxy,Assembly (A)|Business (B)|Educational (E)|Factory and Industrial (F)|High Hazard (H),ca,special_construction,owner,"If an unsafe condition is found, the building official shall serve on the owner of the structure, or the owner's authorized agent, a written notice that describes the condition deemed unsafe and specifies the required repairs or improvements to be made to abate the unsafe condition, or that requires the unsafe structure to be demolished within a stipulated time. Such notice shall require the person thus notified to declare immediately to the building official acceptance or rejection of the terms of the order."
116.4,Section 116 Unsafe Structures and Equipment,Method of Service,BuildingElementProxy,Assembly (A)|Business (B)|Educational (E)|Factory and Industrial (F)|High Hazard (H),cd,site_planning,owner,"Such notice shall be deemed properly served where a copy thereof is served in accordance with one of the following methods:A copy is delivered to the owner personally.A copy is sent by certified or registered mail addressed to the owner at the last known address with the return receipt requested.A copy is delivered in any other manner as prescribed by local law.If the certified or registered letter is returned showing that the letter was not delivered, a copy thereof shall be posted in a conspicuous place in or about the structure affected by such notice. Service of such notice in the foregoing manner on the owner's authorized agent shall constitute service of notice on the owner."
116.5,Section 116 Unsafe Structures and Equipment,Restoration or Abatement,Wall|Roof|Slab|Door|Window,Assembly (A)|Business (B)|Educational (E)|Residential (R)|Mercantile (M),sd|dd|cd|ca,special_construction,architect,"Where the structure or equipment determined to be unsafe by the building official is restored to a safe condition, the owner, the owner's authorized agent, operator or occupant of a structure, premises or equipment deemed unsafe by the building official shall abate or cause to be abated or corrected such unsafe conditions either by repair, rehabilitation, demolition or other approved corrective action. To the extent that repairs, alterations or additions are made or a change of occupancy occurs during the restoration of the structure, such repairs, alterations, additions and change of occupancy shall comply with the requirements of the International Existing Building Code."
