id,section,title,ifc_type,occupancy,design_phase,code_category,primary_responsibility,body
201.1,Section 201 General,Scope,BuildingElementProxy,Assembly (A)|Business (B)|Educational (E)|Factory and Industrial (F)|Residential (R),concept|sd|dd|cd,occupancy_classification,architect,"Unless otherwise expressly stated, the following words and terms shall, for the purposes of this code, have the meanings shown in this chapter."
201.2,Section 201 General,Interchangeability,BuildingElementProxy,Assembly (A)|Business (B)|Educational (E)|Factory and Industrial (F)|Residential (R),concept|sd|dd|cd,occupancy_classification,architect,"Words used in the present tense include the future; words stated in the masculine gender include the feminine and neuter; the singular number includes the plural and the plural, the singular."
201.3,Section 201 General,Terms Defined in Other Codes,BuildingElementProxy,Assembly (A)|Business (B)|Educational (E)|Factory and Industrial (F)|High Hazard (H),cd,occupancy_classification,architect,"Where terms are not defined in this code and are defined in the other Florida Building Codes, such terms shall have the meanings ascribed to them in those codes."
201.4,Section 201 General,Terms Not Defined,BuildingElementProxy,Assembly (A)|Business (B)|Educational (E)|Factory and Industrial (F)|Residential (R),concept|sd|dd|cd,occupancy_classification,architect,"Where terms are not defined through the methods authorized by this chapter, such terms shall have ordinarily accepted meanings such as the context implies."
202.0,Chapter 2 Definitions,General Definitions,,,,none,none,"[A] ADDITION. An extension or increase in floor area, number of stories, or height of a building or structure. [A] ALTERATION. Any construction or renovation to an existing structure other than a repair or addition. Alterations are classified as Level 1, Level 2 and Level 3. [A] APPROVED. Acceptable to the code official or authority having jurisdiction. [A] CHANGE OF OCCUPANCY. Any of the following shall be considered as a change of occupancy where the current Florida Building Code, Building requires a greater degree of accessibility, structural strength, fire protection, means of egress, safety, ventilation or sanitation than is existing in the current building or structure: Any change in the occupancy classification of a building or structure. Any change in the purpose of, or a change in the level of activity within, a building or structure. A change of use. [A] CHANGE OF USE. A change in the use of a building or a portion of a building, within the same group classification, for which there is a change in application of the code requirements. [A] CODE OFFICIAL. The officer or other designated authority charged with the administration and enforcement of this code. [BS] DANGEROUS. Any building, structure or portion thereof that meets any of the conditions described below shall be deemed dangerous: The building or structure has collapsed, has partially collapsed, has moved off its foundation, or lacks the necessary support of the ground. There exists a significant risk of collapse, detachment or dislodgement of any portion, member, appurtenance or ornamentation of the building or structure under permanent, routine or frequent loads; under actual loads already in effect; or under wind, rain, flood or other environmental loads when such loads are imminent. [A] DEFERRED SUBMITTAL. Those portions of the design that are not submitted at the time of the application and that are to be submitted to the code official within a specified period. EQUIPMENT OR FIXTURE. Any plumbing, heating, electrical, ventilating, air conditioning, refrigerating, and fire protection equipment, and elevators, dumb waiters, escalators, boilers, pressure vessels and other mechanical facilities or installations that are related to building services. Equipment or fixture shall not include manufacturing, production, or process equipment, but shall include connections from building service to process equipment. [A] EXISTING BUILDING. A building erected prior to the date of adoption of the appropriate code, or one for which a legal building permit has been issued. EXISTING STRUCTURES. A structure erected prior to the date of adoption of the appropriate code, or one for which a legal building permit has been issued. [BF] EXTERIOR WALL COVERING. A material or assembly of materials applied on the exterior side of exterior walls for the purpose of providing a weather-resisting barrier, insulation or for aesthetics, including but not limited to, veneers, siding, exterior insulation and finish systems, architectural trim and embellishments such as cornices, soffits, facias, gutters and leaders. [BF] EXTERIOR WALL ENVELOPE. A system or assembly of exterior wall components, including exterior wall finish materials, that provides protection of the building structural members, including framing and sheathing materials, and conditioned interior space, from the detrimental effects of the exterior environment. [A] FACILITY. All or any portion of buildings, structures, site improvements, elements and pedestrian or vehicular routes located on a site. [BS] FLOOD HAZARD AREA. The greater of the following two areas: The area within a flood plain subject to a 1-percent or greater chance of flooding in any year. The area designated as a flood hazard area on a community's flood hazard map, or otherwise legally designated. [A] HISTORIC BUILDING. See Section 1202. LOAD-BEARING ELEMENT. Any column, girder, beam, joist, truss, rafter, wall, floor or roof sheathing that supports any vertical load in addition to its own weight or any lateral load. LOWEST FLOOR. The lowest floor of the lowest enclosed area, including basement, but excluding any unfinished or flood-resistant enclosure, usable solely for vehicle parking, building access or limited storage, provided that such enclosure is not built so as to render the structure in violation of Section 1612 of the Florida Building Code, Building or Section R322 of the Florida Building Code, Residential, as applicable. MAJOR STRUCTURAL COMPONENT. Means a building's load-bearing elements, primary structural members, and primary structural systems. MILESTONE INSPECTION. Means a structural inspection of a building, including an inspection of load-bearing elements and the primary structural members and primary structural systems as those terms are defined in s. 627.706, Florida Statutes, by an architect licensed under Chapter 481, Florida Statutes or engineer licensed under Chapter 471, Florida Statutes, authorized to practice in this state for the purposes of attesting to the life safety and adequacy of the structural components of the building and, to the extent reasonably possible, determining the general structural condition of the building as it affects the safety of such building, including a determination of any necessary maintenance, repair, or replacement of any structural component of the building. The purpose of such inspection is not to determine if the condition of an existing building is in compliance with the Florida Building Code or the firesafety code. The milestone inspection services may be provided by a team of professionals with an architect or engineer acting as a registered design professional in responsible charge with all work and reports signed and sealed by the appropriate qualified team member. NONCOMBUSTIBLE MATERIAL. A material that, under the conditions anticipated, will not ignite or burn when subjected to fire or heat. Materials that pass ASTM E136 are considered noncombustible materials. POSITIVE ROOF DRAINAGE. The drainage condition in which consideration has been made for all loading deflections of the roof deck, and sufficient slope has been provided to ensure drainage of the roof within 48 hours of precipitation. PRIMARY FUNCTION. A primary function is a major activity for which the facility is intended. Areas that contain a primary function include, but are not limited to, the customer services lobby of a bank, the dining area of a cafeteria, the meeting rooms in a conference center, as well as offices and other work areas in which the activities of the public accommodation or other private entity using the facility are carried out. Mechanical rooms, boiler rooms, supply storage rooms, employee lounges or locker rooms, janitorial closets, entrances, corridors and restrooms are not areas containing a primary function. PRIMARY STRUCTURAL MEMBER. Means a structural element designed to provide support and stability for the vertical or lateral loads of the overall structure. PRIMARY STRUCTURAL SYSTEM. Means an assemblage of primary structural members. [A] REGISTERED DESIGN PROFESSIONAL IN RESPONSIBLE CHARGE. A registered design professional engaged by the owner to review and coordinate certain aspects of the project, as determined by the code official, for compatibility with the design of the building or structure, including submittal documents prepared by others, deferred submittal documents and phased submittal documents. REHABILITATION. Any work, as described by the categories of work defined herein, undertaken in an existing building. RELOCATABLE BUILDING. A partially or completely assembled building constructed and designed to be reused multiple times and transported to different building sites. [A] REPAIR. The reconstruction or renewal of any part of an existing building for the purpose of its maintenance or to correct damage. [BS] REROOFING. The process of recovering or replacing an existing roof covering. See ""Roof recover"" and ""Roof replacement."" RETROFIT. The voluntary process of strengthening or improving buildings or structures, or individual components of buildings or structures, for the purpose of making existing conditions better serve the purpose for which they were originally intended or the purpose that current building codes intend. [BS] ROOF RECOVER. The process of installing an additional roof covering over a prepared existing roof covering without removing the existing roof covering. [BS] ROOF REPAIR. Reconstruction or renewal of any part of an existing roof for the purposes of its maintenance. [BS] ROOF REPLACEMENT. The process of removing the existing roof covering, repairing any damaged substrate and installing a new roof covering. ROOF SECTION. A separating or division of a roof area by existing expansion joints, parapet walls, flashing (excluding valley), difference of elevation (excluding hips and ridges), roof type or legal description; not including the roof area required for a proper tie-off with an existing system. SITE-BUILT SINGLE-FAMILY RESIDENTIAL STRUCTURES. This term shall mean site-built single-family detached residential structures. [BS] SUBSTANTIAL DAMAGE. For the purpose of determining compliance with the flood provisions of this code, damage of any origin sustained by a structure whereby the cost of restoring the structure to its before-damaged condition would equal or exceed 50 percent of the market value of the structure before the damage occurred. [BS] SUBSTANTIAL IMPROVEMENT. For the purpose of determining compliance with the flood provisions of this code, any repair, alteration, addition, or improvement of a building or structure, the cost of which equals or exceeds 50 percent of the market value of the structure, before the improvement or repair is started. If the structure has sustained substantial damage, any repairs are considered substantial improvement regardless of the actual repair work performed. The term does not, however, include either: Any project for improvement of a building required to correct existing health, sanitary, or safety code violations identified by the code official and that is the minimum necessary to ensure safe living conditions; or Any alteration of a historic structure, provided that the alteration will not preclude the structure's continued designation as a historic structure. SUBSTANTIAL STRUCTURAL ALTERATION. An alteration in which the gravity load-carrying structural elements altered within a 5-year period support more than 30 percent of the total floor and roof area of the building or structure. The areas to be counted toward the 30 percent shall include mezzanines, penthouses and in-filled courts and shafts tributary to the altered structural elements. [BS] SUBSTANTIAL STRUCTURAL DAMAGE. A condition where one or both of the following apply: The vertical elements of the lateral force-resisting system have suffered damage such that the lateral load-carrying capacity of any story in any horizontal direction has been reduced by more than 33 percent from its predamage condition. The capacity of any vertical component carrying gravity load, or any group of such components, that supports more than 30 percent of the total area of the structure's floor(s) and roof(s) has been reduced more than 20 percent from its predamage condition and the remaining capacity of such affected elements, with respect to all dead and live loads, is less than 75 percent of that required by the Florida Building Code, Building for new buildings of similar structure, purpose and location. SUBSTANTIAL STRUCTURAL DETERIORATION. Means a condition that negatively affects a building's structural condition and integrity or a major structural component whose condition meets the definition of Dangerous. The term does not include surface imperfections such as cracks, distortion, sagging, deflections, misalignment, signs of leakage, or peeling of finishes unless the licensed engineer or architect performing the phase one or phase two inspection determines that such surface imperfections are a sign of substantial structural deterioration. TECHNICALLY INFEASIBLE. An alteration of a facility that has little likelihood of being accomplished because the existing structural conditions require the removal or alteration of a load-bearing member that is an essential part of the structural frame, or because other existing physical or site constraints prohibit modification or addition of elements, spaces or features which are in full and strict compliance with the minimum requirements for new construction and which are necessary to provide accessibility. UNSAFE. Buildings, structures or equipment that are unsanitary, or that are deficient due to inadequate means of egress facilities, inadequate light and ventilation, or that constitute a fire hazard, or in which the structure or individual structural members meet the definition of ""Dangerous,"" or that are otherwise dangerous to human life or the public welfare, or that involve illegal or improper occupancy or inadequate maintenance shall be deemed unsafe. A vacant structure that is not secured against entry shall be deemed unsafe. WORK AREA. That portion or portions of a building consisting of all reconfigured spaces as indicated on the construction documents. Work area excludes other portions of the building where incidental work entailed by the intended work must be performed and portions of the building where work not initially intended by the owner is specifically required by this code."
